edge_id,供方,需方,占比或金额,财年,边等级,证据文件,锚点,验证状态,备注
D001,光迅科技,客户第1名(匿名),15.24%(1006682470.32元),2023,半边槽位,demo/data/002281/002281__em_光迅科技_em__2023_2023年年度报告.pdf,https://static.cninfo.com.cn/finalpage/2024-04-26/1219826062.PDF,demo管线自动生成-未人工复核,原始名称:客户一
D002,光迅科技,客户第2名(匿名),7.65%(505298944.03元),2023,半边槽位,demo/data/002281/002281__em_光迅科技_em__2023_2023年年度报告.pdf,https://static.cninfo.com.cn/finalpage/2024-04-26/1219826062.PDF,demo管线自动生成-未人工复核,原始名称:客户二
D003,光迅科技,烽火通信科技股份有限公司,5.59%(369224117.92元),2023,实边,demo/data/002281/002281__em_光迅科技_em__2023_2023年年度报告.pdf,https://static.cninfo.com.cn/finalpage/2024-04-26/1219826062.PDF,demo管线自动生成-未人工复核,关联方锁定候选
D004,光迅科技,客户第4名(匿名),4.10%(270770349.70元),2023,半边槽位,demo/data/002281/002281__em_光迅科技_em__2023_2023年年度报告.pdf,https://static.cninfo.com.cn/finalpage/2024-04-26/1219826062.PDF,demo管线自动生成-未人工复核,原始名称:客户四
D005,光迅科技,客户第5名(匿名),3.63%(240067597.33元),2023,半边槽位,demo/data/002281/002281__em_光迅科技_em__2023_2023年年度报告.pdf,https://static.cninfo.com.cn/finalpage/2024-04-26/1219826062.PDF,demo管线自动生成-未人工复核,原始名称:客户五
D006,供应商第1名(匿名),光迅科技,4.77%(207738426.48元),2023,半边槽位,demo/data/002281/002281__em_光迅科技_em__2023_2023年年度报告.pdf,https://static.cninfo.com.cn/finalpage/2024-04-26/1219826062.PDF,demo管线自动生成-未人工复核,原始名称:供应商 1
D007,供应商第2名(匿名),光迅科技,3.05%(132707616.65元),2023,半边槽位,demo/data/002281/002281__em_光迅科技_em__2023_2023年年度报告.pdf,https://static.cninfo.com.cn/finalpage/2024-04-26/1219826062.PDF,demo管线自动生成-未人工复核,原始名称:供应商 2
D008,供应商第3名(匿名),光迅科技,3.01%(130930766.09元),2023,半边槽位,demo/data/002281/002281__em_光迅科技_em__2023_2023年年度报告.pdf,https://static.cninfo.com.cn/finalpage/2024-04-26/1219826062.PDF,demo管线自动生成-未人工复核,原始名称:供应商 3
D009,供应商第4名(匿名),光迅科技,2.83%(122951930.75元),2023,半边槽位,demo/data/002281/002281__em_光迅科技_em__2023_2023年年度报告.pdf,https://static.cninfo.com.cn/finalpage/2024-04-26/1219826062.PDF,demo管线自动生成-未人工复核,原始名称:供应商 4
D010,供应商第5名(匿名),光迅科技,2.42%(105514811.68元),2023,半边槽位,demo/data/002281/002281__em_光迅科技_em__2023_2023年年度报告.pdf,https://static.cninfo.com.cn/finalpage/2024-04-26/1219826062.PDF,demo管线自动生成-未人工复核,原始名称:供应商 5
D011,光迅科技,客户第1名(匿名),12.42%(1123216719.41元),2024,半边槽位,demo/data/002281/002281__em_光迅科技_em__2024_2024年年度报告.pdf,https://static.cninfo.com.cn/finalpage/2025-04-24/1223234851.PDF,demo管线自动生成-未人工复核,原始名称:客户 1
D012,光迅科技,客户第2名(匿名),9.47%(856489091.23元),2024,半边槽位,demo/data/002281/002281__em_光迅科技_em__2024_2024年年度报告.pdf,https://static.cninfo.com.cn/finalpage/2025-04-24/1223234851.PDF,demo管线自动生成-未人工复核,原始名称:客户 2
D013,光迅科技,客户第3名(匿名),5.97%(540184946.18元),2024,半边槽位,demo/data/002281/002281__em_光迅科技_em__2024_2024年年度报告.pdf,https://static.cninfo.com.cn/finalpage/2025-04-24/1223234851.PDF,demo管线自动生成-未人工复核,原始名称:客户 3
D014,光迅科技,客户第4名(匿名),5.61%(507468712.22元),2024,半边槽位,demo/data/002281/002281__em_光迅科技_em__2024_2024年年度报告.pdf,https://static.cninfo.com.cn/finalpage/2025-04-24/1223234851.PDF,demo管线自动生成-未人工复核,原始名称:客户 4
D015,光迅科技,客户第5名(匿名),4.45%(402076321.03元),2024,半边槽位,demo/data/002281/002281__em_光迅科技_em__2024_2024年年度报告.pdf,https://static.cninfo.com.cn/finalpage/2025-04-24/1223234851.PDF,demo管线自动生成-未人工复核,原始名称:客户 5
D016,供应商第1名(匿名),光迅科技,10.08%(899264700.94元),2024,半边槽位,demo/data/002281/002281__em_光迅科技_em__2024_2024年年度报告.pdf,https://static.cninfo.com.cn/finalpage/2025-04-24/1223234851.PDF,demo管线自动生成-未人工复核,原始名称:供应商 1
D017,供应商第2名(匿名),光迅科技,5.96%(531734607.49元),2024,半边槽位,demo/data/002281/002281__em_光迅科技_em__2024_2024年年度报告.pdf,https://static.cninfo.com.cn/finalpage/2025-04-24/1223234851.PDF,demo管线自动生成-未人工复核,原始名称:供应商 2
D018,供应商第3名(匿名),光迅科技,5.85%(521504849.00元),2024,半边槽位,demo/data/002281/002281__em_光迅科技_em__2024_2024年年度报告.pdf,https://static.cninfo.com.cn/finalpage/2025-04-24/1223234851.PDF,demo管线自动生成-未人工复核,原始名称:供应商 3
D019,供应商第4名(匿名),光迅科技,3.14%(280333201.42元),2024,半边槽位,demo/data/002281/002281__em_光迅科技_em__2024_2024年年度报告.pdf,https://static.cninfo.com.cn/finalpage/2025-04-24/1223234851.PDF,demo管线自动生成-未人工复核,原始名称:供应商 4
D020,供应商第5名(匿名),光迅科技,2.97%(264939351.72元),2024,半边槽位,demo/data/002281/002281__em_光迅科技_em__2024_2024年年度报告.pdf,https://static.cninfo.com.cn/finalpage/2025-04-24/1223234851.PDF,demo管线自动生成-未人工复核,原始名称:供应商 5
D021,光迅科技,客户第1名(匿名),15.16%(1807934600.51元),2025,半边槽位,demo/data/002281/002281__em_光迅科技_em__2025_2025年年度报告.pdf,https://static.cninfo.com.cn/finalpage/2026-04-23/1225148212.PDF,demo管线自动生成-未人工复核,原始名称:客户 1
D022,光迅科技,客户第2名(匿名),11.83%(1411719583.75元),2025,半边槽位,demo/data/002281/002281__em_光迅科技_em__2025_2025年年度报告.pdf,https://static.cninfo.com.cn/finalpage/2026-04-23/1225148212.PDF,demo管线自动生成-未人工复核,原始名称:客户 2
D023,光迅科技,客户第3名(匿名),9.67%(1153229231.18元),2025,半边槽位,demo/data/002281/002281__em_光迅科技_em__2025_2025年年度报告.pdf,https://static.cninfo.com.cn/finalpage/2026-04-23/1225148212.PDF,demo管线自动生成-未人工复核,原始名称:客户 3
D024,光迅科技,客户第4名(匿名),8.15%(971977854.41元),2025,半边槽位,demo/data/002281/002281__em_光迅科技_em__2025_2025年年度报告.pdf,https://static.cninfo.com.cn/finalpage/2026-04-23/1225148212.PDF,demo管线自动生成-未人工复核,原始名称:客户 4
D025,光迅科技,客户第5名(匿名),3.68%(438552234.37元),2025,半边槽位,demo/data/002281/002281__em_光迅科技_em__2025_2025年年度报告.pdf,https://static.cninfo.com.cn/finalpage/2026-04-23/1225148212.PDF,demo管线自动生成-未人工复核,原始名称:客户 5
D026,供应商第1名(匿名),光迅科技,8.81%(960791526.94元),2025,半边槽位,demo/data/002281/002281__em_光迅科技_em__2025_2025年年度报告.pdf,https://static.cninfo.com.cn/finalpage/2026-04-23/1225148212.PDF,demo管线自动生成-未人工复核,原始名称:供应商 1
D027,供应商第2名(匿名),光迅科技,5.87%(640290662.04元),2025,半边槽位,demo/data/002281/002281__em_光迅科技_em__2025_2025年年度报告.pdf,https://static.cninfo.com.cn/finalpage/2026-04-23/1225148212.PDF,demo管线自动生成-未人工复核,原始名称:供应商 2
D028,供应商第3名(匿名),光迅科技,4.34%(473876577.94元),2025,半边槽位,demo/data/002281/002281__em_光迅科技_em__2025_2025年年度报告.pdf,https://static.cninfo.com.cn/finalpage/2026-04-23/1225148212.PDF,demo管线自动生成-未人工复核,原始名称:供应商 3
D029,供应商第4名(匿名),光迅科技,4.19%(456597551.95元),2025,半边槽位,demo/data/002281/002281__em_光迅科技_em__2025_2025年年度报告.pdf,https://static.cninfo.com.cn/finalpage/2026-04-23/1225148212.PDF,demo管线自动生成-未人工复核,原始名称:供应商 4
D030,供应商第5名(匿名),光迅科技,3.46%(377894225.06元),2025,半边槽位,demo/data/002281/002281__em_光迅科技_em__2025_2025年年度报告.pdf,https://static.cninfo.com.cn/finalpage/2026-04-23/1225148212.PDF,demo管线自动生成-未人工复核,原始名称:供应商 5
D031,中际旭创,客户第1名(匿名),36.30%(3890566262.38元),2023,半边槽位,demo/data/300308/300308__em_中际旭创_em__2023_2023年年度报告.pdf,https://static.cninfo.com.cn/finalpage/2024-04-22/1219703026.PDF,demo管线自动生成-未人工复核,原始名称:客户 A
D032,中际旭创,客户第2名(匿名),12.03%(1289720577.91元),2023,半边槽位,demo/data/300308/300308__em_中际旭创_em__2023_2023年年度报告.pdf,https://static.cninfo.com.cn/finalpage/2024-04-22/1219703026.PDF,demo管线自动生成-未人工复核,原始名称:客户 B
D033,中际旭创,客户第3名(匿名),11.53%(1235663919.23元),2023,半边槽位,demo/data/300308/300308__em_中际旭创_em__2023_2023年年度报告.pdf,https://static.cninfo.com.cn/finalpage/2024-04-22/1219703026.PDF,demo管线自动生成-未人工复核,原始名称:客户 C
D034,中际旭创,客户第4名(匿名),10.45%(1120102993.17元),2023,半边槽位,demo/data/300308/300308__em_中际旭创_em__2023_2023年年度报告.pdf,https://static.cninfo.com.cn/finalpage/2024-04-22/1219703026.PDF,demo管线自动生成-未人工复核,原始名称:客户 D
D035,中际旭创,客户第5名(匿名),3.40%(364782116.20元),2023,半边槽位,demo/data/300308/300308__em_中际旭创_em__2023_2023年年度报告.pdf,https://static.cninfo.com.cn/finalpage/2024-04-22/1219703026.PDF,demo管线自动生成-未人工复核,原始名称:客户 E
D036,供应商第1名(匿名),中际旭创,27.82%(1840569759.37元),2023,半边槽位,demo/data/300308/300308__em_中际旭创_em__2023_2023年年度报告.pdf,https://static.cninfo.com.cn/finalpage/2024-04-22/1219703026.PDF,demo管线自动生成-未人工复核,原始名称:供应商 A
D037,供应商第2名(匿名),中际旭创,9.31%(615961653.11元),2023,半边槽位,demo/data/300308/300308__em_中际旭创_em__2023_2023年年度报告.pdf,https://static.cninfo.com.cn/finalpage/2024-04-22/1219703026.PDF,demo管线自动生成-未人工复核,原始名称:供应商 B
D038,供应商第3名(匿名),中际旭创,5.25%(347012348.26元),2023,半边槽位,demo/data/300308/300308__em_中际旭创_em__2023_2023年年度报告.pdf,https://static.cninfo.com.cn/finalpage/2024-04-22/1219703026.PDF,demo管线自动生成-未人工复核,原始名称:供应商 C
D039,供应商第4名(匿名),中际旭创,4.52%(298870646.57元),2023,半边槽位,demo/data/300308/300308__em_中际旭创_em__2023_2023年年度报告.pdf,https://static.cninfo.com.cn/finalpage/2024-04-22/1219703026.PDF,demo管线自动生成-未人工复核,原始名称:供应商 D
D040,供应商第5名(匿名),中际旭创,2.53%(167289038.16元),2023,半边槽位,demo/data/300308/300308__em_中际旭创_em__2023_2023年年度报告.pdf,https://static.cninfo.com.cn/finalpage/2024-04-22/1219703026.PDF,demo管线自动生成-未人工复核,原始名称:供应商 E
D041,中际旭创,客户第1名(匿名),22.43%(5351299636.29元),2024,半边槽位,demo/data/300308/300308__em_中际旭创_em__2024_2024年年度报告.pdf,https://static.cninfo.com.cn/finalpage/2025-04-21/1223155483.PDF,demo管线自动生成-未人工复核,原始名称:客户 A
D042,中际旭创,客户第2名(匿名),21.30%(5082442859.17元),2024,半边槽位,demo/data/300308/300308__em_中际旭创_em__2024_2024年年度报告.pdf,https://static.cninfo.com.cn/finalpage/2025-04-21/1223155483.PDF,demo管线自动生成-未人工复核,原始名称:客户 B
D043,中际旭创,客户第3名(匿名),18.77%(4477918180.43元),2024,半边槽位,demo/data/300308/300308__em_中际旭创_em__2024_2024年年度报告.pdf,https://static.cninfo.com.cn/finalpage/2025-04-21/1223155483.PDF,demo管线自动生成-未人工复核,原始名称:客户 C
D044,中际旭创,客户第4名(匿名),7.75%(1849477639.78元),2024,半边槽位,demo/data/300308/300308__em_中际旭创_em__2024_2024年年度报告.pdf,https://static.cninfo.com.cn/finalpage/2025-04-21/1223155483.PDF,demo管线自动生成-未人工复核,原始名称:客户 D
D045,中际旭创,客户第5名(匿名),4.50%(1074489199.41元),2024,半边槽位,demo/data/300308/300308__em_中际旭创_em__2024_2024年年度报告.pdf,https://static.cninfo.com.cn/finalpage/2025-04-21/1223155483.PDF,demo管线自动生成-未人工复核,原始名称:客户 E
D046,供应商第1名(匿名),中际旭创,29.97%(4904475500.43元),2024,半边槽位,demo/data/300308/300308__em_中际旭创_em__2024_2024年年度报告.pdf,https://static.cninfo.com.cn/finalpage/2025-04-21/1223155483.PDF,demo管线自动生成-未人工复核,原始名称:供应商 A
D047,供应商第2名(匿名),中际旭创,7.70%(1259847837.69元),2024,半边槽位,demo/data/300308/300308__em_中际旭创_em__2024_2024年年度报告.pdf,https://static.cninfo.com.cn/finalpage/2025-04-21/1223155483.PDF,demo管线自动生成-未人工复核,原始名称:供应商 B
D048,供应商第3名(匿名),中际旭创,5.73%(937358151.35元),2024,半边槽位,demo/data/300308/300308__em_中际旭创_em__2024_2024年年度报告.pdf,https://static.cninfo.com.cn/finalpage/2025-04-21/1223155483.PDF,demo管线自动生成-未人工复核,原始名称:供应商 C
D049,供应商第4名(匿名),中际旭创,4.50%(736373333.46元),2024,半边槽位,demo/data/300308/300308__em_中际旭创_em__2024_2024年年度报告.pdf,https://static.cninfo.com.cn/finalpage/2025-04-21/1223155483.PDF,demo管线自动生成-未人工复核,原始名称:供应商 D
D050,供应商第5名(匿名),中际旭创,3.06%(501370759.44元),2024,半边槽位,demo/data/300308/300308__em_中际旭创_em__2024_2024年年度报告.pdf,https://static.cninfo.com.cn/finalpage/2025-04-21/1223155483.PDF,demo管线自动生成-未人工复核,原始名称:供应商 E
D051,中际旭创,客户第1名(匿名),24.06%(9201495755.91元),2025,半边槽位,demo/data/300308/300308__em_中际旭创_em__2025_2025年年度报告.pdf,https://static.cninfo.com.cn/finalpage/2026-03-31/1225056459.PDF,demo管线自动生成-未人工复核,原始名称:客户 A
D052,中际旭创,客户第2名(匿名),18.26%(6981202208.21元),2025,半边槽位,demo/data/300308/300308__em_中际旭创_em__2025_2025年年度报告.pdf,https://static.cninfo.com.cn/finalpage/2026-03-31/1225056459.PDF,demo管线自动生成-未人工复核,原始名称:客户 B
D053,中际旭创,客户第3名(匿名),14.22%(5438189570.59元),2025,半边槽位,demo/data/300308/300308__em_中际旭创_em__2025_2025年年度报告.pdf,https://static.cninfo.com.cn/finalpage/2026-03-31/1225056459.PDF,demo管线自动生成-未人工复核,原始名称:客户 C
D054,中际旭创,客户第4名(匿名),11.34%(4337902496.40元),2025,半边槽位,demo/data/300308/300308__em_中际旭创_em__2025_2025年年度报告.pdf,https://static.cninfo.com.cn/finalpage/2026-03-31/1225056459.PDF,demo管线自动生成-未人工复核,原始名称:客户 D
D055,中际旭创,客户第5名(匿名),8.10%(3096780769.22元),2025,半边槽位,demo/data/300308/300308__em_中际旭创_em__2025_2025年年度报告.pdf,https://static.cninfo.com.cn/finalpage/2026-03-31/1225056459.PDF,demo管线自动生成-未人工复核,原始名称:客户 E;关联方锁定候选;解匿线索:PINEWAVE
D056,供应商第1名(匿名),中际旭创,35.76%(8885926791.46元),2025,半边槽位,demo/data/300308/300308__em_中际旭创_em__2025_2025年年度报告.pdf,https://static.cninfo.com.cn/finalpage/2026-03-31/1225056459.PDF,demo管线自动生成-未人工复核,原始名称:供应商 A
D057,供应商第2名(匿名),中际旭创,4.95%(1230014576.53元),2025,半边槽位,demo/data/300308/300308__em_中际旭创_em__2025_2025年年度报告.pdf,https://static.cninfo.com.cn/finalpage/2026-03-31/1225056459.PDF,demo管线自动生成-未人工复核,原始名称:供应商 B
D058,供应商第3名(匿名),中际旭创,4.50%(1118969898.81元),2025,半边槽位,demo/data/300308/300308__em_中际旭创_em__2025_2025年年度报告.pdf,https://static.cninfo.com.cn/finalpage/2026-03-31/1225056459.PDF,demo管线自动生成-未人工复核,原始名称:供应商 C
D059,供应商第4名(匿名),中际旭创,3.18%(789695027.30元),2025,半边槽位,demo/data/300308/300308__em_中际旭创_em__2025_2025年年度报告.pdf,https://static.cninfo.com.cn/finalpage/2026-03-31/1225056459.PDF,demo管线自动生成-未人工复核,原始名称:供应商 D
D060,供应商第5名(匿名),中际旭创,3.11%(772252396.31元),2025,半边槽位,demo/data/300308/300308__em_中际旭创_em__2025_2025年年度报告.pdf,https://static.cninfo.com.cn/finalpage/2026-03-31/1225056459.PDF,demo管线自动生成-未人工复核,原始名称:供应商 E
D061,天孚通信,"Fabrinet Co.,Ltd.",53.61%(1039308855.95元),2023,实边,demo/data/300394/300394__em_天孚通信_em__2023_2023年年度报告.pdf,https://static.cninfo.com.cn/finalpage/2024-04-22/1219698777.PDF,demo管线自动生成-未人工复核,
D062,天孚通信,客户第2名(匿名),8.42%(62726780.70元),2023,半边槽位,demo/data/300394/300394__em_天孚通信_em__2023_2023年年度报告.pdf,https://static.cninfo.com.cn/finalpage/2024-04-22/1219698777.PDF,demo管线自动生成-未人工复核,原始名称:第二名
D063,天孚通信,客户第3名(匿名),8.84%(171267203.92元),2023,半边槽位,demo/data/300394/300394__em_天孚通信_em__2023_2023年年度报告.pdf,https://static.cninfo.com.cn/finalpage/2024-04-22/1219698777.PDF,demo管线自动生成-未人工复核,原始名称:第三名
D064,天孚通信,客户第4名(匿名),5.67%(109827978.79元),2023,半边槽位,demo/data/300394/300394__em_天孚通信_em__2023_2023年年度报告.pdf,https://static.cninfo.com.cn/finalpage/2024-04-22/1219698777.PDF,demo管线自动生成-未人工复核,原始名称:第四名
D065,天孚通信,客户第5名(匿名),2.40%(46582299.14元),2023,半边槽位,demo/data/300394/300394__em_天孚通信_em__2023_2023年年度报告.pdf,https://static.cninfo.com.cn/finalpage/2024-04-22/1219698777.PDF,demo管线自动生成-未人工复核,原始名称:第五名
D066,供应商第1名(匿名),天孚通信,29.37%(218839393.32元),2023,半边槽位,demo/data/300394/300394__em_天孚通信_em__2023_2023年年度报告.pdf,https://static.cninfo.com.cn/finalpage/2024-04-22/1219698777.PDF,demo管线自动生成-未人工复核,原始名称:第一名
D067,供应商第2名(匿名),天孚通信,8.42%(62726780.70元),2023,半边槽位,demo/data/300394/300394__em_天孚通信_em__2023_2023年年度报告.pdf,https://static.cninfo.com.cn/finalpage/2024-04-22/1219698777.PDF,demo管线自动生成-未人工复核,原始名称:第二名
D068,供应商第3名(匿名),天孚通信,7.56%(56331651.42元),2023,半边槽位,demo/data/300394/300394__em_天孚通信_em__2023_2023年年度报告.pdf,https://static.cninfo.com.cn/finalpage/2024-04-22/1219698777.PDF,demo管线自动生成-未人工复核,原始名称:第三名
D069,供应商第4名(匿名),天孚通信,4.82%(35880346.65元),2023,半边槽位,demo/data/300394/300394__em_天孚通信_em__2023_2023年年度报告.pdf,https://static.cninfo.com.cn/finalpage/2024-04-22/1219698777.PDF,demo管线自动生成-未人工复核,原始名称:第四名
D070,供应商第5名(匿名),天孚通信,4.56%(33999347.68元),2023,半边槽位,demo/data/300394/300394__em_天孚通信_em__2023_2023年年度报告.pdf,https://static.cninfo.com.cn/finalpage/2024-04-22/1219698777.PDF,demo管线自动生成-未人工复核,原始名称:第五名
D071,天孚通信,Fabrinet,61.69%(2005917035.59元),2024,实边,demo/data/300394/300394__em_天孚通信_em__2024_2024年年度报告.pdf,https://static.cninfo.com.cn/finalpage/2025-04-21/1223152632.PDF,demo管线自动生成-未人工复核,
D072,天孚通信,客户第2名(匿名),8.87%(288559087.49元),2024,半边槽位,demo/data/300394/300394__em_天孚通信_em__2024_2024年年度报告.pdf,https://static.cninfo.com.cn/finalpage/2025-04-21/1223152632.PDF,demo管线自动生成-未人工复核,原始名称:第二名
D073,天孚通信,客户第3名(匿名),6.43%(208997464.25元),2024,半边槽位,demo/data/300394/300394__em_天孚通信_em__2024_2024年年度报告.pdf,https://static.cninfo.com.cn/finalpage/2025-04-21/1223152632.PDF,demo管线自动生成-未人工复核,原始名称:第三名
D074,天孚通信,客户第4名(匿名),6.25%(203373612.74元),2024,半边槽位,demo/data/300394/300394__em_天孚通信_em__2024_2024年年度报告.pdf,https://static.cninfo.com.cn/finalpage/2025-04-21/1223152632.PDF,demo管线自动生成-未人工复核,原始名称:第四名
D075,天孚通信,客户第5名(匿名),3.56%(115611494.07元),2024,半边槽位,demo/data/300394/300394__em_天孚通信_em__2024_2024年年度报告.pdf,https://static.cninfo.com.cn/finalpage/2025-04-21/1223152632.PDF,demo管线自动生成-未人工复核,原始名称:第五名
D076,供应商第1名(匿名),天孚通信,35.49%(512255712.65元),2024,半边槽位,demo/data/300394/300394__em_天孚通信_em__2024_2024年年度报告.pdf,https://static.cninfo.com.cn/finalpage/2025-04-21/1223152632.PDF,demo管线自动生成-未人工复核,原始名称:第一名
D077,供应商第2名(匿名),天孚通信,8.77%(126636223.27元),2024,半边槽位,demo/data/300394/300394__em_天孚通信_em__2024_2024年年度报告.pdf,https://static.cninfo.com.cn/finalpage/2025-04-21/1223152632.PDF,demo管线自动生成-未人工复核,原始名称:第二名
D078,供应商第3名(匿名),天孚通信,4.29%(61846278.43元),2024,半边槽位,demo/data/300394/300394__em_天孚通信_em__2024_2024年年度报告.pdf,https://static.cninfo.com.cn/finalpage/2025-04-21/1223152632.PDF,demo管线自动生成-未人工复核,原始名称:第三名
D079,供应商第4名(匿名),天孚通信,3.40%(49066382.80元),2024,半边槽位,demo/data/300394/300394__em_天孚通信_em__2024_2024年年度报告.pdf,https://static.cninfo.com.cn/finalpage/2025-04-21/1223152632.PDF,demo管线自动生成-未人工复核,原始名称:第四名
D080,供应商第5名(匿名),天孚通信,2.46%(35477475.34元),2024,半边槽位,demo/data/300394/300394__em_天孚通信_em__2024_2024年年度报告.pdf,https://static.cninfo.com.cn/finalpage/2025-04-21/1223152632.PDF,demo管线自动生成-未人工复核,原始名称:第五名
D081,天孚通信,Fabrinet,63.31%(3268843594.94元),2025,实边,demo/data/300394/300394__em_天孚通信_em__2025_2025年年度报告.pdf,https://static.cninfo.com.cn/finalpage/2026-04-08/1225082705.PDF,demo管线自动生成-未人工复核,
D082,天孚通信,客户第2名(匿名),11.66%(601931536.36元),2025,半边槽位,demo/data/300394/300394__em_天孚通信_em__2025_2025年年度报告.pdf,https://static.cninfo.com.cn/finalpage/2026-04-08/1225082705.PDF,demo管线自动生成-未人工复核,原始名称:第二名
D083,天孚通信,客户第3名(匿名),7.50%(387027101.75元),2025,半边槽位,demo/data/300394/300394__em_天孚通信_em__2025_2025年年度报告.pdf,https://static.cninfo.com.cn/finalpage/2026-04-08/1225082705.PDF,demo管线自动生成-未人工复核,原始名称:第三名
D084,天孚通信,客户第4名(匿名),3.95%(203826900.23元),2025,半边槽位,demo/data/300394/300394__em_天孚通信_em__2025_2025年年度报告.pdf,https://static.cninfo.com.cn/finalpage/2026-04-08/1225082705.PDF,demo管线自动生成-未人工复核,原始名称:第四名
D085,天孚通信,客户第5名(匿名),3.31%(171140348.27元),2025,半边槽位,demo/data/300394/300394__em_天孚通信_em__2025_2025年年度报告.pdf,https://static.cninfo.com.cn/finalpage/2026-04-08/1225082705.PDF,demo管线自动生成-未人工复核,原始名称:第五名
D086,供应商第1名(匿名),天孚通信,34.81%(832889806.30元),2025,半边槽位,demo/data/300394/300394__em_天孚通信_em__2025_2025年年度报告.pdf,https://static.cninfo.com.cn/finalpage/2026-04-08/1225082705.PDF,demo管线自动生成-未人工复核,原始名称:第一名
D087,供应商第2名(匿名),天孚通信,8.24%(197131874.24元),2025,半边槽位,demo/data/300394/300394__em_天孚通信_em__2025_2025年年度报告.pdf,https://static.cninfo.com.cn/finalpage/2026-04-08/1225082705.PDF,demo管线自动生成-未人工复核,原始名称:第二名
D088,供应商第3名(匿名),天孚通信,7.82%(187250725.00元),2025,半边槽位,demo/data/300394/300394__em_天孚通信_em__2025_2025年年度报告.pdf,https://static.cninfo.com.cn/finalpage/2026-04-08/1225082705.PDF,demo管线自动生成-未人工复核,原始名称:第三名
D089,供应商第4名(匿名),天孚通信,6.12%(146413734.00元),2025,半边槽位,demo/data/300394/300394__em_天孚通信_em__2025_2025年年度报告.pdf,https://static.cninfo.com.cn/finalpage/2026-04-08/1225082705.PDF,demo管线自动生成-未人工复核,原始名称:第四名
D090,供应商第5名(匿名),天孚通信,4.52%(108160630.42元),2025,半边槽位,demo/data/300394/300394__em_天孚通信_em__2025_2025年年度报告.pdf,https://static.cninfo.com.cn/finalpage/2026-04-08/1225082705.PDF,demo管线自动生成-未人工复核,原始名称:第五名
D091,新易盛,客户第1名(匿名),36.79%(1139711326.47元),2023,半边槽位,demo/data/300502/300502__em_新易盛_em__2023_2023年年度报告.pdf,https://static.cninfo.com.cn/finalpage/2024-04-23/1219746778.PDF,demo管线自动生成-未人工复核,原始名称:第一名
D092,新易盛,客户第2名(匿名),7.55%(234001176.24元),2023,半边槽位,demo/data/300502/300502__em_新易盛_em__2023_2023年年度报告.pdf,https://static.cninfo.com.cn/finalpage/2024-04-23/1219746778.PDF,demo管线自动生成-未人工复核,原始名称:第二名
D093,新易盛,客户第3名(匿名),7.09%(219562738.21元),2023,半边槽位,demo/data/300502/300502__em_新易盛_em__2023_2023年年度报告.pdf,https://static.cninfo.com.cn/finalpage/2024-04-23/1219746778.PDF,demo管线自动生成-未人工复核,原始名称:第三名
D094,新易盛,客户第4名(匿名),4.80%(148551898.07元),2023,半边槽位,demo/data/300502/300502__em_新易盛_em__2023_2023年年度报告.pdf,https://static.cninfo.com.cn/finalpage/2024-04-23/1219746778.PDF,demo管线自动生成-未人工复核,原始名称:第四名
D095,新易盛,客户第5名(匿名),4.42%(137046010.44元),2023,半边槽位,demo/data/300502/300502__em_新易盛_em__2023_2023年年度报告.pdf,https://static.cninfo.com.cn/finalpage/2024-04-23/1219746778.PDF,demo管线自动生成-未人工复核,原始名称:第五名
D096,供应商第1名(匿名),新易盛,15.03%(244820085.71元),2023,半边槽位,demo/data/300502/300502__em_新易盛_em__2023_2023年年度报告.pdf,https://static.cninfo.com.cn/finalpage/2024-04-23/1219746778.PDF,demo管线自动生成-未人工复核,原始名称:第一名
D097,供应商第2名(匿名),新易盛,12.98%(211346087.87元),2023,半边槽位,demo/data/300502/300502__em_新易盛_em__2023_2023年年度报告.pdf,https://static.cninfo.com.cn/finalpage/2024-04-23/1219746778.PDF,demo管线自动生成-未人工复核,原始名称:第二名
D098,供应商第3名(匿名),新易盛,4.52%(73667408.33元),2023,半边槽位,demo/data/300502/300502__em_新易盛_em__2023_2023年年度报告.pdf,https://static.cninfo.com.cn/finalpage/2024-04-23/1219746778.PDF,demo管线自动生成-未人工复核,原始名称:第三名
D099,供应商第4名(匿名),新易盛,4.15%(67516928.46元),2023,半边槽位,demo/data/300502/300502__em_新易盛_em__2023_2023年年度报告.pdf,https://static.cninfo.com.cn/finalpage/2024-04-23/1219746778.PDF,demo管线自动生成-未人工复核,原始名称:第四名
D100,供应商第5名(匿名),新易盛,3.93%(64020550.52元),2023,半边槽位,demo/data/300502/300502__em_新易盛_em__2023_2023年年度报告.pdf,https://static.cninfo.com.cn/finalpage/2024-04-23/1219746778.PDF,demo管线自动生成-未人工复核,原始名称:第五名
D101,新易盛,客户第1名(匿名),31.74%(2744287306.63元),2024,半边槽位,demo/data/300502/300502__em_新易盛_em__2024_2024年年度报告.pdf,https://static.cninfo.com.cn/finalpage/2025-04-23/1223219348.PDF,demo管线自动生成-未人工复核,原始名称:第一名
D102,新易盛,客户第2名(匿名),12.39%(1071183643.16元),2024,半边槽位,demo/data/300502/300502__em_新易盛_em__2024_2024年年度报告.pdf,https://static.cninfo.com.cn/finalpage/2025-04-23/1223219348.PDF,demo管线自动生成-未人工复核,原始名称:第二名
D103,新易盛,客户第3名(匿名),12.15%(1050522301.55元),2024,半边槽位,demo/data/300502/300502__em_新易盛_em__2024_2024年年度报告.pdf,https://static.cninfo.com.cn/finalpage/2025-04-23/1223219348.PDF,demo管线自动生成-未人工复核,原始名称:第三名
D104,新易盛,客户第4名(匿名),9.14%(790508700.00元),2024,半边槽位,demo/data/300502/300502__em_新易盛_em__2024_2024年年度报告.pdf,https://static.cninfo.com.cn/finalpage/2025-04-23/1223219348.PDF,demo管线自动生成-未人工复核,原始名称:第四名
D105,新易盛,客户第5名(匿名),5.68%(491161266.49元),2024,半边槽位,demo/data/300502/300502__em_新易盛_em__2024_2024年年度报告.pdf,https://static.cninfo.com.cn/finalpage/2025-04-23/1223219348.PDF,demo管线自动生成-未人工复核,原始名称:第五名
D106,供应商第1名(匿名),新易盛,23.57%(1860611109.02元),2024,半边槽位,demo/data/300502/300502__em_新易盛_em__2024_2024年年度报告.pdf,https://static.cninfo.com.cn/finalpage/2025-04-23/1223219348.PDF,demo管线自动生成-未人工复核,原始名称:第一名
D107,供应商第2名(匿名),新易盛,10.00%(789856528.07元),2024,半边槽位,demo/data/300502/300502__em_新易盛_em__2024_2024年年度报告.pdf,https://static.cninfo.com.cn/finalpage/2025-04-23/1223219348.PDF,demo管线自动生成-未人工复核,原始名称:第二名
D108,供应商第3名(匿名),新易盛,4.21%(332095651.71元),2024,半边槽位,demo/data/300502/300502__em_新易盛_em__2024_2024年年度报告.pdf,https://static.cninfo.com.cn/finalpage/2025-04-23/1223219348.PDF,demo管线自动生成-未人工复核,原始名称:第三名
D109,供应商第4名(匿名),新易盛,3.74%(295532719.69元),2024,半边槽位,demo/data/300502/300502__em_新易盛_em__2024_2024年年度报告.pdf,https://static.cninfo.com.cn/finalpage/2025-04-23/1223219348.PDF,demo管线自动生成-未人工复核,原始名称:第四名
D110,供应商第5名(匿名),新易盛,3.68%(290725691.03元),2024,半边槽位,demo/data/300502/300502__em_新易盛_em__2024_2024年年度报告.pdf,https://static.cninfo.com.cn/finalpage/2025-04-23/1223219348.PDF,demo管线自动生成-未人工复核,原始名称:第五名
D111,新易盛,客户第1名(匿名),22.97%(5706560719.37元),2025,半边槽位,demo/data/300502/300502__em_新易盛_em__2025_2025年年度报告.pdf,https://static.cninfo.com.cn/finalpage/2026-04-24/1225172598.PDF,demo管线自动生成-未人工复核,原始名称:第一名
D112,新易盛,客户第2名(匿名),16.64%(4133465492.45元),2025,半边槽位,demo/data/300502/300502__em_新易盛_em__2025_2025年年度报告.pdf,https://static.cninfo.com.cn/finalpage/2026-04-24/1225172598.PDF,demo管线自动生成-未人工复核,原始名称:第二名
D113,新易盛,客户第3名(匿名),15.63%(3881540609.61元),2025,半边槽位,demo/data/300502/300502__em_新易盛_em__2025_2025年年度报告.pdf,https://static.cninfo.com.cn/finalpage/2026-04-24/1225172598.PDF,demo管线自动生成-未人工复核,原始名称:第三名
D114,新易盛,客户第4名(匿名),10.96%(2721814735.32元),2025,半边槽位,demo/data/300502/300502__em_新易盛_em__2025_2025年年度报告.pdf,https://static.cninfo.com.cn/finalpage/2026-04-24/1225172598.PDF,demo管线自动生成-未人工复核,原始名称:第四名
D115,新易盛,客户第5名(匿名),6.15%(1528112947.89元),2025,半边槽位,demo/data/300502/300502__em_新易盛_em__2025_2025年年度报告.pdf,https://static.cninfo.com.cn/finalpage/2026-04-24/1225172598.PDF,demo管线自动生成-未人工复核,原始名称:第五名
D116,供应商第1名(匿名),新易盛,23.87%(3666795583.83元),2025,半边槽位,demo/data/300502/300502__em_新易盛_em__2025_2025年年度报告.pdf,https://static.cninfo.com.cn/finalpage/2026-04-24/1225172598.PDF,demo管线自动生成-未人工复核,原始名称:第一名
D117,供应商第2名(匿名),新易盛,5.47%(840502582.55元),2025,半边槽位,demo/data/300502/300502__em_新易盛_em__2025_2025年年度报告.pdf,https://static.cninfo.com.cn/finalpage/2026-04-24/1225172598.PDF,demo管线自动生成-未人工复核,原始名称:第二名
D118,供应商第3名(匿名),新易盛,4.26%(654396417.68元),2025,半边槽位,demo/data/300502/300502__em_新易盛_em__2025_2025年年度报告.pdf,https://static.cninfo.com.cn/finalpage/2026-04-24/1225172598.PDF,demo管线自动生成-未人工复核,原始名称:第三名
D119,供应商第4名(匿名),新易盛,4.21%(646131307.27元),2025,半边槽位,demo/data/300502/300502__em_新易盛_em__2025_2025年年度报告.pdf,https://static.cninfo.com.cn/finalpage/2026-04-24/1225172598.PDF,demo管线自动生成-未人工复核,原始名称:第四名
D120,供应商第5名(匿名),新易盛,4.07%(625854969.40元),2025,半边槽位,demo/data/300502/300502__em_新易盛_em__2025_2025年年度报告.pdf,https://static.cninfo.com.cn/finalpage/2026-04-24/1225172598.PDF,demo管线自动生成-未人工复核,原始名称:第五名
D121,罗博特科,客户第1名(匿名),19.68%(309321732.05元),2023,半边槽位,demo/data/300757/300757__em_罗博特科_em__2023_2023年年度报告.pdf,https://static.cninfo.com.cn/finalpage/2024-04-23/1219740165.PDF,demo管线自动生成-未人工复核,原始名称:第一名
D122,罗博特科,客户第2名(匿名),15.53%(243983245.93元),2023,半边槽位,demo/data/300757/300757__em_罗博特科_em__2023_2023年年度报告.pdf,https://static.cninfo.com.cn/finalpage/2024-04-23/1219740165.PDF,demo管线自动生成-未人工复核,原始名称:第二名
D123,罗博特科,客户第3名(匿名),11.37%(178624915.58元),2023,半边槽位,demo/data/300757/300757__em_罗博特科_em__2023_2023年年度报告.pdf,https://static.cninfo.com.cn/finalpage/2024-04-23/1219740165.PDF,demo管线自动生成-未人工复核,原始名称:第三名
D124,罗博特科,客户第4名(匿名),8.99%(141204336.26元),2023,半边槽位,demo/data/300757/300757__em_罗博特科_em__2023_2023年年度报告.pdf,https://static.cninfo.com.cn/finalpage/2024-04-23/1219740165.PDF,demo管线自动生成-未人工复核,原始名称:第四名
D125,罗博特科,客户第5名(匿名),8.26%(129819684.26元),2023,半边槽位,demo/data/300757/300757__em_罗博特科_em__2023_2023年年度报告.pdf,https://static.cninfo.com.cn/finalpage/2024-04-23/1219740165.PDF,demo管线自动生成-未人工复核,原始名称:第五名
D126,供应商第1名(匿名),罗博特科,10.87%(109479973.85元),2023,半边槽位,demo/data/300757/300757__em_罗博特科_em__2023_2023年年度报告.pdf,https://static.cninfo.com.cn/finalpage/2024-04-23/1219740165.PDF,demo管线自动生成-未人工复核,原始名称:第一名
D127,供应商第2名(匿名),罗博特科,7.83%(78887526.20元),2023,半边槽位,demo/data/300757/300757__em_罗博特科_em__2023_2023年年度报告.pdf,https://static.cninfo.com.cn/finalpage/2024-04-23/1219740165.PDF,demo管线自动生成-未人工复核,原始名称:第二名
D128,供应商第3名(匿名),罗博特科,6.18%(62283469.18元),2023,半边槽位,demo/data/300757/300757__em_罗博特科_em__2023_2023年年度报告.pdf,https://static.cninfo.com.cn/finalpage/2024-04-23/1219740165.PDF,demo管线自动生成-未人工复核,原始名称:第三名
D129,供应商第4名(匿名),罗博特科,4.50%(45327795.18元),2023,半边槽位,demo/data/300757/300757__em_罗博特科_em__2023_2023年年度报告.pdf,https://static.cninfo.com.cn/finalpage/2024-04-23/1219740165.PDF,demo管线自动生成-未人工复核,原始名称:第四名
D130,供应商第5名(匿名),罗博特科,3.81%(38411549.83元),2023,半边槽位,demo/data/300757/300757__em_罗博特科_em__2023_2023年年度报告.pdf,https://static.cninfo.com.cn/finalpage/2024-04-23/1219740165.PDF,demo管线自动生成-未人工复核,原始名称:第五名
D131,罗博特科,客户第1名(匿名),29.51%(326455681.24元),2024,半边槽位,demo/data/300757/300757__em_罗博特科_em__2024_2024年年度报告.pdf,https://static.cninfo.com.cn/finalpage/2025-04-24/1223238582.PDF,demo管线自动生成-未人工复核,原始名称:第一名
D132,罗博特科,客户第2名(匿名),13.94%(154222476.97元),2024,半边槽位,demo/data/300757/300757__em_罗博特科_em__2024_2024年年度报告.pdf,https://static.cninfo.com.cn/finalpage/2025-04-24/1223238582.PDF,demo管线自动生成-未人工复核,原始名称:第二名
D133,罗博特科,客户第3名(匿名),9.81%(108504779.04元),2024,半边槽位,demo/data/300757/300757__em_罗博特科_em__2024_2024年年度报告.pdf,https://static.cninfo.com.cn/finalpage/2025-04-24/1223238582.PDF,demo管线自动生成-未人工复核,原始名称:第三名
D134,罗博特科,客户第4名(匿名),7.91%(87550424.45元),2024,半边槽位,demo/data/300757/300757__em_罗博特科_em__2024_2024年年度报告.pdf,https://static.cninfo.com.cn/finalpage/2025-04-24/1223238582.PDF,demo管线自动生成-未人工复核,原始名称:第四名
D135,罗博特科,客户第5名(匿名),7.52%(83213982.44元),2024,半边槽位,demo/data/300757/300757__em_罗博特科_em__2024_2024年年度报告.pdf,https://static.cninfo.com.cn/finalpage/2025-04-24/1223238582.PDF,demo管线自动生成-未人工复核,原始名称:第五名
D136,供应商第1名(匿名),罗博特科,10.84%(47320177.88元),2024,半边槽位,demo/data/300757/300757__em_罗博特科_em__2024_2024年年度报告.pdf,https://static.cninfo.com.cn/finalpage/2025-04-24/1223238582.PDF,demo管线自动生成-未人工复核,原始名称:第一名
D137,供应商第2名(匿名),罗博特科,9.63%(42001751.54元),2024,半边槽位,demo/data/300757/300757__em_罗博特科_em__2024_2024年年度报告.pdf,https://static.cninfo.com.cn/finalpage/2025-04-24/1223238582.PDF,demo管线自动生成-未人工复核,原始名称:第二名
D138,供应商第3名(匿名),罗博特科,6.43%(28058156.71元),2024,半边槽位,demo/data/300757/300757__em_罗博特科_em__2024_2024年年度报告.pdf,https://static.cninfo.com.cn/finalpage/2025-04-24/1223238582.PDF,demo管线自动生成-未人工复核,原始名称:第三名
D139,供应商第4名(匿名),罗博特科,4.71%(20549861.63元),2024,半边槽位,demo/data/300757/300757__em_罗博特科_em__2024_2024年年度报告.pdf,https://static.cninfo.com.cn/finalpage/2025-04-24/1223238582.PDF,demo管线自动生成-未人工复核,原始名称:第四名
D140,供应商第5名(匿名),罗博特科,4.68%(20408178.66元),2024,半边槽位,demo/data/300757/300757__em_罗博特科_em__2024_2024年年度报告.pdf,https://static.cninfo.com.cn/finalpage/2025-04-24/1223238582.PDF,demo管线自动生成-未人工复核,原始名称:第五名
D141,罗博特科,客户第1名(匿名),19.35%(183805309.74元),2025,半边槽位,demo/data/300757/300757__em_罗博特科_em__2025_2025年年度报告.pdf,https://static.cninfo.com.cn/finalpage/2026-03-31/1225059372.PDF,demo管线自动生成-未人工复核,原始名称:客户一
D142,罗博特科,客户第2名(匿名),15.74%(149494509.95元),2025,半边槽位,demo/data/300757/300757__em_罗博特科_em__2025_2025年年度报告.pdf,https://static.cninfo.com.cn/finalpage/2026-03-31/1225059372.PDF,demo管线自动生成-未人工复核,原始名称:客户二
D143,罗博特科,客户第3名(匿名),14.23%(135150691.32元),2025,半边槽位,demo/data/300757/300757__em_罗博特科_em__2025_2025年年度报告.pdf,https://static.cninfo.com.cn/finalpage/2026-03-31/1225059372.PDF,demo管线自动生成-未人工复核,原始名称:客户三
D144,罗博特科,客户第4名(匿名),7.82%(74261286.23元),2025,半边槽位,demo/data/300757/300757__em_罗博特科_em__2025_2025年年度报告.pdf,https://static.cninfo.com.cn/finalpage/2026-03-31/1225059372.PDF,demo管线自动生成-未人工复核,原始名称:客户四
D145,罗博特科,客户第5名(匿名),6.00%(56996772.85元),2025,半边槽位,demo/data/300757/300757__em_罗博特科_em__2025_2025年年度报告.pdf,https://static.cninfo.com.cn/finalpage/2026-03-31/1225059372.PDF,demo管线自动生成-未人工复核,原始名称:客户五
D146,供应商第1名(匿名),罗博特科,20.34%(81172509.81元),2025,半边槽位,demo/data/300757/300757__em_罗博特科_em__2025_2025年年度报告.pdf,https://static.cninfo.com.cn/finalpage/2026-03-31/1225059372.PDF,demo管线自动生成-未人工复核,原始名称:第一名
D147,供应商第2名(匿名),罗博特科,8.04%(32086519.69元),2025,半边槽位,demo/data/300757/300757__em_罗博特科_em__2025_2025年年度报告.pdf,https://static.cninfo.com.cn/finalpage/2026-03-31/1225059372.PDF,demo管线自动生成-未人工复核,原始名称:第二名
D148,供应商第3名(匿名),罗博特科,6.42%(25610619.46元),2025,半边槽位,demo/data/300757/300757__em_罗博特科_em__2025_2025年年度报告.pdf,https://static.cninfo.com.cn/finalpage/2026-03-31/1225059372.PDF,demo管线自动生成-未人工复核,原始名称:第三名
D149,供应商第4名(匿名),罗博特科,5.52%(22035398.23元),2025,半边槽位,demo/data/300757/300757__em_罗博特科_em__2025_2025年年度报告.pdf,https://static.cninfo.com.cn/finalpage/2026-03-31/1225059372.PDF,demo管线自动生成-未人工复核,原始名称:第四名
D150,供应商第5名(匿名),罗博特科,3.32%(13245961.06元),2025,半边槽位,demo/data/300757/300757__em_罗博特科_em__2025_2025年年度报告.pdf,https://static.cninfo.com.cn/finalpage/2026-03-31/1225059372.PDF,demo管线自动生成-未人工复核,原始名称:第五名
D151,凯格精机,客户第1名(匿名),21.32%(154006350.72元),2023,半边槽位,demo/data/301338/301338__em_凯格精机_em__2023_2023年年度报告.pdf,https://static.cninfo.com.cn/finalpage/2024-04-23/1219743716.PDF,demo管线自动生成-未人工复核,原始名称:第一名
D152,凯格精机,客户第2名(匿名),5.21%(37666088.43元),2023,半边槽位,demo/data/301338/301338__em_凯格精机_em__2023_2023年年度报告.pdf,https://static.cninfo.com.cn/finalpage/2024-04-23/1219743716.PDF,demo管线自动生成-未人工复核,原始名称:第二名
D153,凯格精机,客户第3名(匿名),4.86%(35107556.18元),2023,半边槽位,demo/data/301338/301338__em_凯格精机_em__2023_2023年年度报告.pdf,https://static.cninfo.com.cn/finalpage/2024-04-23/1219743716.PDF,demo管线自动生成-未人工复核,原始名称:第三名
D154,凯格精机,客户第4名(匿名),4.32%(31219320.00元),2023,半边槽位,demo/data/301338/301338__em_凯格精机_em__2023_2023年年度报告.pdf,https://static.cninfo.com.cn/finalpage/2024-04-23/1219743716.PDF,demo管线自动生成-未人工复核,原始名称:第四名
D155,凯格精机,客户第5名(匿名),3.53%(25527074.90元),2023,半边槽位,demo/data/301338/301338__em_凯格精机_em__2023_2023年年度报告.pdf,https://static.cninfo.com.cn/finalpage/2024-04-23/1219743716.PDF,demo管线自动生成-未人工复核,原始名称:第五名
D156,供应商第1名(匿名),凯格精机,6.70%(43061067.87元),2023,半边槽位,demo/data/301338/301338__em_凯格精机_em__2023_2023年年度报告.pdf,https://static.cninfo.com.cn/finalpage/2024-04-23/1219743716.PDF,demo管线自动生成-未人工复核,原始名称:第一名
D157,供应商第2名(匿名),凯格精机,3.16%(20267627.60元),2023,半边槽位,demo/data/301338/301338__em_凯格精机_em__2023_2023年年度报告.pdf,https://static.cninfo.com.cn/finalpage/2024-04-23/1219743716.PDF,demo管线自动生成-未人工复核,原始名称:第二名
D158,供应商第3名(匿名),凯格精机,2.67%(17177945.21元),2023,半边槽位,demo/data/301338/301338__em_凯格精机_em__2023_2023年年度报告.pdf,https://static.cninfo.com.cn/finalpage/2024-04-23/1219743716.PDF,demo管线自动生成-未人工复核,原始名称:第三名
D159,供应商第4名(匿名),凯格精机,2.11%(13552046.37元),2023,半边槽位,demo/data/301338/301338__em_凯格精机_em__2023_2023年年度报告.pdf,https://static.cninfo.com.cn/finalpage/2024-04-23/1219743716.PDF,demo管线自动生成-未人工复核,原始名称:第四名
D160,供应商第5名(匿名),凯格精机,2.10%(13485828.55元),2023,半边槽位,demo/data/301338/301338__em_凯格精机_em__2023_2023年年度报告.pdf,https://static.cninfo.com.cn/finalpage/2024-04-23/1219743716.PDF,demo管线自动生成-未人工复核,原始名称:第五名
D161,凯格精机,客户第1名(匿名),21.63%(180143873.13元),2024,半边槽位,demo/data/301338/301338__em_凯格精机_em__2024_2024年年度报告.pdf,https://static.cninfo.com.cn/finalpage/2025-04-26/1223300271.PDF,demo管线自动生成-未人工复核,原始名称:第一名
D162,凯格精机,客户第2名(匿名),3.64%(30318610.72元),2024,半边槽位,demo/data/301338/301338__em_凯格精机_em__2024_2024年年度报告.pdf,https://static.cninfo.com.cn/finalpage/2025-04-26/1223300271.PDF,demo管线自动生成-未人工复核,原始名称:第二名
D163,凯格精机,客户第3名(匿名),3.08%(25619467.26元),2024,半边槽位,demo/data/301338/301338__em_凯格精机_em__2024_2024年年度报告.pdf,https://static.cninfo.com.cn/finalpage/2025-04-26/1223300271.PDF,demo管线自动生成-未人工复核,原始名称:第三名
D164,凯格精机,客户第4名(匿名),3.03%(25251923.86元),2024,半边槽位,demo/data/301338/301338__em_凯格精机_em__2024_2024年年度报告.pdf,https://static.cninfo.com.cn/finalpage/2025-04-26/1223300271.PDF,demo管线自动生成-未人工复核,原始名称:第四名
D165,凯格精机,客户第5名(匿名),2.96%(24617000.00元),2024,半边槽位,demo/data/301338/301338__em_凯格精机_em__2024_2024年年度报告.pdf,https://static.cninfo.com.cn/finalpage/2025-04-26/1223300271.PDF,demo管线自动生成-未人工复核,原始名称:第五名
D166,供应商第1名(匿名),凯格精机,3.40%(19750647.81元),2024,半边槽位,demo/data/301338/301338__em_凯格精机_em__2024_2024年年度报告.pdf,https://static.cninfo.com.cn/finalpage/2025-04-26/1223300271.PDF,demo管线自动生成-未人工复核,原始名称:第一名
D167,供应商第2名(匿名),凯格精机,2.74%(15909064.81元),2024,半边槽位,demo/data/301338/301338__em_凯格精机_em__2024_2024年年度报告.pdf,https://static.cninfo.com.cn/finalpage/2025-04-26/1223300271.PDF,demo管线自动生成-未人工复核,原始名称:第二名
D168,供应商第3名(匿名),凯格精机,2.54%(14724591.18元),2024,半边槽位,demo/data/301338/301338__em_凯格精机_em__2024_2024年年度报告.pdf,https://static.cninfo.com.cn/finalpage/2025-04-26/1223300271.PDF,demo管线自动生成-未人工复核,原始名称:第三名
D169,供应商第4名(匿名),凯格精机,2.35%(13638423.80元),2024,半边槽位,demo/data/301338/301338__em_凯格精机_em__2024_2024年年度报告.pdf,https://static.cninfo.com.cn/finalpage/2025-04-26/1223300271.PDF,demo管线自动生成-未人工复核,原始名称:第四名
D170,供应商第5名(匿名),凯格精机,2.30%(13352775.52元),2024,半边槽位,demo/data/301338/301338__em_凯格精机_em__2024_2024年年度报告.pdf,https://static.cninfo.com.cn/finalpage/2025-04-26/1223300271.PDF,demo管线自动生成-未人工复核,原始名称:第五名
D171,凯格精机,客户第1名(匿名),8.51%(94811977.48元),2025,半边槽位,demo/data/301338/301338__em_凯格精机_em__2025_2025年年度报告.pdf,https://static.cninfo.com.cn/finalpage/2026-04-28/1225202249.PDF,demo管线自动生成-未人工复核,原始名称:第一名
D172,凯格精机,客户第2名(匿名),6.56%(73062438.75元),2025,半边槽位,demo/data/301338/301338__em_凯格精机_em__2025_2025年年度报告.pdf,https://static.cninfo.com.cn/finalpage/2026-04-28/1225202249.PDF,demo管线自动生成-未人工复核,原始名称:第二名
D173,凯格精机,客户第3名(匿名),4.73%(52702864.09元),2025,半边槽位,demo/data/301338/301338__em_凯格精机_em__2025_2025年年度报告.pdf,https://static.cninfo.com.cn/finalpage/2026-04-28/1225202249.PDF,demo管线自动生成-未人工复核,原始名称:第三名
D174,凯格精机,客户第4名(匿名),4.48%(49924371.14元),2025,半边槽位,demo/data/301338/301338__em_凯格精机_em__2025_2025年年度报告.pdf,https://static.cninfo.com.cn/finalpage/2026-04-28/1225202249.PDF,demo管线自动生成-未人工复核,原始名称:第四名
D175,凯格精机,客户第5名(匿名),3.37%(37501611.79元),2025,半边槽位,demo/data/301338/301338__em_凯格精机_em__2025_2025年年度报告.pdf,https://static.cninfo.com.cn/finalpage/2026-04-28/1225202249.PDF,demo管线自动生成-未人工复核,原始名称:第五名
D176,供应商第1名(匿名),凯格精机,4.18%(32637829.24元),2025,半边槽位,demo/data/301338/301338__em_凯格精机_em__2025_2025年年度报告.pdf,https://static.cninfo.com.cn/finalpage/2026-04-28/1225202249.PDF,demo管线自动生成-未人工复核,原始名称:第一名
D177,供应商第2名(匿名),凯格精机,2.37%(18518879.39元),2025,半边槽位,demo/data/301338/301338__em_凯格精机_em__2025_2025年年度报告.pdf,https://static.cninfo.com.cn/finalpage/2026-04-28/1225202249.PDF,demo管线自动生成-未人工复核,原始名称:第二名
D178,供应商第3名(匿名),凯格精机,2.30%(17975650.89元),2025,半边槽位,demo/data/301338/301338__em_凯格精机_em__2025_2025年年度报告.pdf,https://static.cninfo.com.cn/finalpage/2026-04-28/1225202249.PDF,demo管线自动生成-未人工复核,原始名称:第三名
D179,供应商第4名(匿名),凯格精机,1.93%(15122776.28元),2025,半边槽位,demo/data/301338/301338__em_凯格精机_em__2025_2025年年度报告.pdf,https://static.cninfo.com.cn/finalpage/2026-04-28/1225202249.PDF,demo管线自动生成-未人工复核,原始名称:第四名
D180,供应商第5名(匿名),凯格精机,1.92%(15000000.00元),2025,半边槽位,demo/data/301338/301338__em_凯格精机_em__2025_2025年年度报告.pdf,https://static.cninfo.com.cn/finalpage/2026-04-28/1225202249.PDF,demo管线自动生成-未人工复核,原始名称:第五名
D181,快克智能,客户第1名(匿名),12.42%(98449100.00元),2023,半边槽位,demo/data/603203/603203__em_快克智能_em__2023_快克智能2023年年度报告.pdf,https://static.cninfo.com.cn/finalpage/2024-04-30/1219905648.PDF,demo管线自动生成-未人工复核,原始名称:客户一
D182,快克智能,客户第2名(匿名),4.00%(31713000.00元),2023,半边槽位,demo/data/603203/603203__em_快克智能_em__2023_快克智能2023年年度报告.pdf,https://static.cninfo.com.cn/finalpage/2024-04-30/1219905648.PDF,demo管线自动生成-未人工复核,原始名称:客户二
D183,快克智能,客户第3名(匿名),3.43%(27214000.00元),2023,半边槽位,demo/data/603203/603203__em_快克智能_em__2023_快克智能2023年年度报告.pdf,https://static.cninfo.com.cn/finalpage/2024-04-30/1219905648.PDF,demo管线自动生成-未人工复核,原始名称:客户三
D184,快克智能,客户第4名(匿名),2.33%(18488500.00元),2023,半边槽位,demo/data/603203/603203__em_快克智能_em__2023_快克智能2023年年度报告.pdf,https://static.cninfo.com.cn/finalpage/2024-04-30/1219905648.PDF,demo管线自动生成-未人工复核,原始名称:客户四
D185,快克智能,客户第5名(匿名),2.16%(17092800.00元),2023,半边槽位,demo/data/603203/603203__em_快克智能_em__2023_快克智能2023年年度报告.pdf,https://static.cninfo.com.cn/finalpage/2024-04-30/1219905648.PDF,demo管线自动生成-未人工复核,原始名称:客户五
D186,供应商第1名(匿名),快克智能,1.95%(6641600.00元),2023,半边槽位,demo/data/603203/603203__em_快克智能_em__2023_快克智能2023年年度报告.pdf,https://static.cninfo.com.cn/finalpage/2024-04-30/1219905648.PDF,demo管线自动生成-未人工复核,原始名称:供应商一
D187,供应商第2名(匿名),快克智能,1.78%(6067600.00元),2023,半边槽位,demo/data/603203/603203__em_快克智能_em__2023_快克智能2023年年度报告.pdf,https://static.cninfo.com.cn/finalpage/2024-04-30/1219905648.PDF,demo管线自动生成-未人工复核,原始名称:供应商二
D188,供应商第3名(匿名),快克智能,1.75%(5968000.00元),2023,半边槽位,demo/data/603203/603203__em_快克智能_em__2023_快克智能2023年年度报告.pdf,https://static.cninfo.com.cn/finalpage/2024-04-30/1219905648.PDF,demo管线自动生成-未人工复核,原始名称:供应商三
D189,供应商第4名(匿名),快克智能,1.72%(5883200.00元),2023,半边槽位,demo/data/603203/603203__em_快克智能_em__2023_快克智能2023年年度报告.pdf,https://static.cninfo.com.cn/finalpage/2024-04-30/1219905648.PDF,demo管线自动生成-未人工复核,原始名称:供应商四
D190,供应商第5名(匿名),快克智能,1.56%(5307500.00元),2023,半边槽位,demo/data/603203/603203__em_快克智能_em__2023_快克智能2023年年度报告.pdf,https://static.cninfo.com.cn/finalpage/2024-04-30/1219905648.PDF,demo管线自动生成-未人工复核,原始名称:供应商五
D191,快克智能,客户第1名(匿名),13.83%(130685400.00元),2024,半边槽位,demo/data/603203/603203__em_快克智能_em__2024_快克智能2024年年度报告.pdf,https://static.cninfo.com.cn/finalpage/2025-04-29/1223403806.pdf,demo管线自动生成-未人工复核,原始名称:客户一
D192,快克智能,客户第2名(匿名),3.59%(33904000.00元),2024,半边槽位,demo/data/603203/603203__em_快克智能_em__2024_快克智能2024年年度报告.pdf,https://static.cninfo.com.cn/finalpage/2025-04-29/1223403806.pdf,demo管线自动生成-未人工复核,原始名称:客户二
D193,快克智能,客户第3名(匿名),2.61%(24650400.00元),2024,半边槽位,demo/data/603203/603203__em_快克智能_em__2024_快克智能2024年年度报告.pdf,https://static.cninfo.com.cn/finalpage/2025-04-29/1223403806.pdf,demo管线自动生成-未人工复核,原始名称:客户三
D194,快克智能,客户第4名(匿名),2.30%(21699600.00元),2024,半边槽位,demo/data/603203/603203__em_快克智能_em__2024_快克智能2024年年度报告.pdf,https://static.cninfo.com.cn/finalpage/2025-04-29/1223403806.pdf,demo管线自动生成-未人工复核,原始名称:客户四
D195,快克智能,客户第5名(匿名),2.21%(20913700.00元),2024,半边槽位,demo/data/603203/603203__em_快克智能_em__2024_快克智能2024年年度报告.pdf,https://static.cninfo.com.cn/finalpage/2025-04-29/1223403806.pdf,demo管线自动生成-未人工复核,原始名称:客户五
D196,供应商第1名(匿名),快克智能,1.44%(10907200.00元),2024,半边槽位,demo/data/603203/603203__em_快克智能_em__2024_快克智能2024年年度报告.pdf,https://static.cninfo.com.cn/finalpage/2025-04-29/1223403806.pdf,demo管线自动生成-未人工复核,原始名称:供应商一
D197,供应商第2名(匿名),快克智能,1.26%(9629700.00元),2024,半边槽位,demo/data/603203/603203__em_快克智能_em__2024_快克智能2024年年度报告.pdf,https://static.cninfo.com.cn/finalpage/2025-04-29/1223403806.pdf,demo管线自动生成-未人工复核,原始名称:供应商二
D198,供应商第3名(匿名),快克智能,1.11%(8481600.00元),2024,半边槽位,demo/data/603203/603203__em_快克智能_em__2024_快克智能2024年年度报告.pdf,https://static.cninfo.com.cn/finalpage/2025-04-29/1223403806.pdf,demo管线自动生成-未人工复核,原始名称:供应商三
D199,供应商第4名(匿名),快克智能,1.04%(7916200.00元),2024,半边槽位,demo/data/603203/603203__em_快克智能_em__2024_快克智能2024年年度报告.pdf,https://static.cninfo.com.cn/finalpage/2025-04-29/1223403806.pdf,demo管线自动生成-未人工复核,原始名称:供应商四
D200,供应商第5名(匿名),快克智能,0.92%(7020400.00元),2024,半边槽位,demo/data/603203/603203__em_快克智能_em__2024_快克智能2024年年度报告.pdf,https://static.cninfo.com.cn/finalpage/2025-04-29/1223403806.pdf,demo管线自动生成-未人工复核,原始名称:供应商五
D201,快克智能,客户第1名(匿名),12.13%(131019640.80元),2025,半边槽位,demo/data/603203/603203__em_快克智能_em__2025_快克智能2025年年度报告.pdf,https://static.cninfo.com.cn/finalpage/2026-04-24/1225173150.PDF,demo管线自动生成-未人工复核,原始名称:客户一
D202,快克智能,客户第2名(匿名),4.33%(46779766.13元),2025,半边槽位,demo/data/603203/603203__em_快克智能_em__2025_快克智能2025年年度报告.pdf,https://static.cninfo.com.cn/finalpage/2026-04-24/1225173150.PDF,demo管线自动生成-未人工复核,原始名称:客户二
D203,快克智能,客户第3名(匿名),3.29%(35502078.53元),2025,半边槽位,demo/data/603203/603203__em_快克智能_em__2025_快克智能2025年年度报告.pdf,https://static.cninfo.com.cn/finalpage/2026-04-24/1225173150.PDF,demo管线自动生成-未人工复核,原始名称:客户三
D204,快克智能,客户第4名(匿名),3.26%(35237285.03元),2025,半边槽位,demo/data/603203/603203__em_快克智能_em__2025_快克智能2025年年度报告.pdf,https://static.cninfo.com.cn/finalpage/2026-04-24/1225173150.PDF,demo管线自动生成-未人工复核,原始名称:客户四
D205,快克智能,客户第5名(匿名),2.69%(29051330.91元),2025,半边槽位,demo/data/603203/603203__em_快克智能_em__2025_快克智能2025年年度报告.pdf,https://static.cninfo.com.cn/finalpage/2026-04-24/1225173150.PDF,demo管线自动生成-未人工复核,原始名称:客户五
D206,供应商第1名(匿名),快克智能,2.07%(10087836.13元),2025,半边槽位,demo/data/603203/603203__em_快克智能_em__2025_快克智能2025年年度报告.pdf,https://static.cninfo.com.cn/finalpage/2026-04-24/1225173150.PDF,demo管线自动生成-未人工复核,原始名称:供应商一
D207,供应商第2名(匿名),快克智能,1.94%(9421417.00元),2025,半边槽位,demo/data/603203/603203__em_快克智能_em__2025_快克智能2025年年度报告.pdf,https://static.cninfo.com.cn/finalpage/2026-04-24/1225173150.PDF,demo管线自动生成-未人工复核,原始名称:供应商二
D208,供应商第3名(匿名),快克智能,1.81%(8783376.31元),2025,半边槽位,demo/data/603203/603203__em_快克智能_em__2025_快克智能2025年年度报告.pdf,https://static.cninfo.com.cn/finalpage/2026-04-24/1225173150.PDF,demo管线自动生成-未人工复核,原始名称:供应商三
D209,供应商第4名(匿名),快克智能,1.77%(8629713.08元),2025,半边槽位,demo/data/603203/603203__em_快克智能_em__2025_快克智能2025年年度报告.pdf,https://static.cninfo.com.cn/finalpage/2026-04-24/1225173150.PDF,demo管线自动生成-未人工复核,原始名称:供应商四
D210,供应商第5名(匿名),快克智能,1.60%(7783869.41元),2025,半边槽位,demo/data/603203/603203__em_快克智能_em__2025_快克智能2025年年度报告.pdf,https://static.cninfo.com.cn/finalpage/2026-04-24/1225173150.PDF,demo管线自动生成-未人工复核,原始名称:供应商五
D211,博众精工,客户第1名(匿名),17.51%(847140000.00元),2023,半边槽位,demo/data/688097/688097__em_博众精工_em__2023_博众精工2023年年度报告.pdf,https://static.cninfo.com.cn/finalpage/2024-04-24/1219769915.PDF,demo管线自动生成-未人工复核,原始名称:客户一
D212,博众精工,客户第2名(匿名),17.14%(828918800.00元),2023,半边槽位,demo/data/688097/688097__em_博众精工_em__2023_博众精工2023年年度报告.pdf,https://static.cninfo.com.cn/finalpage/2024-04-24/1219769915.PDF,demo管线自动生成-未人工复核,原始名称:客户二
D213,博众精工,客户第3名(匿名),14.21%(687570500.00元),2023,半边槽位,demo/data/688097/688097__em_博众精工_em__2023_博众精工2023年年度报告.pdf,https://static.cninfo.com.cn/finalpage/2024-04-24/1219769915.PDF,demo管线自动生成-未人工复核,原始名称:客户三
D214,博众精工,客户第4名(匿名),7.05%(340842000.00元),2023,半边槽位,demo/data/688097/688097__em_博众精工_em__2023_博众精工2023年年度报告.pdf,https://static.cninfo.com.cn/finalpage/2024-04-24/1219769915.PDF,demo管线自动生成-未人工复核,原始名称:客户四
D215,博众精工,客户第5名(匿名),5.24%(253418900.00元),2023,半边槽位,demo/data/688097/688097__em_博众精工_em__2023_博众精工2023年年度报告.pdf,https://static.cninfo.com.cn/finalpage/2024-04-24/1219769915.PDF,demo管线自动生成-未人工复核,原始名称:客户五
D216,供应商第1名(匿名),博众精工,5.83%(129966300.00元),2023,半边槽位,demo/data/688097/688097__em_博众精工_em__2023_博众精工2023年年度报告.pdf,https://static.cninfo.com.cn/finalpage/2024-04-24/1219769915.PDF,demo管线自动生成-未人工复核,原始名称:供应商一
D217,供应商第2名(匿名),博众精工,3.35%(74614500.00元),2023,半边槽位,demo/data/688097/688097__em_博众精工_em__2023_博众精工2023年年度报告.pdf,https://static.cninfo.com.cn/finalpage/2024-04-24/1219769915.PDF,demo管线自动生成-未人工复核,原始名称:供应商二
D218,供应商第3名(匿名),博众精工,3.29%(73262900.00元),2023,半边槽位,demo/data/688097/688097__em_博众精工_em__2023_博众精工2023年年度报告.pdf,https://static.cninfo.com.cn/finalpage/2024-04-24/1219769915.PDF,demo管线自动生成-未人工复核,原始名称:供应商三
D219,供应商第4名(匿名),博众精工,2.14%(47774100.00元),2023,半边槽位,demo/data/688097/688097__em_博众精工_em__2023_博众精工2023年年度报告.pdf,https://static.cninfo.com.cn/finalpage/2024-04-24/1219769915.PDF,demo管线自动生成-未人工复核,原始名称:供应商四
D220,供应商第5名(匿名),博众精工,1.50%(33468400.00元),2023,半边槽位,demo/data/688097/688097__em_博众精工_em__2023_博众精工2023年年度报告.pdf,https://static.cninfo.com.cn/finalpage/2024-04-24/1219769915.PDF,demo管线自动生成-未人工复核,原始名称:供应商五
D221,博众精工,客户第1名(匿名),26.04%(1289933500.00元),2024,半边槽位,demo/data/688097/688097__em_博众精工_em__2024_2024年年度报告.pdf,https://static.cninfo.com.cn/finalpage/2025-04-26/1223328775.PDF,demo管线自动生成-未人工复核,原始名称:客户一
D222,博众精工,客户第2名(匿名),18.64%(923423500.00元),2024,半边槽位,demo/data/688097/688097__em_博众精工_em__2024_2024年年度报告.pdf,https://static.cninfo.com.cn/finalpage/2025-04-26/1223328775.PDF,demo管线自动生成-未人工复核,原始名称:客户二
D223,博众精工,客户第3名(匿名),12.33%(610653900.00元),2024,半边槽位,demo/data/688097/688097__em_博众精工_em__2024_2024年年度报告.pdf,https://static.cninfo.com.cn/finalpage/2025-04-26/1223328775.PDF,demo管线自动生成-未人工复核,原始名称:客户三
D224,博众精工,客户第4名(匿名),6.72%(332933600.00元),2024,半边槽位,demo/data/688097/688097__em_博众精工_em__2024_2024年年度报告.pdf,https://static.cninfo.com.cn/finalpage/2025-04-26/1223328775.PDF,demo管线自动生成-未人工复核,原始名称:客户四
D225,博众精工,客户第5名(匿名),4.83%(239334500.00元),2024,半边槽位,demo/data/688097/688097__em_博众精工_em__2024_2024年年度报告.pdf,https://static.cninfo.com.cn/finalpage/2025-04-26/1223328775.PDF,demo管线自动生成-未人工复核,原始名称:客户五
D226,供应商第1名(匿名),博众精工,7.36%(250790800.00元),2024,半边槽位,demo/data/688097/688097__em_博众精工_em__2024_2024年年度报告.pdf,https://static.cninfo.com.cn/finalpage/2025-04-26/1223328775.PDF,demo管线自动生成-未人工复核,原始名称:供应商一
D227,供应商第2名(匿名),博众精工,3.67%(125248800.00元),2024,半边槽位,demo/data/688097/688097__em_博众精工_em__2024_2024年年度报告.pdf,https://static.cninfo.com.cn/finalpage/2025-04-26/1223328775.PDF,demo管线自动生成-未人工复核,原始名称:供应商二
D228,供应商第3名(匿名),博众精工,3.15%(107416600.00元),2024,半边槽位,demo/data/688097/688097__em_博众精工_em__2024_2024年年度报告.pdf,https://static.cninfo.com.cn/finalpage/2025-04-26/1223328775.PDF,demo管线自动生成-未人工复核,原始名称:供应商三
D229,供应商第4名(匿名),博众精工,2.69%(73600.00元),2024,半边槽位,demo/data/688097/688097__em_博众精工_em__2024_2024年年度报告.pdf,https://static.cninfo.com.cn/finalpage/2025-04-26/1223328775.PDF,demo管线自动生成-未人工复核,原始名称:供应商四
D230,供应商第5名(匿名),博众精工,2.48%(36700.00元),2024,半边槽位,demo/data/688097/688097__em_博众精工_em__2024_2024年年度报告.pdf,https://static.cninfo.com.cn/finalpage/2025-04-26/1223328775.PDF,demo管线自动生成-未人工复核,原始名称:供应商五
D231,博众精工,客户第1名(匿名),32.82%(2154855900.00元),2025,半边槽位,demo/data/688097/688097__em_博众精工_em__2025_2025年年度报告.pdf,https://static.cninfo.com.cn/finalpage/2026-04-11/1225096862.PDF,demo管线自动生成-未人工复核,原始名称:客户一
D232,博众精工,客户第2名(匿名),22.99%(1509184900.00元),2025,半边槽位,demo/data/688097/688097__em_博众精工_em__2025_2025年年度报告.pdf,https://static.cninfo.com.cn/finalpage/2026-04-11/1225096862.PDF,demo管线自动生成-未人工复核,原始名称:客户二
D233,博众精工,客户第3名(匿名),9.68%(635724400.00元),2025,半边槽位,demo/data/688097/688097__em_博众精工_em__2025_2025年年度报告.pdf,https://static.cninfo.com.cn/finalpage/2026-04-11/1225096862.PDF,demo管线自动生成-未人工复核,原始名称:客户三
D234,博众精工,客户第4名(匿名),7.08%(464699200.00元),2025,半边槽位,demo/data/688097/688097__em_博众精工_em__2025_2025年年度报告.pdf,https://static.cninfo.com.cn/finalpage/2026-04-11/1225096862.PDF,demo管线自动生成-未人工复核,原始名称:客户四
D235,博众精工,客户第5名(匿名),2.79%(183159200.00元),2025,半边槽位,demo/data/688097/688097__em_博众精工_em__2025_2025年年度报告.pdf,https://static.cninfo.com.cn/finalpage/2026-04-11/1225096862.PDF,demo管线自动生成-未人工复核,原始名称:客户五
D236,供应商第1名(匿名),博众精工,6.06%(291005100.00元),2025,半边槽位,demo/data/688097/688097__em_博众精工_em__2025_2025年年度报告.pdf,https://static.cninfo.com.cn/finalpage/2026-04-11/1225096862.PDF,demo管线自动生成-未人工复核,原始名称:供应商一
D237,供应商第2名(匿名),博众精工,4.58%(219898100.00元),2025,半边槽位,demo/data/688097/688097__em_博众精工_em__2025_2025年年度报告.pdf,https://static.cninfo.com.cn/finalpage/2026-04-11/1225096862.PDF,demo管线自动生成-未人工复核,原始名称:供应商二
D238,供应商第3名(匿名),博众精工,4.57%(219643500.00元),2025,半边槽位,demo/data/688097/688097__em_博众精工_em__2025_2025年年度报告.pdf,https://static.cninfo.com.cn/finalpage/2026-04-11/1225096862.PDF,demo管线自动生成-未人工复核,原始名称:供应商三
D239,供应商第4名(匿名),博众精工,3.43%(164558300.00元),2025,半边槽位,demo/data/688097/688097__em_博众精工_em__2025_2025年年度报告.pdf,https://static.cninfo.com.cn/finalpage/2026-04-11/1225096862.PDF,demo管线自动生成-未人工复核,原始名称:供应商四
D240,供应商第5名(匿名),博众精工,3.17%(152512400.00元),2025,半边槽位,demo/data/688097/688097__em_博众精工_em__2025_2025年年度报告.pdf,https://static.cninfo.com.cn/finalpage/2026-04-11/1225096862.PDF,demo管线自动生成-未人工复核,原始名称:供应商五
D241,普源精电,客户第1名(匿名),11.41%(75497800.00元),2023,半边槽位,demo/data/688337/688337__em_普源精电_em__2023_普源精电科技股份有限公司2023年年度报告.pdf,https://static.cninfo.com.cn/finalpage/2024-03-21/1219360668.PDF,demo管线自动生成-未人工复核,原始名称:客户 1
D242,普源精电,客户第2名(匿名),10.02%(66293200.00元),2023,半边槽位,demo/data/688337/688337__em_普源精电_em__2023_普源精电科技股份有限公司2023年年度报告.pdf,https://static.cninfo.com.cn/finalpage/2024-03-21/1219360668.PDF,demo管线自动生成-未人工复核,原始名称:客户 2
D243,普源精电,客户第3名(匿名),4.83%(31951600.00元),2023,半边槽位,demo/data/688337/688337__em_普源精电_em__2023_普源精电科技股份有限公司2023年年度报告.pdf,https://static.cninfo.com.cn/finalpage/2024-03-21/1219360668.PDF,demo管线自动生成-未人工复核,原始名称:客户 3
D244,普源精电,客户第4名(匿名),3.05%(20183400.00元),2023,半边槽位,demo/data/688337/688337__em_普源精电_em__2023_普源精电科技股份有限公司2023年年度报告.pdf,https://static.cninfo.com.cn/finalpage/2024-03-21/1219360668.PDF,demo管线自动生成-未人工复核,原始名称:客户 4
D245,普源精电,客户第5名(匿名),3.05%(20165900.00元),2023,半边槽位,demo/data/688337/688337__em_普源精电_em__2023_普源精电科技股份有限公司2023年年度报告.pdf,https://static.cninfo.com.cn/finalpage/2024-03-21/1219360668.PDF,demo管线自动生成-未人工复核,原始名称:客户 5
D246,供应商第1名(匿名),普源精电,18.00%(50095000.00元),2023,半边槽位,demo/data/688337/688337__em_普源精电_em__2023_普源精电科技股份有限公司2023年年度报告.pdf,https://static.cninfo.com.cn/finalpage/2024-03-21/1219360668.PDF,demo管线自动生成-未人工复核,原始名称:供应商 1
D247,供应商第2名(匿名),普源精电,16.19%(45040800.00元),2023,半边槽位,demo/data/688337/688337__em_普源精电_em__2023_普源精电科技股份有限公司2023年年度报告.pdf,https://static.cninfo.com.cn/finalpage/2024-03-21/1219360668.PDF,demo管线自动生成-未人工复核,原始名称:供应商 2
D248,供应商第3名(匿名),普源精电,4.09%(11379900.00元),2023,半边槽位,demo/data/688337/688337__em_普源精电_em__2023_普源精电科技股份有限公司2023年年度报告.pdf,https://static.cninfo.com.cn/finalpage/2024-03-21/1219360668.PDF,demo管线自动生成-未人工复核,原始名称:供应商 3
D249,供应商第4名(匿名),普源精电,3.88%(10802100.00元),2023,半边槽位,demo/data/688337/688337__em_普源精电_em__2023_普源精电科技股份有限公司2023年年度报告.pdf,https://static.cninfo.com.cn/finalpage/2024-03-21/1219360668.PDF,demo管线自动生成-未人工复核,原始名称:供应商 4
D250,供应商第5名(匿名),普源精电,3.50%(9742200.00元),2023,半边槽位,demo/data/688337/688337__em_普源精电_em__2023_普源精电科技股份有限公司2023年年度报告.pdf,https://static.cninfo.com.cn/finalpage/2024-03-21/1219360668.PDF,demo管线自动生成-未人工复核,原始名称:供应商 5
D251,普源精电,客户第1名(匿名),10.47%(79972000.00元),2024,半边槽位,demo/data/688337/688337__em_普源精电_em__2024_普源精电科技股份有限公司2024年年度报告.pdf,https://static.cninfo.com.cn/finalpage/2025-04-01/1222972886.PDF,demo管线自动生成-未人工复核,原始名称:客户 1
D252,普源精电,客户第2名(匿名),8.39%(64107400.00元),2024,半边槽位,demo/data/688337/688337__em_普源精电_em__2024_普源精电科技股份有限公司2024年年度报告.pdf,https://static.cninfo.com.cn/finalpage/2025-04-01/1222972886.PDF,demo管线自动生成-未人工复核,原始名称:客户 2
D253,普源精电,客户第3名(匿名),4.57%(34887000.00元),2024,半边槽位,demo/data/688337/688337__em_普源精电_em__2024_普源精电科技股份有限公司2024年年度报告.pdf,https://static.cninfo.com.cn/finalpage/2025-04-01/1222972886.PDF,demo管线自动生成-未人工复核,原始名称:客户 3
D254,普源精电,客户第4名(匿名),4.37%(33369900.00元),2024,半边槽位,demo/data/688337/688337__em_普源精电_em__2024_普源精电科技股份有限公司2024年年度报告.pdf,https://static.cninfo.com.cn/finalpage/2025-04-01/1222972886.PDF,demo管线自动生成-未人工复核,原始名称:客户 4
D255,普源精电,客户第5名(匿名),3.08%(23502300.00元),2024,半边槽位,demo/data/688337/688337__em_普源精电_em__2024_普源精电科技股份有限公司2024年年度报告.pdf,https://static.cninfo.com.cn/finalpage/2025-04-01/1222972886.PDF,demo管线自动生成-未人工复核,原始名称:客户 5
D256,供应商第1名(匿名),普源精电,14.02%(43553200.00元),2024,半边槽位,demo/data/688337/688337__em_普源精电_em__2024_普源精电科技股份有限公司2024年年度报告.pdf,https://static.cninfo.com.cn/finalpage/2025-04-01/1222972886.PDF,demo管线自动生成-未人工复核,原始名称:供应商 1
D257,供应商第2名(匿名),普源精电,9.30%(28901000.00元),2024,半边槽位,demo/data/688337/688337__em_普源精电_em__2024_普源精电科技股份有限公司2024年年度报告.pdf,https://static.cninfo.com.cn/finalpage/2025-04-01/1222972886.PDF,demo管线自动生成-未人工复核,原始名称:供应商 2
D258,供应商第3名(匿名),普源精电,4.22%(13100000.00元),2024,半边槽位,demo/data/688337/688337__em_普源精电_em__2024_普源精电科技股份有限公司2024年年度报告.pdf,https://static.cninfo.com.cn/finalpage/2025-04-01/1222972886.PDF,demo管线自动生成-未人工复核,原始名称:供应商 3
D259,供应商第4名(匿名),普源精电,3.41%(10588400.00元),2024,半边槽位,demo/data/688337/688337__em_普源精电_em__2024_普源精电科技股份有限公司2024年年度报告.pdf,https://static.cninfo.com.cn/finalpage/2025-04-01/1222972886.PDF,demo管线自动生成-未人工复核,原始名称:供应商 4
D260,供应商第5名(匿名),普源精电,3.30%(10266200.00元),2024,半边槽位,demo/data/688337/688337__em_普源精电_em__2024_普源精电科技股份有限公司2024年年度报告.pdf,https://static.cninfo.com.cn/finalpage/2025-04-01/1222972886.PDF,demo管线自动生成-未人工复核,原始名称:供应商 5
D261,普源精电,客户第1名(匿名),12.73%(112631500.00元),2025,半边槽位,demo/data/688337/688337__em_普源精电_em__2025_普源精电科技股份有限公司2025年年度报告.pdf,https://static.cninfo.com.cn/finalpage/2026-03-26/1225031855.PDF,demo管线自动生成-未人工复核,原始名称:客户 1
D262,普源精电,客户第2名(匿名),5.58%(49357600.00元),2025,半边槽位,demo/data/688337/688337__em_普源精电_em__2025_普源精电科技股份有限公司2025年年度报告.pdf,https://static.cninfo.com.cn/finalpage/2026-03-26/1225031855.PDF,demo管线自动生成-未人工复核,原始名称:客户 2
D263,普源精电,客户第3名(匿名),5.41%(47854200.00元),2025,半边槽位,demo/data/688337/688337__em_普源精电_em__2025_普源精电科技股份有限公司2025年年度报告.pdf,https://static.cninfo.com.cn/finalpage/2026-03-26/1225031855.PDF,demo管线自动生成-未人工复核,原始名称:客户 3
D264,普源精电,客户第4名(匿名),4.68%(41413800.00元),2025,半边槽位,demo/data/688337/688337__em_普源精电_em__2025_普源精电科技股份有限公司2025年年度报告.pdf,https://static.cninfo.com.cn/finalpage/2026-03-26/1225031855.PDF,demo管线自动生成-未人工复核,原始名称:客户 4
D265,普源精电,客户第5名(匿名),2.75%(24350400.00元),2025,半边槽位,demo/data/688337/688337__em_普源精电_em__2025_普源精电科技股份有限公司2025年年度报告.pdf,https://static.cninfo.com.cn/finalpage/2026-03-26/1225031855.PDF,demo管线自动生成-未人工复核,原始名称:客户 5
D266,供应商第1名(匿名),普源精电,8.53%(34513100.00元),2025,半边槽位,demo/data/688337/688337__em_普源精电_em__2025_普源精电科技股份有限公司2025年年度报告.pdf,https://static.cninfo.com.cn/finalpage/2026-03-26/1225031855.PDF,demo管线自动生成-未人工复核,原始名称:供应商 1
D267,供应商第2名(匿名),普源精电,4.75%(19235500.00元),2025,半边槽位,demo/data/688337/688337__em_普源精电_em__2025_普源精电科技股份有限公司2025年年度报告.pdf,https://static.cninfo.com.cn/finalpage/2026-03-26/1225031855.PDF,demo管线自动生成-未人工复核,原始名称:供应商 2
D268,供应商第3名(匿名),普源精电,3.47%(14039200.00元),2025,半边槽位,demo/data/688337/688337__em_普源精电_em__2025_普源精电科技股份有限公司2025年年度报告.pdf,https://static.cninfo.com.cn/finalpage/2026-03-26/1225031855.PDF,demo管线自动生成-未人工复核,原始名称:供应商 3
D269,供应商第4名(匿名),普源精电,3.43%(13862300.00元),2025,半边槽位,demo/data/688337/688337__em_普源精电_em__2025_普源精电科技股份有限公司2025年年度报告.pdf,https://static.cninfo.com.cn/finalpage/2026-03-26/1225031855.PDF,demo管线自动生成-未人工复核,原始名称:供应商 4
D270,供应商第5名(匿名),普源精电,3.38%(13670800.00元),2025,半边槽位,demo/data/688337/688337__em_普源精电_em__2025_普源精电科技股份有限公司2025年年度报告.pdf,https://static.cninfo.com.cn/finalpage/2026-03-26/1225031855.PDF,demo管线自动生成-未人工复核,原始名称:供应商 5
D271,奥特维,客户第1名(匿名),11.70%(737543500.00元),2023,半边槽位,demo/data/688516/688516__em_奥特维_em__2023_无锡奥特维科技股份有限公司2023年年度报告.pdf,https://static.cninfo.com.cn/finalpage/2024-03-26/1219401820.PDF,demo管线自动生成-未人工复核,原始名称:客户 1
D272,奥特维,客户第2名(匿名),6.16%(388527200.00元),2023,半边槽位,demo/data/688516/688516__em_奥特维_em__2023_无锡奥特维科技股份有限公司2023年年度报告.pdf,https://static.cninfo.com.cn/finalpage/2024-03-26/1219401820.PDF,demo管线自动生成-未人工复核,原始名称:客户 2
D273,奥特维,客户第3名(匿名),4.90%(308617300.00元),2023,半边槽位,demo/data/688516/688516__em_奥特维_em__2023_无锡奥特维科技股份有限公司2023年年度报告.pdf,https://static.cninfo.com.cn/finalpage/2024-03-26/1219401820.PDF,demo管线自动生成-未人工复核,原始名称:客户 3
D274,奥特维,客户第4名(匿名),4.72%(297558400.00元),2023,半边槽位,demo/data/688516/688516__em_奥特维_em__2023_无锡奥特维科技股份有限公司2023年年度报告.pdf,https://static.cninfo.com.cn/finalpage/2024-03-26/1219401820.PDF,demo管线自动生成-未人工复核,原始名称:客户 4
D275,奥特维,客户第5名(匿名),4.33%(272601200.00元),2023,半边槽位,demo/data/688516/688516__em_奥特维_em__2023_无锡奥特维科技股份有限公司2023年年度报告.pdf,https://static.cninfo.com.cn/finalpage/2024-03-26/1219401820.PDF,demo管线自动生成-未人工复核,原始名称:客户 5
D276,供应商第1名(匿名),奥特维,9.01%(648343100.00元),2023,半边槽位,demo/data/688516/688516__em_奥特维_em__2023_无锡奥特维科技股份有限公司2023年年度报告.pdf,https://static.cninfo.com.cn/finalpage/2024-03-26/1219401820.PDF,demo管线自动生成-未人工复核,原始名称:供应商 1
D277,供应商第2名(匿名),奥特维,4.73%(340483000.00元),2023,半边槽位,demo/data/688516/688516__em_奥特维_em__2023_无锡奥特维科技股份有限公司2023年年度报告.pdf,https://static.cninfo.com.cn/finalpage/2024-03-26/1219401820.PDF,demo管线自动生成-未人工复核,原始名称:供应商 2
D278,供应商第3名(匿名),奥特维,2.80%(201347700.00元),2023,半边槽位,demo/data/688516/688516__em_奥特维_em__2023_无锡奥特维科技股份有限公司2023年年度报告.pdf,https://static.cninfo.com.cn/finalpage/2024-03-26/1219401820.PDF,demo管线自动生成-未人工复核,原始名称:供应商 3
D279,供应商第4名(匿名),奥特维,2.26%(162243600.00元),2023,半边槽位,demo/data/688516/688516__em_奥特维_em__2023_无锡奥特维科技股份有限公司2023年年度报告.pdf,https://static.cninfo.com.cn/finalpage/2024-03-26/1219401820.PDF,demo管线自动生成-未人工复核,原始名称:供应商 4
D280,供应商第5名(匿名),奥特维,1.93%(138975900.00元),2023,半边槽位,demo/data/688516/688516__em_奥特维_em__2023_无锡奥特维科技股份有限公司2023年年度报告.pdf,https://static.cninfo.com.cn/finalpage/2024-03-26/1219401820.PDF,demo管线自动生成-未人工复核,原始名称:供应商 5
D281,奥特维,客户第1名(匿名),13.25%(1219060100.00元),2024,半边槽位,demo/data/688516/688516__em_奥特维_em__2024_无锡奥特维科技股份有限公司2024年年度报告.pdf,https://static.cninfo.com.cn/finalpage/2025-04-22/1223196083.PDF,demo管线自动生成-未人工复核,原始名称:客户 1
D282,奥特维,客户第2名(匿名),13.12%(1206693200.00元),2024,半边槽位,demo/data/688516/688516__em_奥特维_em__2024_无锡奥特维科技股份有限公司2024年年度报告.pdf,https://static.cninfo.com.cn/finalpage/2025-04-22/1223196083.PDF,demo管线自动生成-未人工复核,原始名称:客户 2
D283,奥特维,客户第3名(匿名),7.22%(663889900.00元),2024,半边槽位,demo/data/688516/688516__em_奥特维_em__2024_无锡奥特维科技股份有限公司2024年年度报告.pdf,https://static.cninfo.com.cn/finalpage/2025-04-22/1223196083.PDF,demo管线自动生成-未人工复核,原始名称:客户 3
D284,奥特维,客户第4名(匿名),6.31%(579913800.00元),2024,半边槽位,demo/data/688516/688516__em_奥特维_em__2024_无锡奥特维科技股份有限公司2024年年度报告.pdf,https://static.cninfo.com.cn/finalpage/2025-04-22/1223196083.PDF,demo管线自动生成-未人工复核,原始名称:客户 4
D285,奥特维,客户第5名(匿名),6.03%(554912000.00元),2024,半边槽位,demo/data/688516/688516__em_奥特维_em__2024_无锡奥特维科技股份有限公司2024年年度报告.pdf,https://static.cninfo.com.cn/finalpage/2025-04-22/1223196083.PDF,demo管线自动生成-未人工复核,原始名称:客户 5
D286,供应商第1名(匿名),奥特维,31.49%(258075400.00元),2024,半边槽位,demo/data/688516/688516__em_奥特维_em__2024_无锡奥特维科技股份有限公司2024年年度报告.pdf,https://static.cninfo.com.cn/finalpage/2025-04-22/1223196083.PDF,demo管线自动生成-未人工复核,原始名称:供应商 1
D287,供应商第2名(匿名),奥特维,45.59%(133338500.00元),2024,半边槽位,demo/data/688516/688516__em_奥特维_em__2024_无锡奥特维科技股份有限公司2024年年度报告.pdf,https://static.cninfo.com.cn/finalpage/2025-04-22/1223196083.PDF,demo管线自动生成-未人工复核,原始名称:供应商 2
D288,供应商第3名(匿名),奥特维,81.33%(112182300.00元),2024,半边槽位,demo/data/688516/688516__em_奥特维_em__2024_无锡奥特维科技股份有限公司2024年年度报告.pdf,https://static.cninfo.com.cn/finalpage/2025-04-22/1223196083.PDF,demo管线自动生成-未人工复核,原始名称:供应商 3
D289,供应商第4名(匿名),奥特维,53.6%(89639300.00元),2024,半边槽位,demo/data/688516/688516__em_奥特维_em__2024_无锡奥特维科技股份有限公司2024年年度报告.pdf,https://static.cninfo.com.cn/finalpage/2025-04-22/1223196083.PDF,demo管线自动生成-未人工复核,原始名称:供应商 4
D290,供应商第5名(匿名),奥特维,46.26%(59657800.00元),2024,半边槽位,demo/data/688516/688516__em_奥特维_em__2024_无锡奥特维科技股份有限公司2024年年度报告.pdf,https://static.cninfo.com.cn/finalpage/2025-04-22/1223196083.PDF,demo管线自动生成-未人工复核,原始名称:供应商 5
D291,奥特维,客户第1名(匿名),15.35%(981740400.00元),2025,半边槽位,demo/data/688516/688516__em_奥特维_em__2025_无锡奥特维科技股份有限公司2025年年度报告.pdf,https://static.cninfo.com.cn/finalpage/2026-04-23/1225145661.PDF,demo管线自动生成-未人工复核,原始名称:客户 1
D292,奥特维,客户第2名(匿名),10.9%(697400100.00元),2025,半边槽位,demo/data/688516/688516__em_奥特维_em__2025_无锡奥特维科技股份有限公司2025年年度报告.pdf,https://static.cninfo.com.cn/finalpage/2026-04-23/1225145661.PDF,demo管线自动生成-未人工复核,原始名称:客户 2
D293,奥特维,客户第3名(匿名),7.75%(495704700.00元),2025,半边槽位,demo/data/688516/688516__em_奥特维_em__2025_无锡奥特维科技股份有限公司2025年年度报告.pdf,https://static.cninfo.com.cn/finalpage/2026-04-23/1225145661.PDF,demo管线自动生成-未人工复核,原始名称:客户 3
D294,奥特维,客户第4名(匿名),6.39%(408638400.00元),2025,半边槽位,demo/data/688516/688516__em_奥特维_em__2025_无锡奥特维科技股份有限公司2025年年度报告.pdf,https://static.cninfo.com.cn/finalpage/2026-04-23/1225145661.PDF,demo管线自动生成-未人工复核,原始名称:客户 4
D295,奥特维,客户第5名(匿名),5.41%(345974100.00元),2025,半边槽位,demo/data/688516/688516__em_奥特维_em__2025_无锡奥特维科技股份有限公司2025年年度报告.pdf,https://static.cninfo.com.cn/finalpage/2026-04-23/1225145661.PDF,demo管线自动生成-未人工复核,原始名称:客户 5
D296,供应商第1名(匿名),奥特维,5.58%(157361600.00元),2025,半边槽位,demo/data/688516/688516__em_奥特维_em__2025_无锡奥特维科技股份有限公司2025年年度报告.pdf,https://static.cninfo.com.cn/finalpage/2026-04-23/1225145661.PDF,demo管线自动生成-未人工复核,原始名称:供应商 1
D297,供应商第2名(匿名),奥特维,3.20%(90272900.00元),2025,半边槽位,demo/data/688516/688516__em_奥特维_em__2025_无锡奥特维科技股份有限公司2025年年度报告.pdf,https://static.cninfo.com.cn/finalpage/2026-04-23/1225145661.PDF,demo管线自动生成-未人工复核,原始名称:供应商 2
D298,供应商第3名(匿名),奥特维,2.02%(56859000.00元),2025,半边槽位,demo/data/688516/688516__em_奥特维_em__2025_无锡奥特维科技股份有限公司2025年年度报告.pdf,https://static.cninfo.com.cn/finalpage/2026-04-23/1225145661.PDF,demo管线自动生成-未人工复核,原始名称:供应商 3
D299,供应商第4名(匿名),奥特维,1.52%(42960400.00元),2025,半边槽位,demo/data/688516/688516__em_奥特维_em__2025_无锡奥特维科技股份有限公司2025年年度报告.pdf,https://static.cninfo.com.cn/finalpage/2026-04-23/1225145661.PDF,demo管线自动生成-未人工复核,原始名称:供应商 4
D300,供应商第5名(匿名),奥特维,1.46%(41131000.00元),2025,半边槽位,demo/data/688516/688516__em_奥特维_em__2025_无锡奥特维科技股份有限公司2025年年度报告.pdf,https://static.cninfo.com.cn/finalpage/2026-04-23/1225145661.PDF,demo管线自动生成-未人工复核,原始名称:供应商 5
