edge_id,供方,需方,供方point_id,需方point_id,数值类型,数值,单位,占比或金额原文,财年,边等级,证据文件,锚点,验证状态,备注
E001,Fabrinet,NVIDIA,P001,EXT,占比,27.6,,27.6%,FY2025(至2025-06),实边,Fabrinet 10-K FY2025,https://www.sec.gov/Archives/edgar/data/1408710/000140871025000039/fn-20250627.htm,会话端已验证-SEC原文命中,约9.4亿美元代工额
E002,Fabrinet,NVIDIA,P001,EXT,占比,35.1,,35.1%,FY2024,实边,Fabrinet 10-K FY2024,https://investor.fabrinet.com/static-files/7ddbe628-5ad6-4f71-85c1-88baa3ab2704,会话端已验证,
E003,Fabrinet,Cisco,P001,,占比,18.2,,18.2%,FY2025,实边,Fabrinet 10-K FY2025,同E001,会话端已验证,
E004,Fabrinet,Cisco,P001,,占比,13.4,,13.4%,FY2024,实边,Fabrinet 10-K FY2024,同E002,会话端已验证,
E005,Fabrinet,Lumentum,P001,,占比,19,,19%,FY2020,实边,Fabrinet 10-K FY2020财报表,https://www.sec.gov/Archives/edgar/data/1408710/000119312520223682/Financial_Report.xlsx,会话端已验证,历史时代锚点
E006,Fabrinet,Acacia,P001,,占比,10,,10%,FY2020,实边,同E005,同E005,会话端已验证,
E007,Fabrinet,Infinera,P001,,占比,10,,10%,FY2020,实边,同E005,同E005,会话端已验证,
E008,NeoPhotonics,华为+海思,,,占比,41,,41%,2019,实边,NeoPhotonics 10-K FY2019,https://www.sec.gov/Archives/edgar/data/1227025/000122702520000020/nptn12311910k.htm,会话端已验证-SEC原文命中,2017:40%/2018:46%/2020:40%/2021归零;死亡序列见seed findings|原等级:实边(已死亡)
E009,NeoPhotonics,Ciena,,,占比,29,,29%,2019,实边,同E008,同E008,会话端已验证,2017:16%/2018:24%
E010,猎奇智能,中际旭创(作为客户),P055,,占比,58.85,,58.85%,2024,实边,创业板IPO招股书申报稿,腾讯转述页+深交所审核项目页可取原文,会话端已验证+抽检交叉,新版申报稿2025降至53.42%;老化测试毛利率50.65%→12.55%
E011,ficonTEC(罗博特科),博通(客户),,,,,,已交付14台CPO耦合设备,2024,实边,交易所审核问询函回复,SEC式锚:file.finance.qq.com/1222144802.PDF(问询回复PDF),会话端抽检逐字命中,唯一供应商表述|多期打包待展开
E012,ficonTEC(罗博特科),NVIDIA(客户),,EXT,,,,在手订单2433.83万欧元(至2024-07-31),2024,实边,天健问询专项说明,多源逐字一致,会话端抽检命中,后续升级:超50台/在手4800万欧元(至2024-12-13)|多期打包待展开
E013,派克新材,等离子体所(客户),,,,,,815万元中标,2025-09,实边,中标公示,聚变域收割库F043,会话端已验证,跨行业样本仅作边schema参考(边界外)|多期打包待展开
E014,凯格精机,Fabrinet(疑似客户),,P001,,,,800G/1.6T组装产线交付,2025,半边,互动平台回应(未点名)+财联社,光模块收割库OF007,待P2处理,产线数量3条vs2条口径不一致待解|多期打包待展开
E015,新易盛,客户一(匿名),,ANON,,,,36.79%(1139711326.47元),2023,半边,新易盛2023年报,http://static.cninfo.com.cn/finalpage/2024-04-23/1219746778.PDF,P2原文复核-修正转录值36.3%→36.79%,候选云巨头;解匿上限预期C级;判例#001|多期打包待展开|原等级:半边槽位
E016,新易盛,浙江粮油(出口代理),,EXT,,,,收入确认政策点名,2023-2025,实边,新易盛2023/2024/2025年报收入确认政策,http://static.cninfo.com.cn/finalpage/2025-04-23/1223219348.PDF,"P2原文已验证-全称""浙江省粮油食品进出口股份有限公司""逐字命中","贸易商夹层实证;取得""货物出口汇总清单""时确认收入;可顺报关侧追|多期打包待展开|原等级:程序段落泄漏"
E017,AAOI,Microsoft,,EXT,占比,46.6,,46.6%,2023,实边,AAOI 10-K FY2023,https://www.sec.gov/Archives/edgar/data/1158114/000143774924005367/aaoi20231231_10k.htm,本轮P1-SEC原文命中,2021:14.1%/2022:18.4%
E018,AAOI,Microsoft,,EXT,占比,43.7,,43.7%,2024,实边,AAOI 10-K FY2024,https://www.sec.gov/Archives/edgar/data/1158114/000143774925005575/aaoi20241231_10k.htm,本轮P1-SEC原文命中,
E019,AAOI,Microsoft,,EXT,占比,28.8,,28.8%,2025,实边,AAOI 10-K FY2025,https://www.sec.gov/Archives/edgar/data/1158114/000143774926005875/aaoi20251231_10k.htm,本轮P1-SEC原文命中,FY2025文件MD&A段三年序列有笔误与概况段不一致(见anomalies);以概况段28.8/43.7/46.6为准
E020,AAOI,Oracle,,EXT,占比,12.4,,12.4%,2024,实边,AAOI 10-K FY2024,同E018,本轮P1-SEC原文命中,"2022:5.9%/2023:8.8%;2023年在FY2023年报匿名为""U.S. based large data center operator""、FY2024年报追溯实名——披露史考古实证样本"
E021,AAOI,ATX Networks,,,占比,47.3,,47.3%,2022,实边,AAOI 10-K FY2023,同E017,本轮P1-SEC原文命中,2021:25.6%;CATV市场
E022,AAOI,ATX Networks,,,占比,15.6,,15.6%,2023,实边,AAOI 10-K FY2023,同E017,本轮P1-SEC原文命中,2024归零——客户关系死亡样本
E023,AAOI,Digicomm,,EXT,占比,11.3,,11.3%,2023,实边,AAOI 10-K FY2023,同E017,本轮P1-SEC原文命中,2021/2022均为0;Digicomm为CATV分销商非终端
E024,AAOI,Digicomm,,EXT,占比,34.1,,34.1%,2024,实边,AAOI 10-K FY2024,同E018,本轮P1-SEC原文命中,
E025,AAOI,Digicomm,,EXT,占比,53.1,,53.1%,2025,实边,AAOI 10-K FY2025,同E019,本轮P1-SEC原文命中,分销商放量;终端MSO不可见——分销夹层
E026,Lumentum,Apple,,EXT,占比,30.2,,30.2%,FY2021(至2021-07),实边,Lumentum 10-K FY2023,https://www.sec.gov/Archives/edgar/data/1633978/000162828023030374/lite-20230701.htm,本轮P1-SEC原文命中,3D传感/消费端非光通信
E027,Lumentum,Apple,,EXT,占比,28.7,,28.7%,FY2022,实边,Lumentum 10-K FY2023,同E026,本轮P1-SEC原文命中,
E028,Lumentum,Apple,,EXT,占比,12.1,,12.1%,FY2023,实边,Lumentum 10-K FY2023,同E026,本轮P1-SEC原文命中,FY2024起<10%退出表;FY2025匿名表Customer C的FY2023列=12.1%指纹吻合
E029,Lumentum,Ciena,,,占比,10.1,,10.1%,FY2021,实边,Lumentum 10-K FY2023,同E026,本轮P1-SEC原文命中,
E030,Lumentum,Ciena,,,占比,12.6,,12.6%,FY2022,实边,Lumentum 10-K FY2023,同E026,本轮P1-SEC原文命中,
E031,Lumentum,Ciena,,,占比,15.3,,15.3%,FY2023,实边,Lumentum 10-K FY2023,同E026,本轮P1-SEC原文命中,与NeoPhotonics-Ciena(E009)同客户——Lumentum收购NPTN后承接
E032,Lumentum,Ciena,,,占比,11.4,,11.4%,FY2024,实边,Lumentum 10-K FY2024,https://www.sec.gov/Archives/edgar/data/1633978/000162828024038024/lite-20240629.htm,本轮P1-SEC原文命中,
E033,Lumentum,华为,,,占比,10.8,,10.8%,FY2021(2020-07至2021-07),实边,Lumentum 10-K FY2023,同E026,本轮P1-SEC原文命中,跨境边;实体清单升级后财年仍>10%;FY2022起<10%——第二条对华断边时间序列
E034,Lumentum,Nokia,,,占比,10.5,,10.5%,FY2023,实边,Lumentum 10-K FY2023,同E026,本轮P1-SEC原文命中,
E035,Lumentum,Google,,EXT,占比,18.9,,18.9%,FY2024,实边,Lumentum 10-K FY2024,同E032,本轮P1-SEC原文命中,云巨头实名直销边——罕见样本;datacom激光/组件
E036,Lumentum,Ciena(解匿),,,占比,16.0,,16.0%,FY2025,推断A,Lumentum 10-K FY2025+FY2024+FY2023考古,https://www.sec.gov/Archives/edgar/data/1633978/000162828025040830/lite-20250628.htm,P3判例#003-A级,原Customer A;四组指纹自洽双射;判例见deanonymization-cases.md|原等级:推断边(A级)
E037,Lumentum,Google(解匿),,EXT,占比,15.4,,15.4%,FY2025,推断A,Lumentum 10-K FY2025+FY2024考古,同E036,P3判例#003-A级,原Customer B;FY2024列18.9%=Google实名值|原等级:推断边(A级)
E038,Fabrinet(解匿),Lumentum,P001,,,,,采购占比FY2023:42.5%/FY2024:30.3%/FY2025:25.1%,FY2023-FY2025,推断B,Lumentum 10-K FY2024/FY2025+Fabrinet 10-K FY2023反照,同E032;同E036,P3判例#004-B级终态(R2审查:U门闭合$1272M上界/L门客户级归类不,原Contract Manufacturer A;对手方实名+量级排除强化(全额进入分母则占32%);FY2023年报口径43%后重列42.5%|多期打包待展开|原等级:推断边(B级)
E039,Coherent,匿名客户(FY2023),,ANON,占比,10,,10%,FY2023(至2023-06),半边,Coherent 10-K FY2023,https://www.sec.gov/Archives/edgar/data/820318/000082031823000016/iivi-20230630.htm,本轮P1登记,Networking段;Coherent制度性不点名|原等级:半边槽位
E040,Coherent,匿名客户(FY2024),,ANON,占比,10,,10%,FY2024,半边,Coherent 10-K FY2024,https://www.sec.gov/Archives/edgar/data/820318/000082031824000016/iivi-20240630.htm,本轮P1登记,"年报明示与FY2023客户不同人(""another major customer"")|原等级:半边槽位"
E041,Coherent,匿名客户1(FY2025),,ANON,占比,12,,12%,FY2025,半边,Coherent 10-K FY2025,https://www.sec.gov/Archives/edgar/data/820318/000082031825000014/iivi-20250630.htm,本轮P1登记,"Networking段;年报明示FY2024客户是""a different major customer""|原等级:半边槽位"
E042,Coherent,匿名客户2(FY2025),,ANON,占比,10,,10%,FY2025,半边,Coherent 10-K FY2025,同E041,本轮P1登记,Networking段|原等级:半边槽位
E043,天孚通信,Fabrinet,P024,P001,,,,63.31%(3268843594.94元),2025,实边,天孚通信2025年报前五大客户表(实名),http://static.cninfo.com.cn/finalpage/2026-04-08/1225082705.PDF,本轮P2原文命中,A股前五大表实名例外样本;链条天孚→Fabrinet→NVIDIA两跳全实名|多期打包待展开
E044,中际旭创,PINEWAVE(关联方),,,,,,43378万美元(占同类关联交易100%),2025,实边,中际旭创2025年报重大关联交易表,http://static.cninfo.com.cn/finalpage/2026-03-31/1225056459.PDF,本轮P2原文命中,关联关系:关联自然人任职;获批额度5亿美元;客户E占比8.10%=前五大关联方销售占比8.10%且金额指纹吻合(判例#002)|多期打包待展开
E045,猎奇智能,中际旭创,P055,,,,,53.42%(37277.97万元),2025,实边,创业板IPO招股书申报稿(2026-04),https://reportdocs.static.szse.cn/UpFiles/rasinfodisc1/202604/RAS_202604_2219353F853040F4664F68A9C0227EAD584A6C.pdf,本轮P2原文命中,三年序列62.19%(2023)/58.85%(2024)/53.42%(2025);升级seed E010锚点为深交所原文|多期打包待展开
E046,猎奇智能,索恩格,P055,,,,,10.12%(7059.21万元),2025,实边,同E045,同E045,本轮P2原文命中,汽车自动化线;2024:6.27%/2023:6.89%|多期打包待展开
E047,猎奇智能,索尔思(Source Photonics),P055,,,,,6.55%(4569.15万元),2025,实边,同E045,同E045,本轮P2原文命中,"光模块厂新客户;招股书注明""新拓展客户，交易规模保持增长""|多期打包待展开"
E048,猎奇智能,光迅科技,P055,P016,,,,11.23%(6097.74万元),2024,实边,同E045,同E045,本轮P2原文命中,2025年跌出前五|多期打包待展开
E049,猎奇智能,源杰科技,P055,P052,,,,10.77%(3115.80万元),2023,实边,同E045,同E045,本轮P2原文命中,2024/2025跌出前五;按扩产周期波动|多期打包待展开
E050,猎奇智能,苏世博,P055,,,,,5.58%(3890.49万元),2025,实边,同E045,同E045,本轮P2原文命中,自动化线;2024:3.00%|多期打包待展开
E051,星微科技,猎奇智能,,P055,,,,10.41%(2710.62万元),2023,实边,同E045(供应商表-实名),同E045,本轮P2原文命中,驱动控制类;2024:6.54%/2025:4.63%;IPO文件是A股域唯一双侧实名文件类型|多期打包待展开
E052,奥普瑞,猎奇智能,,P055,,,,5.85%(5040.29万元),2025,实边,同E045,同E045,本轮P2原文命中,加工件;2024:5.81%/2023:4.32%|多期打包待展开
E053,南央国际,猎奇智能,EXT,P055,,,,3.00%(2586.96万元),2025,实边,同E045,同E045,本轮P2原文命中,滑台类日本代理;三年均入前五|多期打包待展开
E054,津微光电,猎奇智能,EXT,P055,,,,3.69%(1007.62万元),2024,实边,同E045,同E045,本轮P2原文命中,神津精机(日本)代理商——上游日系依赖标记|多期打包待展开
E055,中际旭创,客户A(匿名),,ANON,,,,24.06%(9201495755.91元),2025,半边,中际旭创2025年报,同E044,本轮P2登记-待解匿,云巨头直销槽位候选;上限C级|多期打包待展开|原等级:半边槽位
E056,中际旭创,客户B(匿名),,ANON,,,,18.26%(6981202208.21元),2025,半边,同E044,同E044,本轮P2登记-待解匿,|多期打包待展开|原等级:半边槽位
E057,中际旭创,客户C(匿名),,ANON,,,,14.22%(5438189570.59元),2025,半边,同E044,同E044,本轮P2登记-待解匿,|多期打包待展开|原等级:半边槽位
E058,中际旭创,客户D(匿名),,ANON,,,,11.34%(4337902496.40元),2025,半边,同E044,同E044,本轮P2登记-待解匿,|多期打包待展开|原等级:半边槽位
E059,供应商A(匿名),中际旭创,ANON,,,,,35.76%(8885926791.46元),2025,半边,同E044,同E044,本轮P2登记-待解匿,采购集中度头部;光芯片/EML候选域|多期打包待展开|原等级:半边槽位
E060,新易盛,客户第一名(匿名),,ANON,,,,22.97%(5706560719.37元),2025,半边,新易盛2025年报,http://static.cninfo.com.cn/finalpage/2026-04-24/1225172598.PDF,本轮P2登记-待解匿,2024第一名31.74%(2744287306.63元)/2023即E015;云巨头直销槽位候选|多期打包待展开|原等级:半边槽位
E061,新易盛,客户第二名(匿名),,ANON,,,,16.64%(4133465492.45元),2025,半边,同E060,同E060,本轮P2登记-待解匿,2024第二名12.39%|多期打包待展开|原等级:半边槽位
E062,新易盛,客户第三名(匿名),,ANON,,,,15.63%(3881540609.61元),2025,半边,同E060,同E060,本轮P2登记-待解匿,2024第三名12.15%|多期打包待展开|原等级:半边槽位
E063,新易盛,客户第四名(匿名),,ANON,,,,10.96%(2721814735.32元),2025,半边,同E060,同E060,本轮P2登记-待解匿,|多期打包待展开|原等级:半边槽位
E064,供应商第一名(匿名),新易盛,ANON,,,,,23.87%(3666795583.83元),2025,半边,同E060,同E060,本轮P2登记-待解匿,2024:23.57%/2023:15.03%;光芯片候选域|多期打包待展开|原等级:半边槽位
E065,天孚通信,客户2(匿名),P024,ANON,,,,11.66%(601931536.36元),2025,半边,天孚通信2025年报,同E043,本轮P2登记-待解匿,第一名Fabrinet已实名(E043)|多期打包待展开|原等级:半边槽位
E066,供应商1(匿名),天孚通信,ANON,P024,,,,34.81%(832889806.30元),2025,半边,同E043,同E043,本轮P2登记-待解匿,|多期打包待展开|原等级:半边槽位
E067,猎奇智能,客户五(匿名),P055,ANON,,,,11.32%(3273.09万元),2023,半边,同E045,同E045,本轮P2登记-待解匿,半导体封装测试设备客户;2024:3.48%/2025:3.74%;全表唯一匿名客户|多期打包待展开|原等级:半边槽位
E068,Fabrinet,Lumentum,P001,,占比,15.4,,15.4%,FY2023,实边,Fabrinet 10-K FY2023,https://www.sec.gov/Archives/edgar/data/1408710/000140871023000028/fn-20230630.htm,本轮P3-SEC原文命中,FY2022:10.3%/FY2021:13.6%;判例#004对侧证据
E069,Fabrinet,NVIDIA,P001,EXT,占比,12.5,,12.5%,FY2023,实边,Fabrinet 10-K FY2023,同E068,本轮P3-SEC原文命中,NVIDIA首次进Fabrinet≥10%表——E001/E002的前史起点
E070,Fabrinet,Cisco,P001,,占比,15.6,,15.6%,FY2023,实边,Fabrinet 10-K FY2023,同E068,本轮P3-SEC原文命中,FY2022:25.4%/FY2021:10.7%
E071,Fabrinet,Infinera,P001,,占比,12.4,,12.4%,FY2023,实边,Fabrinet 10-K FY2023,同E068,本轮P3-SEC原文命中,FY2022:12.5%/FY2021:11.6%;Infinera 2025并入Nokia
E072,天孚通信,Fabrinet,P024,P001,,,,53.61%(1039308855.95元),2023,实边,天孚通信2023年报前五大客户表(实名),https://static.cninfo.com.cn/finalpage/2024-04-22/1219698777.PDF,正式版管线产出-人工原文复核通过,"原文名""Fabrinet Co.，Ltd.(半角逗号转全角避CSV列分裂)"";三年序列53.61→61.69→63.31起点|多期打包待展开"
E073,天孚通信,Fabrinet,P024,P001,,,,61.69%(2005917035.59元),2024,实边,天孚通信2024年报前五大客户表(实名),https://static.cninfo.com.cn/finalpage/2025-04-21/1223152632.PDF,正式版管线产出-人工原文复核通过,|多期打包待展开
E074,光迅科技,烽火通信,P016,EXT,,,,5.59%(369224117.92元),2023,实边,光迅科技2023年报前五大客户表(实名),https://static.cninfo.com.cn/finalpage/2024-04-26/1219826062.PDF,正式版管线产出-人工原文复核通过,"原文全称""烽火通信科技股份有限公司"";关联方锁定:前五大关联方销售占比5.59%逐位相等;同属中国信科体系;2024/2025年跌出前五;R4双侧核对:金额为含税口径(÷1.13=附注不含税3.267|多期打包待展开;codex复核:烽火=下游系统商BOM无格,端点转EXT"
E075,光迅科技,客户1(匿名),P016,ANON,,,,15.16%(1807934600.51元),2025,半边,光迅科技2025年报,https://static.cninfo.com.cn/finalpage/2026-04-23/1225148212.PDF,正式版管线产出-人工原文复核通过,2024:12.42%/2023:15.24%(2023年第一名)|多期打包待展开|原等级:半边槽位
E076,罗博特科,客户一(匿名),P059,ANON,,,,19.35%(183805309.74元),2025,半边,罗博特科2025年报,https://static.cninfo.com.cn/finalpage/2026-03-31/1225059372.PDF,正式版管线产出-人工原文复核通过,前五集中度63.14%|多期打包待展开|原等级:半边槽位
E077,凯格精机,第一名(匿名),,ANON,,,,8.51%(94811977.48元),2025,半边,凯格精机2025年报,https://static.cninfo.com.cn/finalpage/2026-04-28/1225202249.PDF,正式版管线产出-人工原文复核通过,前五集中度仅27.65%——设备商客户分散样本|多期打包待展开|原等级:半边槽位
E078,快克智能,客户一(匿名),,ANON,,,,12.13%(131019640.80元),2025,半边,快克智能2025年报,https://static.cninfo.com.cn/finalpage/2026-04-24/1225173150.PDF,正式版管线产出-人工原文复核通过,沪市模板但金额单位为元(模板变体)|多期打包待展开|原等级:半边槽位
E079,普源精电,客户1(匿名),,ANON,,,,12.73%(112631500.00元),2025,半边,普源精电2025年报,https://static.cninfo.com.cn/finalpage/2026-03-26/1225031855.PDF,正式版管线产出-人工原文复核通过,"行级关联列全""否""|多期打包待展开|原等级:半边槽位"
E080,奥特维,客户1(匿名),,ANON,,,,15.35%(981740400.00元),2025,半边,奥特维2025年报,https://static.cninfo.com.cn/finalpage/2026-04-23/1225145661.PDF,正式版管线产出-人工原文复核通过,主业光伏设备;光模块设备为扩张线|多期打包待展开|原等级:半边槽位
E081,博众精工,客户一(匿名),,ANON,,,,32.82%(2154855900.00元),2025,半边,博众精工2025年报,https://static.cninfo.com.cn/finalpage/2026-04-11/1225096862.PDF,正式版管线产出-人工原文复核通过,前五集中度75.36%高依赖;3C自动化主业|多期打包待展开|原等级:半边槽位
E082,联讯仪器,Power Master,P061,,,,,9.06%(1821.39万元),2025Q1,实边,联讯仪器IPO招股书申报稿(前五大客户表),https://static.sse.com.cn/stock/disclosure/announcement/c/202508/002075_20250815_QAVG.pdf,v1.3管线抽取+人工原文复核通过,"功率器件测试设备;Power Master Semiconductor Co.,Ltd.|多期打包待展开"
E083,联讯仪器,新易盛,P061,,,,,8.29%(1668.10万元),2025Q1,实边,联讯仪器IPO招股书申报稿(前五大客户表),https://static.sse.com.cn/stock/disclosure/announcement/c/202508/002075_20250815_QAVG.pdf,v1.3管线抽取+人工原文复核通过,光电子器件测试设备;成都新易盛通信技术股份有限公司|多期打包待展开
E084,联讯仪器,讯速信远,P061,EXT,,,,5.47%(1100.78万元),2025Q1,实边,联讯仪器IPO招股书申报稿(前五大客户表),https://static.sse.com.cn/stock/disclosure/announcement/c/202508/002075_20250815_QAVG.pdf,v1.3管线抽取+人工原文复核通过,经销;通信测试仪器+光电子器件测试设备;成都讯速信远科技等同一控制|多期打包待展开
E085,联讯仪器,光迅科技,P061,P016,占比,7.57,,7.57%,2024,实边,联讯仪器IPO招股书申报稿(前五大客户表),https://static.sse.com.cn/stock/disclosure/announcement/c/202508/002075_20250815_QAVG.pdf,v1.3管线抽取+人工原文复核通过,武汉光迅科技股份有限公司;与其IPO客户E048互为对手方
E086,联讯仪器,士兰微,P061,,占比,6.92,,6.92%,2024,实边,联讯仪器IPO招股书申报稿(前五大客户表),https://static.sse.com.cn/stock/disclosure/announcement/c/202508/002075_20250815_QAVG.pdf,v1.3管线抽取+人工原文复核通过,杭州士兰微电子股份有限公司
E087,联讯仪器,海信集团,P061,,占比,6.54,,6.54%,2024,实边,联讯仪器IPO招股书申报稿(前五大客户表),https://static.sse.com.cn/stock/disclosure/announcement/c/202508/002075_20250815_QAVG.pdf,v1.3管线抽取+人工原文复核通过,青岛海信宽带多媒体+广东海信宽带等同一控制
E088,联讯仪器,中际旭创,P061,,占比,6.26,,6.26%,2024,实边,联讯仪器IPO招股书申报稿(前五大客户表),https://static.sse.com.cn/stock/disclosure/announcement/c/202508/002075_20250815_QAVG.pdf,v1.3管线抽取+人工原文复核通过,通信测试仪器;中际旭创股份有限公司
E089,联讯仪器,海信集团,P061,,,,,15.33%(4227.19万元),2023,实边,联讯仪器IPO招股书申报稿(前五大客户表),https://static.sse.com.cn/stock/disclosure/announcement/c/202508/002075_20250815_QAVG.pdf,v1.3管线抽取+人工原文复核通过,通信测试仪器+光电子器件测试设备|多期打包待展开
E090,联讯仪器,中际旭创,P061,,,,,14.75%(4068.26万元),2023,实边,联讯仪器IPO招股书申报稿(前五大客户表),https://static.sse.com.cn/stock/disclosure/announcement/c/202508/002075_20250815_QAVG.pdf,v1.3管线抽取+人工原文复核通过,通信测试仪器|多期打包待展开
E091,联讯仪器,三安光电,P061,,,,,6.81%(1876.87万元),2023,实边,联讯仪器IPO招股书申报稿(前五大客户表),https://static.sse.com.cn/stock/disclosure/announcement/c/202508/002075_20250815_QAVG.pdf,v1.3管线抽取+人工原文复核通过,功率器件测试设备;三安光电股份有限公司|多期打包待展开
E092,联讯仪器,海信集团,P061,,,,,14.02%(3005.18万元),2022,实边,联讯仪器IPO招股书申报稿(前五大客户表),https://static.sse.com.cn/stock/disclosure/announcement/c/202508/002075_20250815_QAVG.pdf,v1.3管线抽取+人工原文复核通过,光电子器件测试设备+通信测试仪器|多期打包待展开
E093,联讯仪器,光迅科技,P061,P016,,,,11.53%(2471.91万元),2022,实边,联讯仪器IPO招股书申报稿(前五大客户表),https://static.sse.com.cn/stock/disclosure/announcement/c/202508/002075_20250815_QAVG.pdf,v1.3管线抽取+人工原文复核通过,|多期打包待展开
E094,联讯仪器,Broadcom,P061,P020,,,,6.11%(1310.23万元),2022,实边,联讯仪器IPO招股书申报稿(前五大客户表),https://static.sse.com.cn/stock/disclosure/announcement/c/202508/002075_20250815_QAVG.pdf,v1.3管线抽取+人工原文复核通过,光电子器件测试设备;Broadcom(原Avago);与ficonTEC-博通E011第二独立证据|多期打包待展开
E095,联讯仪器,三安光电,P061,,,,,5.06%(1084.04万元),2022,实边,联讯仪器IPO招股书申报稿(前五大客户表),https://static.sse.com.cn/stock/disclosure/announcement/c/202508/002075_20250815_QAVG.pdf,v1.3管线抽取+人工原文复核通过,光电子器件测试设备+电性能测试设备|多期打包待展开
E096,联讯仪器,集团一(匿名),P061,ANON,,,,35.51%(7140.45万元),2025Q1,半边,联讯仪器IPO招股书申报稿(前五大客户表),https://static.sse.com.cn/stock/disclosure/announcement/c/202508/002075_20250815_QAVG.pdf,v1.3管线抽取+人工原文复核通过,通信测试仪器;三年序列9.90%(2023)/16.92%(2024)/35.51%(2025Q1);解匿判例#006候选;线索见jituanyi-leads.md|多期打包待展开|原等级:半边槽位
E097,联讯仪器,集团一(匿名),P061,ANON,占比,16.92,,16.92%,2024,半边,联讯仪器IPO招股书申报稿(前五大客户表),https://static.sse.com.cn/stock/disclosure/announcement/c/202508/002075_20250815_QAVG.pdf,v1.3管线抽取+人工原文复核通过,通信测试仪器;同判例#006|原等级:半边槽位
E098,联讯仪器,集团一(匿名),P061,ANON,,,,9.90%(2730.72万元),2023,半边,联讯仪器IPO招股书申报稿(前五大客户表),https://static.sse.com.cn/stock/disclosure/announcement/c/202508/002075_20250815_QAVG.pdf,v1.3管线抽取+人工原文复核通过,通信测试仪器+功率器件测试设备;同判例#006|多期打包待展开|原等级:半边槽位
E099,联讯仪器,集团二(匿名),P061,ANON,占比,6.03,,6.03%,2023,半边,联讯仪器IPO招股书申报稿(前五大客户表),https://static.sse.com.cn/stock/disclosure/announcement/c/202508/002075_20250815_QAVG.pdf,v1.3管线抽取+人工原文复核通过,|原等级:半边槽位
E100,"OharaQuartzCo.,Ltd.",仕佳光子,P004,P013,,,,"2017:3.35%(1,112.70万元)",2017,实边,仕佳光子招股说明书(注册稿),https://static.sse.com.cn/stock/disclosure/announcement/c/202006/000355_20200612_QODM.pdf,v1.6r终验(单位感知重装),v1.6r;第六节/五/（三）主要供应商，1-1-194;单位继承自原始抽取unit字段(修复轮F01)|多期打包待展开
E101,上海普恩化工有限公司,仕佳光子,P007,P013,,,,2019:2.97%(981.61万元),2019,实边,仕佳光子招股说明书(注册稿),https://static.sse.com.cn/stock/disclosure/announcement/c/202006/000355_20200612_QODM.pdf,v1.6r终验(单位感知重装),v1.6r;第六节/五/（三）主要供应商，1-1-194;单位继承自原始抽取unit字段(修复轮F01)|多期打包待展开
E102,上海景仓通信技术有限公司,仕佳光子,P008,P013,,,,"2018:4.71%(1,627.40万元)",2018,实边,仕佳光子招股说明书(注册稿),https://static.sse.com.cn/stock/disclosure/announcement/c/202006/000355_20200612_QODM.pdf,v1.6r终验(单位感知重装),v1.6r;第六节/五/（三）主要供应商，1-1-194;单位继承自原始抽取unit字段(修复轮F01)|多期打包待展开
E103,东莞福可喜玛通讯科技有限公司,仕佳光子,,P013,金额,6793155.35,元,"2025:(6,793,155.35元)",2025,实边,仕佳光子2025年年度报告,https://static.cninfo.com.cn/finalpage/2026-04-18/1225122538.PDF,v1.6r终验(单位感知重装),v1.6r;财务报告/关联交易/购销商品、提供和接受劳务的关联交;单位继承自原始抽取unit字段(修复轮F01)
E104,中国科学院半导体研究所,仕佳光子,,P013,,,,"2023:(3,405,309.69元)/2024:(3,200,000.15元)/2025:(4,500,000.00元)",2023-2025,实边,仕佳光子2025年年度报告,https://static.cninfo.com.cn/finalpage/2026-04-18/1225122538.PDF,v1.6r终验(单位感知重装),v1.6r;财务报告/关联交易/购销商品、提供和接受劳务的关联交;单位继承自原始抽取unit字段(修复轮F01)|多期打包待展开
E105,仕佳光子,AAOI,P013,,,,,"2019:3.55%(1,941.75万元)",2019,实边,仕佳光子招股说明书(注册稿),https://static.sse.com.cn/stock/disclosure/announcement/c/202006/000355_20200612_QODM.pdf,v1.6r终验(单位感知重装),v1.6r;第六节/四/（二）主要客户，1-1-188;单位继承自原始抽取unit字段(修复轮F01)|多期打包待展开
E106,仕佳光子,ALFAFONET ENDUSTRIYEL TELEKOM URUNLERI A.S.,P013,,,,,2017:12.51%（占境外主营业务收入）(169.33万元),2017,实边,仕佳光子招股说明书(注册稿),https://static.sse.com.cn/stock/disclosure/announcement/c/202006/000355_20200612_QODM.pdf,v1.6r终验(单位感知重装),v1.6r;第八节/九/（一）境外销售主要客户，1-1-310;单位继承自原始抽取unit字段(修复轮F01)|多期打包待展开
E107,仕佳光子,FOSTEC,P013,,,,,2018；2017:8.82%；19.18%（占境外主营业务收入）(187.04；259.70万元),2018；2017,实边,仕佳光子招股说明书(注册稿),https://static.sse.com.cn/stock/disclosure/announcement/c/202006/000355_20200612_QODM.pdf,v1.6r终验(单位感知重装),v1.6r;第八节/九/（一）境外销售主要客户，1-1-310;单位继承自原始抽取unit字段(修复轮F01)|多期打包待展开
E108,仕佳光子,Fibracem Teleinformática Ltda.,P013,,,,,2019；2018；2017:5.31%；9.29%；18.76%（占境外主营业务收入）(492.88；197.00；253.98万元),2019；2018；2017,实边,仕佳光子招股说明书(注册稿),https://static.sse.com.cn/stock/disclosure/announcement/c/202006/000355_20200612_QODM.pdf,v1.6r终验(单位感知重装),v1.6r;第八节/九/（一）境外销售主要客户，1-1-310;单位继承自原始抽取unit字段(修复轮F01)|多期打包待展开
E109,仕佳光子,Furukawa Electric,P013,EXT,,,,2019:5.98%（占境外主营业务收入）(554.37万元),2019,实边,仕佳光子招股说明书(注册稿),https://static.sse.com.cn/stock/disclosure/announcement/c/202006/000355_20200612_QODM.pdf,v1.6r终验(单位感知重装),v1.6r;第八节/九/（一）境外销售主要客户，1-1-310;单位继承自原始抽取unit字段(修复轮F01)|多期打包待展开
E110,仕佳光子,Intel(含其代工厂),P013,,,,,"2019:5.61%（占收入）；33.03%（占境外主营业务收入）(3,063.70万元)",2019,实边,仕佳光子招股说明书(注册稿),https://static.sse.com.cn/stock/disclosure/announcement/c/202006/000355_20200612_QODM.pdf,v1.6r终验(单位感知重装),v1.6r;第六节/四/（二）主要客户，1-1-187；第八节境;单位继承自原始抽取unit字段(修复轮F01)|多期打包待展开
E111,仕佳光子,KUMPULAN ABEX SDN BHD,P013,,,,,2018:6.61%（占境外主营业务收入）(140.32万元),2018,实边,仕佳光子招股说明书(注册稿),https://static.sse.com.cn/stock/disclosure/announcement/c/202006/000355_20200612_QODM.pdf,v1.6r终验(单位感知重装),v1.6r;第八节/九/（一）境外销售主要客户，1-1-310;单位继承自原始抽取unit字段(修复轮F01)|多期打包待展开
E112,仕佳光子,Out Line S.r.l.,P013,,,,,2017:4.13%（占境外主营业务收入）(55.89万元),2017,实边,仕佳光子招股说明书(注册稿),https://static.sse.com.cn/stock/disclosure/announcement/c/202006/000355_20200612_QODM.pdf,v1.6r终验(单位感知重装),v1.6r;第八节/九/（一）境外销售主要客户，1-1-310;单位继承自原始抽取unit字段(修复轮F01)|多期打包待展开
E113,仕佳光子,PRIME WORLD INTERNATIONAL HOLDINGS LTD.,P013,,,,,2019:5.87%（占境外主营业务收入）(544.22万元),2019,实边,仕佳光子招股说明书(注册稿),https://static.sse.com.cn/stock/disclosure/announcement/c/202006/000355_20200612_QODM.pdf,v1.6r终验(单位感知重装),v1.6r;第八节/九/（一）境外销售主要客户，1-1-310;单位继承自原始抽取unit字段(修复轮F01)|多期打包待展开
E114,仕佳光子,SHARPNFLAT INC,P013,,,,,2019:9.54%（占境外主营业务收入）(885.27万元),2019,实边,仕佳光子招股说明书(注册稿),https://static.sse.com.cn/stock/disclosure/announcement/c/202006/000355_20200612_QODM.pdf,v1.6r终验(单位感知重装),v1.6r;第八节/九/（一）境外销售主要客户，1-1-310;单位继承自原始抽取unit字段(修复轮F01)|多期打包待展开
E115,仕佳光子,东莞福可喜玛通讯科技有限公司,P013,,,,,"2025:(160,592.93元)|2025:(96,407.07元)",2025,实边,仕佳光子2025年年度报告,https://static.cninfo.com.cn/finalpage/2026-04-18/1225122538.PDF,v1.6r终验(单位感知重装),v1.6r;财务报告/关联交易/购销商品、提供和接受劳务的关联交;单位继承自原始抽取unit字段(修复轮F01)|多期打包待展开
E116,仕佳光子,中国科学院半导体研究所,P013,,,,,"2023:(1,747,746.32元)/2024:(1,243,246.91元)/2025:(1,798,332.74元)",2023-2025,实边,仕佳光子2025年年度报告,https://static.cninfo.com.cn/finalpage/2026-04-18/1225122538.PDF,v1.6r终验(单位感知重装),v1.6r;财务报告/关联交易/购销商品、提供和接受劳务的关联交;单位继承自原始抽取unit字段(修复轮F01)|多期打包待展开
E117,仕佳光子,中天科技(含关联方),P013,EXT,,,,"2017:3.92%(1,879.06万元)",2017,实边,仕佳光子招股说明书(注册稿),https://static.sse.com.cn/stock/disclosure/announcement/c/202006/000355_20200612_QODM.pdf,v1.6r终验(单位感知重装),v1.6r;第六节/四/（二）主要客户，1-1-188;单位继承自原始抽取unit字段(修复轮F01)|多期打包待展开
E118,仕佳光子,中航光电(含关联方),P013,EXT,,,,"2019；2018；2017:9.28%；17.94%；13.65%(5,067.15；9,290.27；6,537.12万元)",2019；2018；2017,实边,仕佳光子招股说明书(注册稿),https://static.sse.com.cn/stock/disclosure/announcement/c/202006/000355_20200612_QODM.pdf,v1.6r终验(单位感知重装),v1.6r;第六节/四/（二）主要客户，1-1-187至188;单位继承自原始抽取unit字段(修复轮F01)|多期打包待展开
E119,仕佳光子,亨通光电(含关联方),P013,EXT,,,,"2018:2.85%(1,475.11万元)",2018,实边,仕佳光子招股说明书(注册稿),https://static.sse.com.cn/stock/disclosure/announcement/c/202006/000355_20200612_QODM.pdf,v1.6r终验(单位感知重装),v1.6r;第六节/四/（二）主要客户，1-1-188;单位继承自原始抽取unit字段(修复轮F01)|多期打包待展开
E120,仕佳光子,常州太平通讯科技有限公司,P013,,,,,"2018；2017:6.86%；9.61%(3,552.13；4,602.30万元)",2018；2017,实边,仕佳光子招股说明书(注册稿),https://static.sse.com.cn/stock/disclosure/announcement/c/202006/000355_20200612_QODM.pdf,v1.6r终验(单位感知重装),v1.6r;第六节/四/（二）主要客户，1-1-188;单位继承自原始抽取unit字段(修复轮F01)|多期打包待展开
E121,仕佳光子,德国罗森博格通讯有限公司,P013,,,,,2018:5.64%（占境外主营业务收入）(119.69万元),2018,实边,仕佳光子招股说明书(注册稿),https://static.sse.com.cn/stock/disclosure/announcement/c/202006/000355_20200612_QODM.pdf,v1.6r终验(单位感知重装),v1.6r;第八节/九/（一）境外销售主要客户，1-1-310;单位继承自原始抽取unit字段(修复轮F01)|多期打包待展开
E122,仕佳光子,"武汉昱升光电(原昱升光器件,同主体待补工商锚)",P013,,,,,"2023:(179,539.82元)/2024:(2,132,371.68元)",2023-2024,实边,仕佳光子2024年年度报告,https://static.cninfo.com.cn/finalpage/2025-04-19/1223157242.PDF,v1.6r终验(单位感知重装),v1.6r;财务报告/关联交易/购销商品、提供和接受劳务的关联交;单位继承自原始抽取unit字段(修复轮F01);两名称同主体假设待补工商锚(entity-registry#4)|多期打包待展开
E123,仕佳光子,武汉灿光光电有限公司,P013,,金额,2713342.25,元,"2024:(2,713,342.25元)",2024,实边,仕佳光子2024年年度报告,https://static.cninfo.com.cn/finalpage/2025-04-19/1223157242.PDF,v1.6r终验(单位感知重装),v1.6r;财务报告/关联交易/购销商品、提供和接受劳务的关联交;单位继承自原始抽取unit字段(修复轮F01)
E124,仕佳光子,汇聚科技（惠州）有限公司,P013,,,,,"2018；2017:2.94%；3.43%(1,520.41；1,643.59万元)",2018；2017,实边,仕佳光子招股说明书(注册稿),https://static.sse.com.cn/stock/disclosure/announcement/c/202006/000355_20200612_QODM.pdf,v1.6r终验(单位感知重装),v1.6r;第六节/四/（二）主要客户，1-1-188;单位继承自原始抽取unit字段(修复轮F01);修复F03:恢复原文法定全称|多期打包待展开
E125,仕佳光子,波若威光纤通讯有限公司,P013,,,,,"2019:5.16%(2,819.26万元)",2019,实边,仕佳光子招股说明书(注册稿),https://static.sse.com.cn/stock/disclosure/announcement/c/202006/000355_20200612_QODM.pdf,v1.6r终验(单位感知重装),v1.6r;第六节/四/（二）主要客户，1-1-187至188;单位继承自原始抽取unit字段(修复轮F01)|多期打包待展开
E126,仕佳光子,泰科电子(含关联方),P013,,,,,"2019；2018:4.14%；3.40%(2,260.82；1,761.43万元)",2019；2018,实边,仕佳光子招股说明书(注册稿),https://static.sse.com.cn/stock/disclosure/announcement/c/202006/000355_20200612_QODM.pdf,v1.6r终验(单位感知重装),v1.6r;第六节/四/（二）主要客户，1-1-188;单位继承自原始抽取unit字段(修复轮F01)|多期打包待展开
E127,仕佳光子,郑州仕佳通信科技有限公司,P013,,,,,2018；2017:0.19%；1.02%（占营业收入）(97.35；489.16万元),2018；2017,实边,仕佳光子招股说明书(注册稿),https://static.sse.com.cn/stock/disclosure/announcement/c/202006/000355_20200612_QODM.pdf,v1.6r终验(单位感知重装),v1.6r;第七节/七/（二）关联交易，1-1-247;单位继承自原始抽取unit字段(修复轮F01)|多期打包待展开
E128,仕佳光子,金信诺及其关联方轨道信号系统科技有限公司、赣州金信诺电缆技术有限公司、金信诺光纤光缆有限公司、东莞金信诺电子有限公司）,P013,EXT,,,,"2017:4.14%(1,980.31万元)",2017,实边,仕佳光子招股说明书(注册稿),https://static.sse.com.cn/stock/disclosure/announcement/c/202006/000355_20200612_QODM.pdf,v1.6r终验(单位感知重装),v1.6r;第六节/四/（二）主要客户，1-1-188;单位继承自原始抽取unit字段(修复轮F01)|多期打包待展开
E129,仕佳光子,香港新南利,P013,,,,,2018；2017:14.36%；21.85%（占境外主营业务收入）(304.63；295.74万元),2018；2017,实边,仕佳光子招股说明书(注册稿),https://static.sse.com.cn/stock/disclosure/announcement/c/202006/000355_20200612_QODM.pdf,v1.6r终验(单位感知重装),v1.6r;第八节/九/（一）境外销售主要客户，1-1-310;单位继承自原始抽取unit字段(修复轮F01)|多期打包待展开
E130,成都中住光纤有限公司,仕佳光子,P029,P013,,,,"2019；2018；2017:3.12%；5.32%；6.56%(1,033.08；1,837.11；2,179.73万元)",2019；2018；2017,实边,仕佳光子招股说明书(注册稿),https://static.sse.com.cn/stock/disclosure/announcement/c/202006/000355_20200612_QODM.pdf,v1.6r终验(单位感知重装),v1.6r;第六节/五/（三）主要供应商，1-1-194;单位继承自原始抽取unit字段(修复轮F01)|多期打包待展开
E131,杜邦(含关联方),仕佳光子,P034,P013,,,,"2019；2018；2017:7.67%；5.08%；5.02%(2,539.41；1,755.92；1,667.39万元)",2019；2018；2017,实边,仕佳光子招股说明书(注册稿),https://static.sse.com.cn/stock/disclosure/announcement/c/202006/000355_20200612_QODM.pdf,v1.6r终验(单位感知重装),v1.6r;第六节/五/（三）主要供应商，1-1-194;单位继承自原始抽取unit字段(修复轮F01)|多期打包待展开
E132,"武汉昱升光电(原昱升光器件,同主体待补工商锚)",仕佳光子,,P013,,,,"2023:(28,067.46元)/2024:(14,470.12元)",2023-2024,实边,仕佳光子2024年年度报告,https://static.cninfo.com.cn/finalpage/2025-04-19/1223157242.PDF,v1.6r终验(单位感知重装),v1.6r;财务报告/关联交易/购销商品、提供和接受劳务的关联交;单位继承自原始抽取unit字段(修复轮F01);两名称同主体假设待补工商锚(entity-registry#4)|多期打包待展开
E133,武汉灿光光电有限公司,仕佳光子,,P013,金额,183819.82,元,"2024:(183,819.82元)",2024,实边,仕佳光子2024年年度报告,https://static.cninfo.com.cn/finalpage/2025-04-19/1223157242.PDF,v1.6r终验(单位感知重装),v1.6r;财务报告/关联交易/购销商品、提供和接受劳务的关联交;单位继承自原始抽取unit字段(修复轮F01)
E134,洛阳中超新材料股份有限公司,仕佳光子,P047,P013,,,,"2019；2018；2017:4.42%；4.40%；4.57%(1,463.56；1,521.25；1,516.87万元)",2019；2018；2017,实边,仕佳光子招股说明书(注册稿),https://static.sse.com.cn/stock/disclosure/announcement/c/202006/000355_20200612_QODM.pdf,v1.6r终验(单位感知重装),v1.6r;第六节/五/（三）主要供应商，1-1-194;单位继承自原始抽取unit字段(修复轮F01)|多期打包待展开
E135,长飞光纤(合并),仕佳光子,EXT,P013,,,,"2019；2018；2017:8.84%；7.36%；8.39%(2,928.11；2,541.74；2,788.87万元)",2019；2018；2017,实边,仕佳光子招股说明书(注册稿),https://static.sse.com.cn/stock/disclosure/announcement/c/202006/000355_20200612_QODM.pdf,v1.6r终验(单位感知重装),v1.6r;第六节/五/（三）主要供应商，1-1-194;单位继承自原始抽取unit字段(修复轮F01);scope=集团(披露合并口径)|多期打包待展开
E136,剑桥科技,HTI,EXT,EXT,,,,"2025:20.13%(97,071.67(万元))",2025,实边,剑桥科技2025年年度报告,https://static.cninfo.com.cn/finalpage/2026-03-31/1225053610.PDF,v1.6r终验(单位感知重装),"v1.6r;(7)主要销售客户及主要供应商情况/A.公司主要销售;单位继承自原始抽取unit字段(修复轮F01);仅披露缩写,不做身份推断|多期打包待展开"
E137,华工科技,武汉云岭光电有限公司,EXT,P036,,,,"2023:(1,454,880.73元)|2023:(9,434,516.80元)",2023,实边,华工科技2023年年度报告,https://static.cninfo.com.cn/finalpage/2024-03-28/1219428932.PDF,v1.6r终验(单位感知重装),v1.6r;十四、关联方及关联交易/(1)购销商品、提供和接受劳; 十四、关联方及关联交易/(2)关联租赁情况-本公司作;单位继承自原始抽取unit字段(修复轮F01)|多期打包待展开
E138,华工科技,武汉云岭光电股份有限公司,EXT,P037,,,,"2024:(210,350.33元)|2024:(8,535,982.26元)/2025:(445,168.76元)",2024-2025,实边,华工科技2025年年度报告,https://static.cninfo.com.cn/finalpage/2026-03-26/1225031509.PDF,v1.6r终验(单位感知重装),v1.6r;十四、关联方及关联交易/(2)出售商品/提供劳务情况; 十四、关联方及关联交易/2.关联租赁情况-本公司作为;单位继承自原始抽取unit字段(修复轮F01)|多期打包待展开
E139,华工科技,武汉正源高理光学有限公司,EXT,,,,,"2023:(8,262,436.37元)|2023:(740,340.00元)",2023,实边,华工科技2023年年度报告,https://static.cninfo.com.cn/finalpage/2024-03-28/1219428932.PDF,v1.6r终验(单位感知重装),v1.6r;十四、关联方及关联交易/(1)购销商品、提供和接受劳; 十四、关联方及关联交易/(2)关联租赁情况-本公司作;单位继承自原始抽取unit字段(修复轮F01)|多期打包待展开
E140,华工科技,湖北瑞创信达光电有限公司,EXT,,,,,"2023:(10,284,286.17元)|2023:(365,430.75元)",2023,实边,华工科技2023年年度报告,https://static.cninfo.com.cn/finalpage/2024-03-28/1219428932.PDF,v1.6r终验(单位感知重装),v1.6r;十四、关联方及关联交易/(1)购销商品、提供和接受劳; 十四、关联方及关联交易/(2)关联租赁情况-本公司作;单位继承自原始抽取unit字段(修复轮F01)|多期打包待展开
E141,武汉云岭光电有限公司,华工科技,P036,EXT,金额,66327164.91,元,"2023:(66,327,164.91元)",2023,实边,华工科技2023年年度报告,https://static.cninfo.com.cn/finalpage/2024-03-28/1219428932.PDF,v1.6r终验(单位感知重装),v1.6r;十四、关联方及关联交易/(1)购销商品、提供和接受劳;单位继承自原始抽取unit字段(修复轮F01)
E142,武汉云岭光电股份有限公司,华工科技,P037,EXT,,,,"2024:(66,676,408.44元)/2025:(116,226,835.83元)|2025:(4,494,889.06元)",2024-2025,实边,华工科技2025年年度报告,https://static.cninfo.com.cn/finalpage/2026-03-26/1225031509.PDF,v1.6r终验(单位感知重装),v1.6r;十四、关联方及关联交易/(1)采购商品/接受劳务情况; 十四、关联方及关联交易/2.关联租赁情况-本公司作为;单位继承自原始抽取unit字段(修复轮F01)|多期打包待展开
E143,武汉正源高理光学有限公司,华工科技,,EXT,金额,6147658.93,元,"2023:(6,147,658.93元)",2023,实边,华工科技2023年年度报告,https://static.cninfo.com.cn/finalpage/2024-03-28/1219428932.PDF,v1.6r终验(单位感知重装),v1.6r;十四、关联方及关联交易/(1)购销商品、提供和接受劳;单位继承自原始抽取unit字段(修复轮F01)
E144,湖北瑞创信达光电有限公司,华工科技,,EXT,金额,5880640.31,元,"2023:(5,880,640.31元)",2023,实边,华工科技2023年年度报告,https://static.cninfo.com.cn/finalpage/2024-03-28/1219428932.PDF,v1.6r终验(单位感知重装),v1.6r;十四、关联方及关联交易/(1)购销商品、提供和接受劳;单位继承自原始抽取unit字段(修复轮F01)
E145,Broadex Technologies UK Limited,博创科技,,,,,,"2024:(2,120,746.48元)/2025:(7,427,291.56元)",2024-2025,实边,博创科技2025年年度报告,https://static.cninfo.com.cn/finalpage/2026-03-28/1225045047.PDF,v1.6r终验(单位感知重装),v1.6r;财务报告/关联交易/采购商品/接受劳务情况表 p16; 财务报告/关联交易/采购商品/接受劳务情况表 p17;单位继承自原始抽取unit字段(修复轮F01)|多期打包待展开
E146,Kaiam Corporation,博创科技,,,,,,"2023:100.00%(10,765,805.50元)/2024:100.00%(10,926,471.01元)/2025:100.00%(10,588,876.72元)",2023-2025,实边,博创科技2025年年度报告,https://static.cninfo.com.cn/finalpage/2026-03-28/1225045047.PDF,v1.6r终验(单位感知重装),"v1.6r;财务报告/应收账款/按单项计提坏账准备 p123; 财务报告/应收账款/按单项计提坏账准备 p129; 财务报告/应收账;单位继承自原始抽取unit字段(修复轮F01);坏账核销对象,关系|多期打包待展开|原等级:程序段落泄漏"
E147,博创科技,Broadex Technologies UK Limited,,,,,,"2024:(1,384,800.81元)/2025:(3,433,736.07元)",2024-2025,实边,博创科技2025年年度报告,https://static.cninfo.com.cn/finalpage/2026-03-28/1225045047.PDF,v1.6r终验(单位感知重装),v1.6r;财务报告/关联交易/出售商品/提供劳务情况表 p16; 财务报告/关联交易/出售商品/提供劳务情况表 p17;单位继承自原始抽取unit字段(修复轮F01)|多期打包待展开
E148,博创科技,Cloud Light Technology Limited,,,金额,64305.08,元,"2023:(64,305.08元)",2023,实边,博创科技2023年年度报告,https://static.cninfo.com.cn/finalpage/2024-03-23/1219390323.PDF,v1.6r终验(单位感知重装),v1.6r;财务报告/关联交易/出售商品/提供劳务情况表 p17;单位继承自原始抽取unit字段(修复轮F01)
E149,博创科技,上海诺基亚贝尔股份有限公司,,EXT,,,,"2023:(1,332.00元)/2024:(1,406,286.00元)/2025:(4,471.20元)",2023-2025,实边,博创科技2025年年度报告,https://static.cninfo.com.cn/finalpage/2026-03-28/1225045047.PDF,v1.6r终验(单位感知重装),v1.6r;财务报告/关联交易/出售商品/提供劳务情况表 p17;单位继承自原始抽取unit字段(修复轮F01)|多期打包待展开
E150,博创科技,中盈优创资讯科技有限公司,,EXT,金额,5333.74,元,"2023:(5,333.74元)",2023,实边,博创科技2023年年度报告,https://static.cninfo.com.cn/finalpage/2024-03-23/1219390323.PDF,v1.6r终验(单位感知重装),v1.6r;财务报告/关联交易/出售商品/提供劳务情况表 p17;单位继承自原始抽取unit字段(修复轮F01)
E151,博创科技,四川光恒通信技术有限公司,,,,,,"2023:(1,507,061.94元)/2024:(129,203.20元)/2025:(23,587.36元)",2023-2025,实边,博创科技2025年年度报告,https://static.cninfo.com.cn/finalpage/2026-03-28/1225045047.PDF,v1.6r终验(单位感知重装),v1.6r;财务报告/关联交易/出售商品/提供劳务情况表 p16; 财务报告/关联交易/出售商品/提供劳务情况表 p17;单位继承自原始抽取unit字段(修复轮F01)|多期打包待展开
E152,博创科技,四川飞普科技有限公司,,,金额,1343354.01,元,"2025:(1,343,354.01元)",2025,实边,博创科技2025年年度报告,https://static.cninfo.com.cn/finalpage/2026-03-28/1225045047.PDF,v1.6r终验(单位感知重装),v1.6r;财务报告/关联交易/出售商品/提供劳务情况表 p17;单位继承自原始抽取unit字段(修复轮F01)
E153,博创科技,武汉长飞智慧网络技术有限公司,,EXT,,,,"2023:(19,336.28元)/2024:(645,949.00元)/2025:(125,745.37元)",2023-2025,实边,博创科技2025年年度报告,https://static.cninfo.com.cn/finalpage/2026-03-28/1225045047.PDF,v1.6r终验(单位感知重装),v1.6r;财务报告/关联交易/出售商品/提供劳务情况表 p16; 财务报告/关联交易/出售商品/提供劳务情况表 p17;单位继承自原始抽取unit字段(修复轮F01)|多期打包待展开
E154,博创科技,长飞光纤(合并),,EXT,,,,"2023:8.49%(142,218,614.23元)|2023:(140,357,809.20元)/2024:3.09%(54,029,035.49元)",2023-2024,实边,博创科技2024年年度报告,https://static.cninfo.com.cn/finalpage/2025-03-28/1222925704.PDF,v1.6r终验(单位感知重装),v1.6r;主要销售客户和主要供应商情况/公司前5大客户资料 p; 财务报告/关联交易/出售商品/提供劳务情况表 p17;单位继承自原始抽取unit字段(修复轮F01);scope=集团(披露合并口径|多期打包待展开
E155,博创科技,长飞光纤光缆股份有限公司(单体),,EXT,,,,"2024:(52,489,205.92元)/2025:(63,078,670.80元)",2024-2025,实边,博创科技2025年年度报告,https://static.cninfo.com.cn/finalpage/2026-03-28/1225045047.PDF,v1.6r终验(单位感知重装),v1.6r;财务报告/关联交易/出售商品/提供劳务情况表 p16; 财务报告/关联交易/出售商品/提供劳务情况表 p17;单位继承自原始抽取unit字段(修复轮F01);scope=法人单体|多期打包待展开
E156,四川乐飞光电科技有限公司,博创科技,,,,,,"2023:(2,059,330.26元)/2024:(410,084.11元)/2025:(1,328,439.45元)",2023-2025,实边,博创科技2025年年度报告,https://static.cninfo.com.cn/finalpage/2026-03-28/1225045047.PDF,v1.6r终验(单位感知重装),v1.6r;财务报告/关联交易/购销商品、提供和接受劳务的关联交; 财务报告/关联交易/采购商品/接受劳务情况表 p16; 财务报告;单位继承自原始抽取unit字段(修复轮F01)|多期打包待展开
E157,四川光恒通信技术有限公司,博创科技,,,,,,"2023:(1,013,380.25元)/2024:(3,084,376.43元)/2025:(509,312.47元)",2023-2025,实边,博创科技2025年年度报告,https://static.cninfo.com.cn/finalpage/2026-03-28/1225045047.PDF,v1.6r终验(单位感知重装),v1.6r;财务报告/关联交易/购销商品、提供和接受劳务的关联交; 财务报告/关联交易/采购商品/接受劳务情况表 p16; 财务报告;单位继承自原始抽取unit字段(修复轮F01)|多期打包待展开
E158,四川飞普科技有限公司,博创科技,,,,,,"2023:(853,594.42元)/2024:(1,089,413.08元)/2025:(559,656.70元)",2023-2025,实边,博创科技2025年年度报告,https://static.cninfo.com.cn/finalpage/2026-03-28/1225045047.PDF,v1.6r终验(单位感知重装),v1.6r;财务报告/关联交易/购销商品、提供和接受劳务的关联交; 财务报告/关联交易/采购商品/接受劳务情况表 p16; 财务报告;单位继承自原始抽取unit字段(修复轮F01)|多期打包待展开
E159,成都八九九科技有限公司,博创科技,,,金额,19587.42,元,"2023:(19,587.42元)",2023,实边,博创科技2023年年度报告,https://static.cninfo.com.cn/finalpage/2024-03-23/1219390323.PDF,v1.6r终验(单位感知重装),v1.6r;财务报告/关联交易/购销商品、提供和接受劳务的关联交;单位继承自原始抽取unit字段(修复轮F01)
E160,普利技术潜江有限公司,博创科技,,,金额,6211.32,元,"2025:(6,211.32元)",2025,实边,博创科技2025年年度报告,https://static.cninfo.com.cn/finalpage/2026-03-28/1225045047.PDF,v1.6r终验(单位感知重装),v1.6r;财务报告/关联交易/采购商品/接受劳务情况表 p16;单位继承自原始抽取unit字段(修复轮F01)
E161,"武汉昱升光电(原昱升光器件,同主体待补工商锚)",博创科技,,,金额,3155975.41,元,"2023:(3,155,975.41元)",2023,实边,博创科技2023年年度报告,https://static.cninfo.com.cn/finalpage/2024-03-23/1219390323.PDF,v1.6r终验(单位感知重装),v1.6r;财务报告/关联交易/购销商品、提供和接受劳务的关联交;单位继承自原始抽取unit字段(修复轮F01);两名称同主体假设待补工商锚(entity-registry#4)
E162,武汉长飞智慧网络技术有限公司,博创科技,EXT,,,,,"2023:(200,774.50元)/2024:(1,194,309.91元)/2025:(2,049,683.80元)",2023-2025,实边,博创科技2025年年度报告,https://static.cninfo.com.cn/finalpage/2026-03-28/1225045047.PDF,v1.6r终验(单位感知重装),v1.6r;财务报告/关联交易/购销商品、提供和接受劳务的关联交; 财务报告/关联交易/采购商品/接受劳务情况表 p16; 财务报告;单位继承自原始抽取unit字段(修复轮F01)|多期打包待展开
E163,长飞光纤(合并),博创科技,EXT,,,,,"2023:8.51%(86,764,625.66元)|2023:(78,368,976.98元)/2024:11.63%(133,479,070.60元)/2025:21.04%(272,921,201.42元)",2023-2025,实边,博创科技2025年年度报告,https://static.cninfo.com.cn/finalpage/2026-03-28/1225045047.PDF,v1.6r终验(单位感知重装),v1.6r;主要销售客户和主要供应商情况/公司前5名供应商资料 ; 财务报告/关联交易/购销商品、提供和接受劳务的关联交;单位继承自原始抽取unit字段(修复轮F01);scope=集团(披露合并口径|多期打包待展开
E164,长飞光纤光缆股份有限公司(单体),博创科技,EXT,,,,,"2024:(129,239,477.93元)|2024:(884.96元)/2025:(237,429,733.94元)|2025:(4,235,212.39元)",2024-2025,实边,博创科技2025年年度报告,https://static.cninfo.com.cn/finalpage/2026-03-28/1225045047.PDF,v1.6r终验(单位感知重装),v1.6r;财务报告/关联交易/采购商品/接受劳务情况表 p16; 财务报告/关联交易/采购商品/接受劳务情况表 p17;单位继承自原始抽取unit字段(修复轮F01);scope=法人单体|多期打包待展开
E165,太辰光,Corning Incorporated,P026,EXT,,,,"2024:70.10%(965,808,265.22元)",2024,实边,太辰光2024年年度报告,https://static.cninfo.com.cn/finalpage/2025-03-29/1222945632.PDF,v1.6r终验(单位感知重装),v1.6r;(8)主要销售客户和主要供应商情况/公司前5大客户资;单位继承自原始抽取unit字段(修复轮F01)|多期打包待展开
E166,上海函泰电子科技有限公司,源杰科技,P006,P052,,,,2020:5.89%(113.33万元),2020,实边,源杰科技招股说明书(注册稿),https://static.sse.com.cn/stock/disclosure/announcement/c/202209/001097_20220922_8GWE.pdf,v1.6r终验(单位感知重装),v1.6r;第六节/五/（二）前五大供应商，1-1-146;单位继承自原始抽取unit字段(修复轮F01)|多期打包待展开
E167,北京康特睿科光电科技有限公司,源杰科技,P017,P052,,,,2020；2019:3.11%；8.15%(50.90；72.81万元),2020；2019,实边,源杰科技招股说明书(注册稿),https://static.sse.com.cn/stock/disclosure/announcement/c/202209/001097_20220922_8GWE.pdf,v1.6r终验(单位感知重装),v1.6r;第六节/五/（三）委托加工业务，1-1-147至14;单位继承自原始抽取unit字段(修复轮F01)|多期打包待展开
E168,北京通美晶体,源杰科技,P018,P052,,,,2022H1；2021；2020:16.31%；18.40%；7.07%(243.19；484.23；136.11万元),2022H1；2021；2020,实边,源杰科技招股说明书(注册稿),https://static.sse.com.cn/stock/disclosure/announcement/c/202209/001097_20220922_8GWE.pdf,v1.6r终验(单位感知重装),v1.6r;第六节/五/（二）前五大供应商，1-1-146;单位继承自原始抽取unit字段(修复轮F01)|多期打包待展开
E169,咸阳华汉光电密封制品有限公司,源杰科技,,P052,,,,2022H1；2021；2020；2019:1.06%；1.03%；0.94%；1.37%（占营业成本）(46.96；83.34；69.72；61.11万元),2022H1；2021；2020；2019,实边,源杰科技招股说明书(注册稿),https://static.sse.com.cn/stock/disclosure/announcement/c/202209/001097_20220922_8GWE.pdf,v1.6r终验(单位感知重装),v1.6r;第七节/十/（二）经常性关联交易，1-1-193至1;单位继承自原始抽取unit字段(修复轮F01)|多期打包待展开
E170,大阳日酸特殊气体有限公司,源杰科技,P022,P052,,,,2019:6.28%(126.01万元),2019,实边,源杰科技招股说明书(注册稿),https://static.sse.com.cn/stock/disclosure/announcement/c/202209/001097_20220922_8GWE.pdf,v1.6r终验(单位感知重装),v1.6r;第六节/五/（二）前五大供应商，1-1-146;单位继承自原始抽取unit字段(修复轮F01)|多期打包待展开
E171,广东瑞谷光网通信股份有限公司,源杰科技,P027,P052,,,,2020；2019:8.34%；37.28%(136.74；332.97万元),2020；2019,实边,源杰科技招股说明书(注册稿),https://static.sse.com.cn/stock/disclosure/announcement/c/202209/001097_20220922_8GWE.pdf,v1.6r终验(单位感知重装),v1.6r;第六节/五/（三）委托加工业务，1-1-147至14;单位继承自原始抽取unit字段(修复轮F01)|多期打包待展开
E172,有研亿金新材料有限公司,源杰科技,P032,P052,,,,2022H1；2021；2020；2019:13.04%；7.54%；7.91%；6.98%(194.43；198.38；152.20；140.13万元),2022H1；2021；2020；2019,实边,源杰科技招股说明书(注册稿),https://static.sse.com.cn/stock/disclosure/announcement/c/202209/001097_20220922_8GWE.pdf,v1.6r终验(单位感知重装),v1.6r;第六节/五/（二）前五大供应商，1-1-146;单位继承自原始抽取unit字段(修复轮F01)|多期打包待展开
E173,桂林芯飞光电子科技有限公司,源杰科技,P035,P052,,,,2022H1；2021:16.84%；25.08%(290.43；493.82万元),2022H1；2021,实边,源杰科技招股说明书(注册稿),https://static.sse.com.cn/stock/disclosure/announcement/c/202209/001097_20220922_8GWE.pdf,v1.6r终验(单位感知重装),v1.6r;第六节/五/（三）委托加工业务，1-1-147;单位继承自原始抽取unit字段(修复轮F01)|多期打包待展开
E174,"武汉昱升光电(原昱升光器件,同主体待补工商锚)",源杰科技,,P052,,,,2020；2019:6.20%；4.00%(101.62；35.73万元),2020；2019,实边,源杰科技招股说明书(注册稿),https://static.sse.com.cn/stock/disclosure/announcement/c/202209/001097_20220922_8GWE.pdf,v1.6r终验(单位感知重装),v1.6r;第六节/五/（三）委托加工业务，1-1-147至14;单位继承自原始抽取unit字段(修复轮F01);两名称同主体假设待补工商锚(entity-registry#4)|多期打包待展开
E175,江苏南大光电材料股份有限公司,源杰科技,P044,P052,,,,2020:5.27%(101.31万元),2020,实边,源杰科技招股说明书(注册稿),https://static.sse.com.cn/stock/disclosure/announcement/c/202209/001097_20220922_8GWE.pdf,v1.6r终验(单位感知重装),v1.6r;第六节/五/（二）前五大供应商，1-1-146;单位继承自原始抽取unit字段(修复轮F01)|多期打包待展开
E176,泛孟新材料有限公司,源杰科技,P045,P052,,,,2021:6.38%(168.04万元),2021,实边,源杰科技招股说明书(注册稿),https://static.sse.com.cn/stock/disclosure/announcement/c/202209/001097_20220922_8GWE.pdf,v1.6r终验(单位感知重装),v1.6r;第六节/五/（二）前五大供应商，1-1-146;单位继承自原始抽取unit字段(修复轮F01)|多期打包待展开
E177,深圳市东飞凌科技有限公司,源杰科技,P048,P052,,,,"2022H1；2021；2020:43.68%；60.06%；41.91%(753.36；1,182.81；686.86万元)",2022H1；2021；2020,实边,源杰科技招股说明书(注册稿),https://static.sse.com.cn/stock/disclosure/announcement/c/202209/001097_20220922_8GWE.pdf,v1.6r终验(单位感知重装),v1.6r;第六节/五/（三）委托加工业务，1-1-147;单位继承自原始抽取unit字段(修复轮F01)|多期打包待展开
E178,深圳市力子光电科技有限公司,源杰科技,P049,P052,,,,2022H1；2021:5.07%；1.75%(87.47；34.56万元),2022H1；2021,实边,源杰科技招股说明书(注册稿),https://static.sse.com.cn/stock/disclosure/announcement/c/202209/001097_20220922_8GWE.pdf,v1.6r终验(单位感知重装),v1.6r;第六节/五/（三）委托加工业务，1-1-147;单位继承自原始抽取unit字段(修复轮F01)|多期打包待展开
E179,深圳市路维光电股份有限公司,源杰科技,P050,P052,,,,2022H1:7.03%(104.85万元),2022H1,实边,源杰科技招股说明书(注册稿),https://static.sse.com.cn/stock/disclosure/announcement/c/202209/001097_20220922_8GWE.pdf,v1.6r终验(单位感知重装),v1.6r;第六节/五/（二）前五大供应商，1-1-146;单位继承自原始抽取unit字段(修复轮F01)|多期打包待展开
E180,湖北安一辰光电科技有限公司,源杰科技,P051,P052,,,,2019:17.29%(154.40万元),2019,实边,源杰科技招股说明书(注册稿),https://static.sse.com.cn/stock/disclosure/announcement/c/202209/001097_20220922_8GWE.pdf,v1.6r终验(单位感知重装),v1.6r;第六节/五/（三）委托加工业务，1-1-148;单位继承自原始抽取unit字段(修复轮F01)|多期打包待展开
E181,源杰科技,上海八界光电科技有限公司,P052,,,,,"2022H1；2021:9.57%；9.67%(1,175.59；2,243.71万元)",2022H1；2021,实边,源杰科技招股说明书(注册稿),https://static.sse.com.cn/stock/disclosure/announcement/c/202209/001097_20220922_8GWE.pdf,v1.6r终验(单位感知重装),v1.6r;第六节/四/（二）前五大客户，1-1-141至142;单位继承自原始抽取unit字段(修复轮F01)|多期打包待展开
E182,源杰科技,上海橙科微电子科技有限公司,P052,,金额,6845.13,元,"2025:(6,845.13元)",2025,实边,源杰科技2025年年度报告,https://static.cninfo.com.cn/finalpage/2026-03-25/1225028582.PDF,v1.6r终验(单位感知重装),v1.6r;财务报告/关联交易/购销商品、提供和接受劳务的关联交;单位继承自原始抽取unit字段(修复轮F01)
E183,源杰科技,东莞铭普光磁股份有限公司,P052,,,,,"2021；2020；2019:14.78%；19.25%；30.58%(3,430.70；4,491.65；2,486.15万元)",2021；2020；2019,实边,源杰科技招股说明书(注册稿),https://static.sse.com.cn/stock/disclosure/announcement/c/202209/001097_20220922_8GWE.pdf,v1.6r终验(单位感知重装),v1.6r;第六节/四/（二）前五大客户，1-1-142至143;单位继承自原始抽取unit字段(修复轮F01)|多期打包待展开
E184,源杰科技,中际旭创,P052,,,,,"2021；2020:9.12%；18.19%(2,115.86；4,245.86万元)/2022H1；2021；2020；2019:未单列；未单列；未单列；未单列(0.60；-23.42；2,723.68；3.00万元)",2021；2020-2022H1；2021；2020；2019,实边,源杰科技招股说明书(注册稿),https://static.sse.com.cn/stock/disclosure/announcement/c/202209/001097_20220922_8GWE.pdf,v1.6r终验(单位感知重装),v1.6r;第七节/十/（二）经常性关联交易，1-1-193; 第六节/四/（二）前五大客户，1-1-142至143;单位继承自原始抽取unit字段(修复轮F01);scope=集团(IPO前五大合并|多期打包待展开
E185,源杰科技,全科科技有限公司,P052,,,,,"2020；2019:7.61%；7.24%(1,775.98；588.78万元)",2020；2019,实边,源杰科技招股说明书(注册稿),https://static.sse.com.cn/stock/disclosure/announcement/c/202209/001097_20220922_8GWE.pdf,v1.6r终验(单位感知重装),v1.6r;第六节/四/（二）前五大客户，1-1-142至143;单位继承自原始抽取unit字段(修复轮F01)|多期打包待展开
E186,源杰科技,博创科技股份有限公司,P052,,,,,2020:未单列(0.49万元),2020,实边,源杰科技招股说明书(注册稿),https://static.sse.com.cn/stock/disclosure/announcement/c/202209/001097_20220922_8GWE.pdf,v1.6r终验(单位感知重装),v1.6r;第七节/十/（二）经常性关联交易，1-1-193;单位继承自原始抽取unit字段(修复轮F01)|多期打包待展开
E187,源杰科技,四川九州光电子技术有限公司,P052,,,,,"2022H1；2019:15.05%；6.58%(1,848.23；534.76万元)",2022H1；2019,实边,源杰科技招股说明书(注册稿),https://static.sse.com.cn/stock/disclosure/announcement/c/202209/001097_20220922_8GWE.pdf,v1.6r终验(单位感知重装),v1.6r;第六节/四/（二）前五大客户，1-1-141至143;单位继承自原始抽取unit字段(修复轮F01)|多期打包待展开
E188,源杰科技,成都储翰科技,P052,,,,,"2019:19.21%(1,562.02万元)/2022H1；2021；2020:2.90%；8.44%；6.52%(356.13；1,958.48；1,522.17万元)/2023:(4,176,957.38元)/2024:(2,105,024.31元)",2019-2024,实边,源杰科技招股说明书(注册稿),https://static.sse.com.cn/stock/disclosure/announcement/c/202209/001097_20220922_8GWE.pdf,v1.6r终验(单位感知重装),v1.6r;第七节/十/（五）参照关联交易，1-1-198; 第六节/四/（二）前五大客户，1-1-142; 财务报告/关联交易/购;单位继承自原始抽取unit字段(修复轮F01)|多期打包待展开
E189,源杰科技,成都智禾光通(原成都旭创科技),P052,,,,,"2022H1；2021:未单列；未单列(168.75；180.80万元)/2023:(2,211,643.12元)/2024:(200,000.00元)",2022H1；2021-2024,实边,源杰科技招股说明书(注册稿),https://static.sse.com.cn/stock/disclosure/announcement/c/202209/001097_20220922_8GWE.pdf,v1.6r终验(单位感知重装),"v1.6r;第七节/十/（二）经常性关联交易，1-1-193; 财务报告/关联交易/购销商品、提供和接受劳务的关联交;单位继承自原始抽取unit字段(修复轮F01);2023年报成都旭创本期2,211|多期打包待展开|智禾=旭创100%子公司(天眼查,pending_primary)"
E190,源杰科技,成都蓉博通信技术有限公司,P052,,,,,2022H1:7.74%(949.98万元)/2022H1；2021:未单列；未单列(624.58；750.52万元),2022H1-2022H1；2021,实边,源杰科技招股说明书(注册稿),https://static.sse.com.cn/stock/disclosure/announcement/c/202209/001097_20220922_8GWE.pdf,v1.6r终验(单位感知重装),v1.6r;第七节/十/（二）经常性关联交易，1-1-193; 第六节/四/（二）前五大客户，1-1-141;单位继承自原始抽取unit字段(修复轮F01)|多期打包待展开
E191,源杰科技,成都迪谱光电科技有限公司,P052,,,,,2021；2020:未单列；未单列(563.99；416.16万元),2021；2020,实边,源杰科技招股说明书(注册稿),https://static.sse.com.cn/stock/disclosure/announcement/c/202209/001097_20220922_8GWE.pdf,v1.6r终验(单位感知重装),v1.6r;第七节/十/（二）经常性关联交易，1-1-193;单位继承自原始抽取unit字段(修复轮F01)|多期打包待展开
E192,源杰科技,深圳市亚美斯通电子有限公司,P052,,,,,2019:5.35%(435.34万元),2019,实边,源杰科技招股说明书(注册稿),https://static.sse.com.cn/stock/disclosure/announcement/c/202209/001097_20220922_8GWE.pdf,v1.6r终验(单位感知重装),v1.6r;第六节/四/（二）前五大客户，1-1-143;单位继承自原始抽取unit字段(修复轮F01)|多期打包待展开
E193,源杰科技,苏州旭创科技有限公司,P052,,金额,260270.00,元,"2024:(260,270.00元)",2024,实边,源杰科技2024年年度报告,https://static.cninfo.com.cn/finalpage/2025-04-26/1223315235.PDF,v1.6r终验(单位感知重装),v1.6r;财务报告/关联交易/购销商品、提供和接受劳务的关联交;单位继承自原始抽取unit字段(修复轮F01);scope=法人单体(年报关联交易)
E194,源杰科技,青岛海信宽带多媒体技术有限公司,P052,,,,,"2020:4.41%(1,030.17万元)",2020,实边,源杰科技招股说明书(注册稿),https://static.sse.com.cn/stock/disclosure/announcement/c/202209/001097_20220922_8GWE.pdf,v1.6r终验(单位感知重装),v1.6r;第六节/四/（二）前五大客户，1-1-142;单位继承自原始抽取unit字段(修复轮F01)|多期打包待展开
E195,芯思杰技术股份有限公司,源杰科技,P062,P052,,,,2022H1；2021:15.99%；2.83%(275.84；55.82万元),2022H1；2021,实边,源杰科技招股说明书(注册稿),https://static.sse.com.cn/stock/disclosure/announcement/c/202209/001097_20220922_8GWE.pdf,v1.6r终验(单位感知重装),v1.6r;第六节/五/（三）委托加工业务，1-1-147;单位继承自原始抽取unit字段(修复轮F01)|多期打包待展开
E196,西安卫光气体有限公司,源杰科技,P063,P052,,,,2019:7.30%(146.44万元),2019,实边,源杰科技招股说明书(注册稿),https://static.sse.com.cn/stock/disclosure/announcement/c/202209/001097_20220922_8GWE.pdf,v1.6r终验(单位感知重装),v1.6r;第六节/五/（二）前五大供应商，1-1-146;单位继承自原始抽取unit字段(修复轮F01)|多期打包待展开
E197,诺力昂化学品有限公司,源杰科技,P064,P052,,,,2022H1；2019:7.42%；4.17%(110.59；83.58万元),2022H1；2019,实边,源杰科技招股说明书(注册稿),https://static.sse.com.cn/stock/disclosure/announcement/c/202209/001097_20220922_8GWE.pdf,v1.6r终验(单位感知重装),v1.6r;第六节/五/（二）前五大供应商，1-1-146;单位继承自原始抽取unit字段(修复轮F01)|多期打包待展开
E198,陕西兴化集团有限责任公司,源杰科技,P070,P052,,,,2021:6.11%(160.87万元),2021,实边,源杰科技招股说明书(注册稿),https://static.sse.com.cn/stock/disclosure/announcement/c/202209/001097_20220922_8GWE.pdf,v1.6r终验(单位感知重装),v1.6r;第六节/五/（二）前五大供应商，1-1-146;单位继承自原始抽取unit字段(修复轮F01)|多期打包待展开
E199,陕西电子信息国际商务有限公司,源杰科技,EXT,P052,,,,2022H1；2021；2020；2019:8.82%；12.37%；31.48%；47.01%(131.57；325.65；605.62；943.20万元)|2022H1；2021；2020；2019:11.86%；8.65%；33.24%；27.98%(204.66；170.33；544.83；,2022H1；2021；2020；2019,实边,源杰科技招股说明书(注册稿),https://static.sse.com.cn/stock/disclosure/announcement/c/202209/001097_20220922_8GWE.pdf,v1.6r终验(单位感知重装),v1.6r;第六节/五/（三）委托加工业务，1-1-147至14; 第六节/五/（二）前五大供应商，1-1-146;单位继承自原始抽取unit字段(修复轮F01)|多期打包待展开
E200,顺丰速运(源杰释义:西安顺丰及其咸阳分公司),源杰科技,,P052,,,,"2022H1；2021；2020；2019:0.24%；0.24%；0.19%；0.20%（占营业成本）(10.68；19.55；14.02；9.09万元)/2023:(213,644.43元)/2024:(66,704.59元)",2022H1；2021；2020；2019-2024,实边,源杰科技招股说明书(注册稿),https://static.sse.com.cn/stock/disclosure/announcement/c/202209/001097_20220922_8GWE.pdf,v1.6r终验(单位感知重装),v1.6r;第七节/十/（二）经常性关联交易，1-1-193; 财务报告/关联交易/购销商品、提供和接受劳务的关联交;单位继承自原始抽取unit字段(修复轮F01)|多期打包待展开
E201,"Maruwa Co.,Ltd",长光华芯,P002,P066,,,,"2021H1；2020:10.24%；6.95%(1,236.92；1,266.35万元)",2021H1；2020,实边,长光华芯招股说明书(注册稿),https://static.sse.com.cn/stock/disclosure/announcement/c/202110/000955_20211015_TAQB.pdf,v1.6r终验(单位感知重装),v1.6r;第六节/四/（二）前五大供应商，1-1-184;单位继承自原始抽取unit字段(修复轮F01)|多期打包待展开;codex复核:需方D7误锚改挂C1芯片制造点
E202,"Mighty Lift.,Inc.",长光华芯,,P066,,,,2021H1；2020；2019；2018:未单列；未单列；未单列；未单列(120.99；91.75；12.41；8.44万元),2021H1；2020；2019；2018,实边,长光华芯招股说明书(注册稿),https://static.sse.com.cn/stock/disclosure/announcement/c/202110/000955_20211015_TAQB.pdf,v1.6r终验(单位感知重装),v1.6r;第七节/九/（三）经常性关联交易，1-1-236;单位继承自原始抽取unit字段(修复轮F01)|多期打包待展开;codex复核:需方D7误锚改挂C1芯片制造点
E203,上海宽捷光电科技有限公司,长光华芯,,P066,,,,2019:6.34%(667.70万元),2019,实边,长光华芯招股说明书(注册稿),https://static.sse.com.cn/stock/disclosure/announcement/c/202110/000955_20211015_TAQB.pdf,v1.6r终验(单位感知重装),v1.6r;第六节/四/（二）前五大供应商，1-1-184;单位继承自原始抽取unit字段(修复轮F01)|多期打包待展开;codex复核:需方D7误锚改挂C1芯片制造点
E204,京瓷商贸有限公司,长光华芯,P012,P066,,,,"2020；2018:7.79%；14.56%(1,420.11；1,105.82万元)",2020；2018,实边,长光华芯招股说明书(注册稿),https://static.sse.com.cn/stock/disclosure/announcement/c/202110/000955_20211015_TAQB.pdf,v1.6r终验(单位感知重装),v1.6r;第六节/四/（二）前五大供应商，1-1-184至18;单位继承自原始抽取unit字段(修复轮F01)|多期打包待展开;codex复核:需方D7误锚改挂C1芯片制造点
E205,北京通美晶体,长光华芯,P018,P066,,,,"2021H1；2020；2019；2018:13.27%；8.93%；11.20%；13.26%(1,603.73；1,627.41；1,179.26；1,007.03万元)",2021H1；2020；2019；2018,实边,长光华芯招股说明书(注册稿),https://static.sse.com.cn/stock/disclosure/announcement/c/202110/000955_20211015_TAQB.pdf,v1.6r终验(单位感知重装),v1.6r;第六节/四/（二）前五大供应商，1-1-184至18;单位继承自原始抽取unit字段(修复轮F01)|多期打包待展开;codex复核:需方D7误锚改挂C1芯片制造点
E206,有研亿金新材料有限公司,长光华芯,P032,P066,,,,2021H1:3.37%(407.72万元),2021H1,实边,长光华芯招股说明书(注册稿),https://static.sse.com.cn/stock/disclosure/announcement/c/202110/000955_20211015_TAQB.pdf,v1.6r终验(单位感知重装),v1.6r;第六节/四/（二）前五大供应商，1-1-184;单位继承自原始抽取unit字段(修复轮F01)|多期打包待展开;codex复核:需方D7误锚改挂C1芯片制造点
E207,泰库尼思科电子有限公司,长光华芯,P046,P066,,,,"2019；2018:17.03%；8.69%(1,792.98；659.67万元)",2019；2018,实边,长光华芯招股说明书(注册稿),https://static.sse.com.cn/stock/disclosure/announcement/c/202110/000955_20211015_TAQB.pdf,v1.6r终验(单位感知重装),v1.6r;第六节/四/（二）前五大供应商，1-1-184至18;单位继承自原始抽取unit字段(修复轮F01)|多期打包待展开;codex复核:需方D7误锚改挂C1芯片制造点
E208,深圳市中迅实业有限公司,长光华芯,,P066,,,,2018:5.27%(400.24万元),2018,实边,长光华芯招股说明书(注册稿),https://static.sse.com.cn/stock/disclosure/announcement/c/202110/000955_20211015_TAQB.pdf,v1.6r终验(单位感知重装),v1.6r;第六节/四/（二）前五大供应商，1-1-185;单位继承自原始抽取unit字段(修复轮F01)|多期打包待展开;codex复核:需方D7误锚改挂C1芯片制造点
E209,深圳市宏钢机械设备有限公司,长光华芯,,P066,,,,"2021H1；2020；2019；2018:6.82%；9.52%；8.12%；5.46%(824.20；1,736.22；855.41；414.38万元)",2021H1；2020；2019；2018,实边,长光华芯招股说明书(注册稿),https://static.sse.com.cn/stock/disclosure/announcement/c/202110/000955_20211015_TAQB.pdf,v1.6r终验(单位感知重装),v1.6r;第六节/四/（二）前五大供应商，1-1-184至18;单位继承自原始抽取unit字段(修复轮F01)|多期打包待展开;codex复核:需方D7误锚改挂C1芯片制造点
E210,深圳市星欣磊实业有限公司,长光华芯,,P066,,,,2019:4.94%(519.90万元),2019,实边,长光华芯招股说明书(注册稿),https://static.sse.com.cn/stock/disclosure/announcement/c/202110/000955_20211015_TAQB.pdf,v1.6r终验(单位感知重装),v1.6r;第六节/四/（二）前五大供应商，1-1-184;单位继承自原始抽取unit字段(修复轮F01)|多期打包待展开;codex复核:需方D7误锚改挂C1芯片制造点
E211,炬光微光学有限公司,长光华芯,P053,P066,,,,"2021H1；2020:4.83%；7.59%(583.32；1,383.31万元)",2021H1；2020,实边,长光华芯招股说明书(注册稿),https://static.sse.com.cn/stock/disclosure/announcement/c/202110/000955_20211015_TAQB.pdf,v1.6r终验(单位感知重装),v1.6r;第六节/四/（二）前五大供应商，1-1-184;单位继承自原始抽取unit字段(修复轮F01)|多期打包待展开;codex复核:需方D7误锚改挂C1芯片制造点
E212,腾景科技股份有限公司,长光华芯,,P066,,,,2021H1；2020；2019:100.00%；87.53%；69.44%（占外协采购）(42.84；12.57；4.09万元),2021H1；2020；2019,实边,长光华芯招股说明书(注册稿),https://static.sse.com.cn/stock/disclosure/announcement/c/202110/000955_20211015_TAQB.pdf,v1.6r终验(单位感知重装),v1.6r;第六节/四/（三）外协采购，1-1-185;单位继承自原始抽取unit字段(修复轮F01)|多期打包待展开;codex复核:需方D7误锚改挂C1芯片制造点
E213,苏州环明电子科技有限公司,长光华芯,,P066,,,,2021H1；2020；2019:未单列；未单列；未单列(0.71；0.68；0.80万元),2021H1；2020；2019,实边,长光华芯招股说明书(注册稿),https://static.sse.com.cn/stock/disclosure/announcement/c/202110/000955_20211015_TAQB.pdf,v1.6r终验(单位感知重装),v1.6r;第七节/九/（三）经常性关联交易，1-1-235至2;单位继承自原始抽取unit字段(修复轮F01)|多期打包待展开;codex复核:需方D7误锚改挂C1芯片制造点
E214,苏州邦皓电子新材料有限公司,长光华芯,,P066,,,,2020；2019:12.47%；30.56%（占外协采购）(1.79；1.80万元),2020；2019,实边,长光华芯招股说明书(注册稿),https://static.sse.com.cn/stock/disclosure/announcement/c/202110/000955_20211015_TAQB.pdf,v1.6r终验(单位感知重装),v1.6r;第六节/四/（三）外协采购，1-1-185;单位继承自原始抽取unit字段(修复轮F01)|多期打包待展开;codex复核:需方D7误锚改挂C1芯片制造点
E215,苏州镓锐芯光科技有限公司,长光华芯,,P066,金额,127668.14,元,"2025:(127,668.14元)",2025,实边,长光华芯2025年年度报告,https://static.cninfo.com.cn/finalpage/2026-04-18/1225123248.PDF,v1.6r终验(单位感知重装),v1.6r;财务报告/关联交易/采购商品/接受劳务情况表 p20;单位继承自原始抽取unit字段(修复轮F01);codex复核:需方D7误锚改挂C1芯片制造点
E216,锐科激光,长光华芯,,P066,,,,2019:未单列(4.87万元),2019,实边,长光华芯招股说明书(注册稿),https://static.sse.com.cn/stock/disclosure/announcement/c/202110/000955_20211015_TAQB.pdf,v1.6r终验(单位感知重装),v1.6r;第七节/九/（三）经常性关联交易，1-1-236;单位继承自原始抽取unit字段(修复轮F01)|多期打包待展开;codex复核:需方D7误锚改挂C1芯片制造点
E217,长光华芯,上海飞博激光科技股份有限公司,P066,,金额,13193792.08,元,"2023:(13,193,792.08元)",2023,实边,长光华芯2023年年度报告,https://static.cninfo.com.cn/finalpage/2024-04-26/1219837753.PDF,v1.6r终验(单位感知重装),v1.6r;财务报告/关联交易/出售商品/提供劳务情况表 p24;单位继承自原始抽取unit字段(修复轮F01);codex复核:供方D7误锚改挂C1
E218,长光华芯,中国科学院长春光学精密机械与物理研究所,P066,,,,,2019；2018:未单列；未单列(43.87；48.83万元),2019；2018,实边,长光华芯招股说明书(注册稿),https://static.sse.com.cn/stock/disclosure/announcement/c/202110/000955_20211015_TAQB.pdf,v1.6r终验(单位感知重装),v1.6r;第七节/九/（三）经常性关联交易，1-1-235;单位继承自原始抽取unit字段(修复轮F01)|多期打包待展开;codex复核:供方D7误锚改挂C1
E219,长光华芯,光惠激光科技有限公司,P066,,,,,"2020；2019:13.10%；6.30%(3,237.51；873.24万元)",2020；2019,实边,长光华芯招股说明书(注册稿),https://static.sse.com.cn/stock/disclosure/announcement/c/202110/000955_20211015_TAQB.pdf,v1.6r终验(单位感知重装),v1.6r;第六节/三/（二）前五大客户，1-1-181至182;单位继承自原始抽取unit字段(修复轮F01)|多期打包待展开;codex复核:供方D7误锚改挂C1
E220,长光华芯,创鑫激光,P066,,,,,"2021H1；2020:26.66%；16.32%(5,084.26；4,034.37万元)",2021H1；2020,实边,长光华芯招股说明书(注册稿),https://static.sse.com.cn/stock/disclosure/announcement/c/202110/000955_20211015_TAQB.pdf,v1.6r终验(单位感知重装),v1.6r;第六节/三/（二）前五大客户，1-1-181;单位继承自原始抽取unit字段(修复轮F01)|多期打包待展开;codex复核:供方D7误锚改挂C1
E221,长光华芯,大科激光,P066,,,,,"2020；2019:15.75%；4.38%(3,893.68；606.32万元)",2020；2019,实边,长光华芯招股说明书(注册稿),https://static.sse.com.cn/stock/disclosure/announcement/c/202110/000955_20211015_TAQB.pdf,v1.6r终验(单位感知重装),v1.6r;第六节/三/（二）前五大客户，1-1-181至182;单位继承自原始抽取unit字段(修复轮F01)|多期打包待展开;codex复核:供方D7误锚改挂C1
E222,长光华芯,武汉华日精密激光,P066,,,,,"2021H1:6.19%(1,181.58万元)/2021H1；2020；2019；2018:未单列；未单列；未单列；未单列(1,181.58；468.74；396.62；19.51万元)/2023:(6,560,743.34元)|2023:(729,511.93元)/2025:(14,272,67",2021H1-2025,实边,长光华芯招股说明书(注册稿),https://static.sse.com.cn/stock/disclosure/announcement/c/202110/000955_20211015_TAQB.pdf,v1.6r终验(单位感知重装),v1.6r;第七节/九/（三）经常性关联交易，1-1-235; 第六节/三/（二）前五大客户，1-1-181; 财务报告/关联交易/;单位继承自原始抽取unit字段(修复轮F01)|多期打包待展开;codex复核:供方D7误锚改挂C1
E223,长光华芯,武汉高跃科技有限责任公司,P066,,金额,1590796.46,元,"2025:(1,590,796.46元)",2025,实边,长光华芯2025年年度报告,https://static.cninfo.com.cn/finalpage/2026-04-18/1225123248.PDF,v1.6r终验(单位感知重装),v1.6r;财务报告/关联交易/出售商品/提供劳务情况表 p20;单位继承自原始抽取unit字段(修复轮F01);codex复核:供方D7误锚改挂C1
E224,长光华芯,苏州单峰光子科技有限责任公司,P066,,,,,"2025:(50,943.40元)|2025:(268,901.93元)",2025,实边,长光华芯2025年年度报告,https://static.cninfo.com.cn/finalpage/2026-04-18/1225123248.PDF,v1.6r终验(单位感知重装),v1.6r;财务报告/关联交易/出售商品/提供劳务情况表 p20;单位继承自原始抽取unit字段(修复轮F01)|多期打包待展开;codex复核:供方D7误锚改挂C1
E225,长光华芯,苏州星钥光子科技有限公司,P066,,金额,505172.63,元,"2025:(505,172.63元)",2025,实边,长光华芯2025年年度报告,https://static.cninfo.com.cn/finalpage/2026-04-18/1225123248.PDF,v1.6r终验(单位感知重装),v1.6r;财务报告/关联交易/出售商品/提供劳务情况表 p20;单位继承自原始抽取unit字段(修复轮F01);codex复核:供方D7误锚改挂C1
E226,长光华芯,苏州焜原光电有限公司,P066,,金额,79646.01,元,"2023:(79,646.01元)",2023,实边,长光华芯2023年年度报告,https://static.cninfo.com.cn/finalpage/2024-04-26/1219837753.PDF,v1.6r终验(单位感知重装),v1.6r;财务报告/关联交易/出售商品/提供劳务情况表 p24;单位继承自原始抽取unit字段(修复轮F01);codex复核:供方D7误锚改挂C1
E227,长光华芯,苏州睿科晶创光电科技有限公司,P066,,金额,2830.19,元,"2025:(2,830.19元)",2025,实边,长光华芯2025年年度报告,https://static.cninfo.com.cn/finalpage/2026-04-18/1225123248.PDF,v1.6r终验(单位感知重装),v1.6r;财务报告/关联交易/出售商品/提供劳务情况表 p20;单位继承自原始抽取unit字段(修复轮F01);codex复核:供方D7误锚改挂C1
E228,长光华芯,苏州镓锐芯光科技有限公司,P066,,,,,"2023:(58,899.09元)/2025:(573,119.16元)|2025:(14,742,351.18元)",2023-2025,实边,长光华芯2025年年度报告,https://static.cninfo.com.cn/finalpage/2026-04-18/1225123248.PDF,v1.6r终验(单位感知重装),v1.6r;财务报告/关联交易/出售商品/提供劳务情况表 p20; 财务报告/关联交易/出售商品/提供劳务情况表 p24;单位继承自原始抽取unit字段(修复轮F01)|多期打包待展开;codex复核:供方D7误锚改挂C1
E229,长光华芯,锐科激光,P066,,,,,"2021H1；2019；2018:14.38%；14.46%；35.17%(2,742.78；2,002.22；3,250.76万元)/2021H1；2020；2019；2018:未单列；未单列；未单列；未单列(2,742.78；787.36；2,002.22；3,250.76万元)",2021H1；2019；2018-2021H1；2020；2019；2018,实边,长光华芯招股说明书(注册稿),https://static.sse.com.cn/stock/disclosure/announcement/c/202110/000955_20211015_TAQB.pdf,v1.6r终验(单位感知重装),v1.6r;第七节/九/（三）经常性关联交易，1-1-235; 第六节/三/（二）前五大客户，1-1-181至182;单位继承自原始抽取unit字段(修复轮F01)|多期打包待展开;codex复核:供方D7误锚改挂C1
E230,长光华芯,飞博激光,P066,,,,,"2021H1；2020；2019；2018:16.88%；26.09%；37.67%；35.45%(3,218.79；6,448.44；5,217.79；3,276.66万元)",2021H1；2020；2019；2018,实边,长光华芯招股说明书(注册稿),https://static.sse.com.cn/stock/disclosure/announcement/c/202110/000955_20211015_TAQB.pdf,v1.6r终验(单位感知重装),v1.6r;第六节/三/（二）前五大客户，1-1-181至182;单位继承自原始抽取unit字段(修复轮F01)|多期打包待展开;codex复核:供方D7误锚改挂C1
E231,长光华芯,飞顿国际有限公司、飞顿国际科技有限公司）,P066,,,,,2018:2.60%(240.61万元),2018,实边,长光华芯招股说明书(注册稿),https://static.sse.com.cn/stock/disclosure/announcement/c/202110/000955_20211015_TAQB.pdf,v1.6r终验(单位感知重装),v1.6r;第六节/三/（二）前五大客户，1-1-182;单位继承自原始抽取unit字段(修复轮F01)|多期打包待展开;codex复核:供方D7误锚改挂C1
E232,太辰光,Corning(解匿),P026,EXT,,,,"2025:68.48%(1,059,257,383.43元)",2025,推断B,太辰光2025年年度报告,https://static.cninfo.com.cn/finalpage/2026-03-31/1225061015.PDF,v1.6r终验(原文核验),"v1.6r;判例#007(2024实名70.10%→2025匿名68.48%量级连续,B级);2023年35.70%槽位不判定(量级不连续)|多期打包待展开|原等级:推断边(B级)"
E233,Marvell,直接客户A(匿名),P003,ANON,,,,FY2024:<10%/FY2025:13%/FY2026:14%,FY2024-FY2026,半边,Marvell FY2026 10-K,https://www.sec.gov/Archives/edgar/data/1835632/000183563226000011/mrvl-20260131.htm,v1.6r终验(10-K原文),"v1.6r;公司整体客户集中度,非DSP专属槽位(修复F06);10-K集中度表不提供DSP→模块具名映射|多期打包待展开|原等级:半边槽位"
E234,Marvell,分销商A(匿名),P003,ANON,,,,FY2024:24%/FY2025:34%/FY2026:37%,FY2024-FY2026,半边,Marvell FY2026 10-K,https://www.sec.gov/Archives/edgar/data/1835632/000183563226000011/mrvl-20260131.htm,v1.6r终验(10-K原文),"v1.6r;公司整体口径,非DSP专属槽位|多期打包待展开|原等级:半边槽位"
E235,博通(Broadcom),前五大终端客户(匿名合计),P020,ANON,,,,FY2024:约40%/FY2025:约40%,FY2024-FY2025,半边,Broadcom FY2025 10-K,https://www.sec.gov/Archives/edgar/data/1730168/000173016825000121/avgo-20251102.htm,v1.6r终验(10-K原文),"v1.6r;公司整体(含软件与多种半导体业务)全渠道合计口径,非DSP专属|多期打包待展开|原等级:半边槽位"
E236,博通(Broadcom),某分销商(匿名),P020,ANON,,,,FY2024:28%/FY2025:32%,FY2024-FY2025,半边,Broadcom FY2025 10-K,https://www.sec.gov/Archives/edgar/data/1730168/000173016825000121/avgo-20251102.htm,v1.6r终验(10-K原文),v1.6r;公司整体口径;直销半导体解决方案客户(为分销商)|多期打包待展开|原等级:半边槽位
