"代码","名称","市场","行业分类","分类来源"
"000020","深华发Ａ","深交所主板","光学光电子","巨潮资讯WebAPI p_stock2110（申银万国行业分类标准F001V=008003；当前记录F008C=1；查询日2026-07-24；https://webapi.cninfo.com.cn/api/stock/p_stock2110?scode=000020&sdate=1990-01-01&edate=2026-07-24）"
"000045","深纺织Ａ","深交所主板","光学光电子","巨潮资讯WebAPI p_stock2110（申银万国行业分类标准F001V=008003；当前记录F008C=1；查询日2026-07-24；https://webapi.cninfo.com.cn/api/stock/p_stock2110?scode=000045&sdate=1990-01-01&edate=2026-07-24）"
"000050","深天马Ａ","深交所主板","光学光电子","巨潮资讯WebAPI p_stock2110（申银万国行业分类标准F001V=008003；当前记录F008C=1；查询日2026-07-24；https://webapi.cninfo.com.cn/api/stock/p_stock2110?scode=000050&sdate=1990-01-01&edate=2026-07-24）"
"000063","中兴通讯","深交所主板","通信设备","巨潮资讯WebAPI p_stock2110（申银万国行业分类标准F001V=008003；当前记录F008C=1；查询日2026-07-24；https://webapi.cninfo.com.cn/api/stock/p_stock2110?scode=000063&sdate=1990-01-01&edate=2026-07-24）"
"000070","特发信息","深交所主板","通信设备","巨潮资讯WebAPI p_stock2110（申银万国行业分类标准F001V=008003；当前记录F008C=1；查询日2026-07-24；https://webapi.cninfo.com.cn/api/stock/p_stock2110?scode=000070&sdate=1990-01-01&edate=2026-07-24）"
"000100","TCL科技","深交所主板","光学光电子","巨潮资讯WebAPI p_stock2110（申银万国行业分类标准F001V=008003；当前记录F008C=1；查询日2026-07-24；https://webapi.cninfo.com.cn/api/stock/p_stock2110?scode=000100&sdate=1990-01-01&edate=2026-07-24）"
"000509","华塑控股","深交所主板","光学光电子","巨潮资讯WebAPI p_stock2110（申银万国行业分类标准F001V=008003；当前记录F008C=1；查询日2026-07-24；https://webapi.cninfo.com.cn/api/stock/p_stock2110?scode=000509&sdate=1990-01-01&edate=2026-07-24）"
"000536","华映科技","深交所主板","光学光电子","巨潮资讯WebAPI p_stock2110（申银万国行业分类标准F001V=008003；当前记录F008C=1；查询日2026-07-24；https://webapi.cninfo.com.cn/api/stock/p_stock2110?scode=000536&sdate=1990-01-01&edate=2026-07-24）"
"000586","汇源通信","深交所主板","通信设备","巨潮资讯WebAPI p_stock2110（申银万国行业分类标准F001V=008003；当前记录F008C=1；查询日2026-07-24；https://webapi.cninfo.com.cn/api/stock/p_stock2110?scode=000586&sdate=1990-01-01&edate=2026-07-24）"
"000636","风华高科","深交所主板","元件","巨潮资讯WebAPI p_stock2110（申银万国行业分类标准F001V=008003；当前记录F008C=1；查询日2026-07-24；https://webapi.cninfo.com.cn/api/stock/p_stock2110?scode=000636&sdate=1990-01-01&edate=2026-07-24）"
"000725","京东方Ａ","深交所主板","光学光电子","巨潮资讯WebAPI p_stock2110（申银万国行业分类标准F001V=008003；当前记录F008C=1；查询日2026-07-24；https://webapi.cninfo.com.cn/api/stock/p_stock2110?scode=000725&sdate=1990-01-01&edate=2026-07-24）"
"000727","冠捷科技","深交所主板","光学光电子","巨潮资讯WebAPI p_stock2110（申银万国行业分类标准F001V=008003；当前记录F008C=1；查询日2026-07-24；https://webapi.cninfo.com.cn/api/stock/p_stock2110?scode=000727&sdate=1990-01-01&edate=2026-07-24）"
"000823","超声电子","深交所主板","元件","巨潮资讯WebAPI p_stock2110（申银万国行业分类标准F001V=008003；当前记录F008C=1；查询日2026-07-24；https://webapi.cninfo.com.cn/api/stock/p_stock2110?scode=000823&sdate=1990-01-01&edate=2026-07-24）"
"001267","汇绿生态","深交所主板","通信设备","巨潮资讯WebAPI p_stock2110（申银万国行业分类标准F001V=008003；当前记录F008C=1；查询日2026-07-24；https://webapi.cninfo.com.cn/api/stock/p_stock2110?scode=001267&sdate=1990-01-01&edate=2026-07-24）"
"001308","康冠科技","深交所主板","光学光电子","巨潮资讯WebAPI p_stock2110（申银万国行业分类标准F001V=008003；当前记录F008C=1；查询日2026-07-24；https://webapi.cninfo.com.cn/api/stock/p_stock2110?scode=001308&sdate=1990-01-01&edate=2026-07-24）"
"001373","翔腾新材","深交所主板","光学光电子","巨潮资讯WebAPI p_stock2110（申银万国行业分类标准F001V=008003；当前记录F008C=1；查询日2026-07-24；https://webapi.cninfo.com.cn/api/stock/p_stock2110?scode=001373&sdate=1990-01-01&edate=2026-07-24）"
"001389","广合科技","深交所主板","元件","巨潮资讯WebAPI p_stock2110（申银万国行业分类标准F001V=008003；当前记录F008C=1；查询日2026-07-24；https://webapi.cninfo.com.cn/api/stock/p_stock2110?scode=001389&sdate=1990-01-01&edate=2026-07-24）"
"001399","惠科股份","深交所主板","光学光电子","巨潮资讯WebAPI p_stock2110（申银万国行业分类标准F001V=008003；当前记录F008C=1；查询日2026-07-24；https://webapi.cninfo.com.cn/api/stock/p_stock2110?scode=001399&sdate=1990-01-01&edate=2026-07-24）"
"002017","东信和平","深交所主板","通信设备","巨潮资讯WebAPI p_stock2110（申银万国行业分类标准F001V=008003；当前记录F008C=1；查询日2026-07-24；https://webapi.cninfo.com.cn/api/stock/p_stock2110?scode=002017&sdate=1990-01-01&edate=2026-07-24）"
"002036","联创电子","深交所主板","光学光电子","巨潮资讯WebAPI p_stock2110（申银万国行业分类标准F001V=008003；当前记录F008C=1；查询日2026-07-24；https://webapi.cninfo.com.cn/api/stock/p_stock2110?scode=002036&sdate=1990-01-01&edate=2026-07-24）"
"002104","恒宝股份","深交所主板","通信设备","巨潮资讯WebAPI p_stock2110（申银万国行业分类标准F001V=008003；当前记录F008C=1；查询日2026-07-24；https://webapi.cninfo.com.cn/api/stock/p_stock2110?scode=002104&sdate=1990-01-01&edate=2026-07-24）"
"002106","莱宝高科","深交所主板","光学光电子","巨潮资讯WebAPI p_stock2110（申银万国行业分类标准F001V=008003；当前记录F008C=1；查询日2026-07-24；https://webapi.cninfo.com.cn/api/stock/p_stock2110?scode=002106&sdate=1990-01-01&edate=2026-07-24）"
"002134","天津普林","深交所主板","元件","巨潮资讯WebAPI p_stock2110（申银万国行业分类标准F001V=008003；当前记录F008C=1；查询日2026-07-24；https://webapi.cninfo.com.cn/api/stock/p_stock2110?scode=002134&sdate=1990-01-01&edate=2026-07-24）"
"002137","实益达","深交所主板","光学光电子","巨潮资讯WebAPI p_stock2110（申银万国行业分类标准F001V=008003；当前记录F008C=1；查询日2026-07-24；https://webapi.cninfo.com.cn/api/stock/p_stock2110?scode=002137&sdate=1990-01-01&edate=2026-07-24）"
"002138","顺络电子","深交所主板","元件","巨潮资讯WebAPI p_stock2110（申银万国行业分类标准F001V=008003；当前记录F008C=1；查询日2026-07-24；https://webapi.cninfo.com.cn/api/stock/p_stock2110?scode=002138&sdate=1990-01-01&edate=2026-07-24）"
"002141","贤丰控股","深交所主板","元件","巨潮资讯WebAPI p_stock2110（申银万国行业分类标准F001V=008003；当前记录F008C=1；查询日2026-07-24；https://webapi.cninfo.com.cn/api/stock/p_stock2110?scode=002141&sdate=1990-01-01&edate=2026-07-24）"
"002194","武汉凡谷","深交所主板","通信设备","巨潮资讯WebAPI p_stock2110（申银万国行业分类标准F001V=008003；当前记录F008C=1；查询日2026-07-24；https://webapi.cninfo.com.cn/api/stock/p_stock2110?scode=002194&sdate=1990-01-01&edate=2026-07-24）"
"002199","东晶电子","深交所主板","元件","巨潮资讯WebAPI p_stock2110（申银万国行业分类标准F001V=008003；当前记录F008C=1；查询日2026-07-24；https://webapi.cninfo.com.cn/api/stock/p_stock2110?scode=002199&sdate=1990-01-01&edate=2026-07-24）"
"002217","ST合力泰","深交所主板","光学光电子","巨潮资讯WebAPI p_stock2110（申银万国行业分类标准F001V=008003；当前记录F008C=1；查询日2026-07-24；https://webapi.cninfo.com.cn/api/stock/p_stock2110?scode=002217&sdate=1990-01-01&edate=2026-07-24）"
"002222","福晶科技","深交所主板","光学光电子","巨潮资讯WebAPI p_stock2110（申银万国行业分类标准F001V=008003；当前记录F008C=1；查询日2026-07-24；https://webapi.cninfo.com.cn/api/stock/p_stock2110?scode=002222&sdate=1990-01-01&edate=2026-07-24）"
"002273","水晶光电","深交所主板","光学光电子","巨潮资讯WebAPI p_stock2110（申银万国行业分类标准F001V=008003；当前记录F008C=1；查询日2026-07-24；https://webapi.cninfo.com.cn/api/stock/p_stock2110?scode=002273&sdate=1990-01-01&edate=2026-07-24）"
"002281","光迅科技","深交所主板","通信设备","巨潮资讯WebAPI p_stock2110（申银万国行业分类标准F001V=008003；当前记录F008C=1；查询日2026-07-24；https://webapi.cninfo.com.cn/api/stock/p_stock2110?scode=002281&sdate=1990-01-01&edate=2026-07-24）"
"002289","宇顺电子","深交所主板","光学光电子","巨潮资讯WebAPI p_stock2110（申银万国行业分类标准F001V=008003；当前记录F008C=1；查询日2026-07-24；https://webapi.cninfo.com.cn/api/stock/p_stock2110?scode=002289&sdate=1990-01-01&edate=2026-07-24）"
"002296","辉煌科技","深交所主板","通信设备","巨潮资讯WebAPI p_stock2110（申银万国行业分类标准F001V=008003；当前记录F008C=1；查询日2026-07-24；https://webapi.cninfo.com.cn/api/stock/p_stock2110?scode=002296&sdate=1990-01-01&edate=2026-07-24）"
"002313","日海智能","深交所主板","通信设备","巨潮资讯WebAPI p_stock2110（申银万国行业分类标准F001V=008003；当前记录F008C=1；查询日2026-07-24；https://webapi.cninfo.com.cn/api/stock/p_stock2110?scode=002313&sdate=1990-01-01&edate=2026-07-24）"
"002384","东山精密","深交所主板","元件","巨潮资讯WebAPI p_stock2110（申银万国行业分类标准F001V=008003；当前记录F008C=1；查询日2026-07-24；https://webapi.cninfo.com.cn/api/stock/p_stock2110?scode=002384&sdate=1990-01-01&edate=2026-07-24）"
"002387","维信诺","深交所主板","光学光电子","巨潮资讯WebAPI p_stock2110（申银万国行业分类标准F001V=008003；当前记录F008C=1；查询日2026-07-24；https://webapi.cninfo.com.cn/api/stock/p_stock2110?scode=002387&sdate=1990-01-01&edate=2026-07-24）"
"002396","星网锐捷","深交所主板","通信设备","巨潮资讯WebAPI p_stock2110（申银万国行业分类标准F001V=008003；当前记录F008C=1；查询日2026-07-24；https://webapi.cninfo.com.cn/api/stock/p_stock2110?scode=002396&sdate=1990-01-01&edate=2026-07-24）"
"002436","兴森科技","深交所主板","元件","巨潮资讯WebAPI p_stock2110（申银万国行业分类标准F001V=008003；当前记录F008C=1；查询日2026-07-24；https://webapi.cninfo.com.cn/api/stock/p_stock2110?scode=002436&sdate=1990-01-01&edate=2026-07-24）"
"002449","国星光电","深交所主板","光学光电子","巨潮资讯WebAPI p_stock2110（申银万国行业分类标准F001V=008003；当前记录F008C=1；查询日2026-07-24；https://webapi.cninfo.com.cn/api/stock/p_stock2110?scode=002449&sdate=1990-01-01&edate=2026-07-24）"
"002456","欧菲光","深交所主板","光学光电子","巨潮资讯WebAPI p_stock2110（申银万国行业分类标准F001V=008003；当前记录F008C=1；查询日2026-07-24；https://webapi.cninfo.com.cn/api/stock/p_stock2110?scode=002456&sdate=1990-01-01&edate=2026-07-24）"
"002463","沪电股份","深交所主板","元件","巨潮资讯WebAPI p_stock2110（申银万国行业分类标准F001V=008003；当前记录F008C=1；查询日2026-07-24；https://webapi.cninfo.com.cn/api/stock/p_stock2110?scode=002463&sdate=1990-01-01&edate=2026-07-24）"
"002484","江海股份","深交所主板","元件","巨潮资讯WebAPI p_stock2110（申银万国行业分类标准F001V=008003；当前记录F008C=1；查询日2026-07-24；https://webapi.cninfo.com.cn/api/stock/p_stock2110?scode=002484&sdate=1990-01-01&edate=2026-07-24）"
"002491","通鼎互联","深交所主板","通信设备","巨潮资讯WebAPI p_stock2110（申银万国行业分类标准F001V=008003；当前记录F008C=1；查询日2026-07-24；https://webapi.cninfo.com.cn/api/stock/p_stock2110?scode=002491&sdate=1990-01-01&edate=2026-07-24）"
"002552","宝鼎科技","深交所主板","元件","巨潮资讯WebAPI p_stock2110（申银万国行业分类标准F001V=008003；当前记录F008C=1；查询日2026-07-24；https://webapi.cninfo.com.cn/api/stock/p_stock2110?scode=002552&sdate=1990-01-01&edate=2026-07-24）"
"002579","中京电子","深交所主板","元件","巨潮资讯WebAPI p_stock2110（申银万国行业分类标准F001V=008003；当前记录F008C=1；查询日2026-07-24；https://webapi.cninfo.com.cn/api/stock/p_stock2110?scode=002579&sdate=1990-01-01&edate=2026-07-24）"
"002583","海能达","深交所主板","通信设备","巨潮资讯WebAPI p_stock2110（申银万国行业分类标准F001V=008003；当前记录F008C=1；查询日2026-07-24；https://webapi.cninfo.com.cn/api/stock/p_stock2110?scode=002583&sdate=1990-01-01&edate=2026-07-24）"
"002587","奥拓电子","深交所主板","光学光电子","巨潮资讯WebAPI p_stock2110（申银万国行业分类标准F001V=008003；当前记录F008C=1；查询日2026-07-24；https://webapi.cninfo.com.cn/api/stock/p_stock2110?scode=002587&sdate=1990-01-01&edate=2026-07-24）"
"002636","金安国纪","深交所主板","元件","巨潮资讯WebAPI p_stock2110（申银万国行业分类标准F001V=008003；当前记录F008C=1；查询日2026-07-24；https://webapi.cninfo.com.cn/api/stock/p_stock2110?scode=002636&sdate=1990-01-01&edate=2026-07-24）"
"002654","万润科技","深交所主板","光学光电子","巨潮资讯WebAPI p_stock2110（申银万国行业分类标准F001V=008003；当前记录F008C=1；查询日2026-07-24；https://webapi.cninfo.com.cn/api/stock/p_stock2110?scode=002654&sdate=1990-01-01&edate=2026-07-24）"
"002745","木林森","深交所主板","光学光电子","巨潮资讯WebAPI p_stock2110（申银万国行业分类标准F001V=008003；当前记录F008C=1；查询日2026-07-24；https://webapi.cninfo.com.cn/api/stock/p_stock2110?scode=002745&sdate=1990-01-01&edate=2026-07-24）"
"002792","通宇通讯","深交所主板","通信设备","巨潮资讯WebAPI p_stock2110（申银万国行业分类标准F001V=008003；当前记录F008C=1；查询日2026-07-24；https://webapi.cninfo.com.cn/api/stock/p_stock2110?scode=002792&sdate=1990-01-01&edate=2026-07-24）"
"002796","世嘉科技","深交所主板","通信设备","巨潮资讯WebAPI p_stock2110（申银万国行业分类标准F001V=008003；当前记录F008C=1；查询日2026-07-24；https://webapi.cninfo.com.cn/api/stock/p_stock2110?scode=002796&sdate=1990-01-01&edate=2026-07-24）"
"002815","崇达技术","深交所主板","元件","巨潮资讯WebAPI p_stock2110（申银万国行业分类标准F001V=008003；当前记录F008C=1；查询日2026-07-24；https://webapi.cninfo.com.cn/api/stock/p_stock2110?scode=002815&sdate=1990-01-01&edate=2026-07-24）"
"002845","同兴达","深交所主板","光学光电子","巨潮资讯WebAPI p_stock2110（申银万国行业分类标准F001V=008003；当前记录F008C=1；查询日2026-07-24；https://webapi.cninfo.com.cn/api/stock/p_stock2110?scode=002845&sdate=1990-01-01&edate=2026-07-24）"
"002876","三利谱","深交所主板","光学光电子","巨潮资讯WebAPI p_stock2110（申银万国行业分类标准F001V=008003；当前记录F008C=1；查询日2026-07-24；https://webapi.cninfo.com.cn/api/stock/p_stock2110?scode=002876&sdate=1990-01-01&edate=2026-07-24）"
"002881","美格智能","深交所主板","通信设备","巨潮资讯WebAPI p_stock2110（申银万国行业分类标准F001V=008003；当前记录F008C=1；查询日2026-07-24；https://webapi.cninfo.com.cn/api/stock/p_stock2110?scode=002881&sdate=1990-01-01&edate=2026-07-24）"
"002897","意华股份","深交所主板","通信设备","巨潮资讯WebAPI p_stock2110（申银万国行业分类标准F001V=008003；当前记录F008C=1；查询日2026-07-24；https://webapi.cninfo.com.cn/api/stock/p_stock2110?scode=002897&sdate=1990-01-01&edate=2026-07-24）"
"002902","铭普光磁","深交所主板","通信设备","巨潮资讯WebAPI p_stock2110（申银万国行业分类标准F001V=008003；当前记录F008C=1；查询日2026-07-24；https://webapi.cninfo.com.cn/api/stock/p_stock2110?scode=002902&sdate=1990-01-01&edate=2026-07-24）"
"002913","奥士康","深交所主板","元件","巨潮资讯WebAPI p_stock2110（申银万国行业分类标准F001V=008003；当前记录F008C=1；查询日2026-07-24；https://webapi.cninfo.com.cn/api/stock/p_stock2110?scode=002913&sdate=1990-01-01&edate=2026-07-24）"
"002916","深南电路","深交所主板","元件","巨潮资讯WebAPI p_stock2110（申银万国行业分类标准F001V=008003；当前记录F008C=1；查询日2026-07-24；https://webapi.cninfo.com.cn/api/stock/p_stock2110?scode=002916&sdate=1990-01-01&edate=2026-07-24）"
"002938","鹏鼎控股","深交所主板","元件","巨潮资讯WebAPI p_stock2110（申银万国行业分类标准F001V=008003；当前记录F008C=1；查询日2026-07-24；https://webapi.cninfo.com.cn/api/stock/p_stock2110?scode=002938&sdate=1990-01-01&edate=2026-07-24）"
"002952","亚世光电","深交所主板","光学光电子","巨潮资讯WebAPI p_stock2110（申银万国行业分类标准F001V=008003；当前记录F008C=1；查询日2026-07-24；https://webapi.cninfo.com.cn/api/stock/p_stock2110?scode=002952&sdate=1990-01-01&edate=2026-07-24）"
"002955","鸿合科技","深交所主板","光学光电子","巨潮资讯WebAPI p_stock2110（申银万国行业分类标准F001V=008003；当前记录F008C=1；查询日2026-07-24；https://webapi.cninfo.com.cn/api/stock/p_stock2110?scode=002955&sdate=1990-01-01&edate=2026-07-24）"
"002962","五方光电","深交所主板","光学光电子","巨潮资讯WebAPI p_stock2110（申银万国行业分类标准F001V=008003；当前记录F008C=1；查询日2026-07-24；https://webapi.cninfo.com.cn/api/stock/p_stock2110?scode=002962&sdate=1990-01-01&edate=2026-07-24）"
"002983","芯瑞达","深交所主板","光学光电子","巨潮资讯WebAPI p_stock2110（申银万国行业分类标准F001V=008003；当前记录F008C=1；查询日2026-07-24；https://webapi.cninfo.com.cn/api/stock/p_stock2110?scode=002983&sdate=1990-01-01&edate=2026-07-24）"
"002992","宝明科技","深交所主板","光学光电子","巨潮资讯WebAPI p_stock2110（申银万国行业分类标准F001V=008003；当前记录F008C=1；查询日2026-07-24；https://webapi.cninfo.com.cn/api/stock/p_stock2110?scode=002992&sdate=1990-01-01&edate=2026-07-24）"
"003015","日久光电","深交所主板","光学光电子","巨潮资讯WebAPI p_stock2110（申银万国行业分类标准F001V=008003；当前记录F008C=1；查询日2026-07-24；https://webapi.cninfo.com.cn/api/stock/p_stock2110?scode=003015&sdate=1990-01-01&edate=2026-07-24）"
"003019","宸展光电","深交所主板","光学光电子","巨潮资讯WebAPI p_stock2110（申银万国行业分类标准F001V=008003；当前记录F008C=1；查询日2026-07-24；https://webapi.cninfo.com.cn/api/stock/p_stock2110?scode=003019&sdate=1990-01-01&edate=2026-07-24）"
"003031","中瓷电子","深交所主板","通信设备","巨潮资讯WebAPI p_stock2110（申银万国行业分类标准F001V=008003；当前记录F008C=1；查询日2026-07-24；https://webapi.cninfo.com.cn/api/stock/p_stock2110?scode=003031&sdate=1990-01-01&edate=2026-07-24）"
"003040","楚天龙","深交所主板","通信设备","巨潮资讯WebAPI p_stock2110（申银万国行业分类标准F001V=008003；当前记录F008C=1；查询日2026-07-24；https://webapi.cninfo.com.cn/api/stock/p_stock2110?scode=003040&sdate=1990-01-01&edate=2026-07-24）"
"300076","*ST宁视","深交所创业板","光学光电子","巨潮资讯WebAPI p_stock2110（申银万国行业分类标准F001V=008003；当前记录F008C=1；查询日2026-07-24；https://webapi.cninfo.com.cn/api/stock/p_stock2110?scode=300076&sdate=1990-01-01&edate=2026-07-24）"
"300088","长信科技","深交所创业板","光学光电子","巨潮资讯WebAPI p_stock2110（申银万国行业分类标准F001V=008003；当前记录F008C=1；查询日2026-07-24；https://webapi.cninfo.com.cn/api/stock/p_stock2110?scode=300088&sdate=1990-01-01&edate=2026-07-24）"
"300098","高新兴","深交所创业板","通信设备","巨潮资讯WebAPI p_stock2110（申银万国行业分类标准F001V=008003；当前记录F008C=1；查询日2026-07-24；https://webapi.cninfo.com.cn/api/stock/p_stock2110?scode=300098&sdate=1990-01-01&edate=2026-07-24）"
"300102","乾照光电","深交所创业板","光学光电子","巨潮资讯WebAPI p_stock2110（申银万国行业分类标准F001V=008003；当前记录F008C=1；查询日2026-07-24；https://webapi.cninfo.com.cn/api/stock/p_stock2110?scode=300102&sdate=1990-01-01&edate=2026-07-24）"
"300120","经纬辉开","深交所创业板","光学光电子","巨潮资讯WebAPI p_stock2110（申银万国行业分类标准F001V=008003；当前记录F008C=1；查询日2026-07-24；https://webapi.cninfo.com.cn/api/stock/p_stock2110?scode=300120&sdate=1990-01-01&edate=2026-07-24）"
"300134","大富科技","深交所创业板","通信设备","巨潮资讯WebAPI p_stock2110（申银万国行业分类标准F001V=008003；当前记录F008C=1；查询日2026-07-24；https://webapi.cninfo.com.cn/api/stock/p_stock2110?scode=300134&sdate=1990-01-01&edate=2026-07-24）"
"300162","雷曼光电","深交所创业板","光学光电子","巨潮资讯WebAPI p_stock2110（申银万国行业分类标准F001V=008003；当前记录F008C=1；查询日2026-07-24；https://webapi.cninfo.com.cn/api/stock/p_stock2110?scode=300162&sdate=1990-01-01&edate=2026-07-24）"
"300183","东软载波","深交所创业板","通信设备","巨潮资讯WebAPI p_stock2110（申银万国行业分类标准F001V=008003；当前记录F008C=1；查询日2026-07-24；https://webapi.cninfo.com.cn/api/stock/p_stock2110?scode=300183&sdate=1990-01-01&edate=2026-07-24）"
"300205","*ST天喻","深交所创业板","通信设备","巨潮资讯WebAPI p_stock2110（申银万国行业分类标准F001V=008003；当前记录F008C=1；查询日2026-07-24；https://webapi.cninfo.com.cn/api/stock/p_stock2110?scode=300205&sdate=1990-01-01&edate=2026-07-24）"
"300213","佳讯飞鸿","深交所创业板","通信设备","巨潮资讯WebAPI p_stock2110（申银万国行业分类标准F001V=008003；当前记录F008C=1；查询日2026-07-24；https://webapi.cninfo.com.cn/api/stock/p_stock2110?scode=300213&sdate=1990-01-01&edate=2026-07-24）"
"300219","鸿利智汇","深交所创业板","光学光电子","巨潮资讯WebAPI p_stock2110（申银万国行业分类标准F001V=008003；当前记录F008C=1；查询日2026-07-24；https://webapi.cninfo.com.cn/api/stock/p_stock2110?scode=300219&sdate=1990-01-01&edate=2026-07-24）"
"300232","洲明科技","深交所创业板","光学光电子","巨潮资讯WebAPI p_stock2110（申银万国行业分类标准F001V=008003；当前记录F008C=1；查询日2026-07-24；https://webapi.cninfo.com.cn/api/stock/p_stock2110?scode=300232&sdate=1990-01-01&edate=2026-07-24）"
"300241","瑞丰光电","深交所创业板","光学光电子","巨潮资讯WebAPI p_stock2110（申银万国行业分类标准F001V=008003；当前记录F008C=1；查询日2026-07-24；https://webapi.cninfo.com.cn/api/stock/p_stock2110?scode=300241&sdate=1990-01-01&edate=2026-07-24）"
"300269","联建光电","深交所创业板","光学光电子","巨潮资讯WebAPI p_stock2110（申银万国行业分类标准F001V=008003；当前记录F008C=1；查询日2026-07-24；https://webapi.cninfo.com.cn/api/stock/p_stock2110?scode=300269&sdate=1990-01-01&edate=2026-07-24）"
"300296","利亚德","深交所创业板","光学光电子","巨潮资讯WebAPI p_stock2110（申银万国行业分类标准F001V=008003；当前记录F008C=1；查询日2026-07-24；https://webapi.cninfo.com.cn/api/stock/p_stock2110?scode=300296&sdate=1990-01-01&edate=2026-07-24）"
"300301","ST长方","深交所创业板","光学光电子","巨潮资讯WebAPI p_stock2110（申银万国行业分类标准F001V=008003；当前记录F008C=1；查询日2026-07-24；https://webapi.cninfo.com.cn/api/stock/p_stock2110?scode=300301&sdate=1990-01-01&edate=2026-07-24）"
"300303","聚飞光电","深交所创业板","光学光电子","巨潮资讯WebAPI p_stock2110（申银万国行业分类标准F001V=008003；当前记录F008C=1；查询日2026-07-24；https://webapi.cninfo.com.cn/api/stock/p_stock2110?scode=300303&sdate=1990-01-01&edate=2026-07-24）"
"300308","中际旭创","深交所创业板","通信设备","巨潮资讯WebAPI p_stock2110（申银万国行业分类标准F001V=008003；当前记录F008C=1；查询日2026-07-24；https://webapi.cninfo.com.cn/api/stock/p_stock2110?scode=300308&sdate=1990-01-01&edate=2026-07-24）"
"300319","麦捷科技","深交所创业板","元件","巨潮资讯WebAPI p_stock2110（申银万国行业分类标准F001V=008003；当前记录F008C=1；查询日2026-07-24；https://webapi.cninfo.com.cn/api/stock/p_stock2110?scode=300319&sdate=1990-01-01&edate=2026-07-24）"
"300323","华灿光电","深交所创业板","光学光电子","巨潮资讯WebAPI p_stock2110（申银万国行业分类标准F001V=008003；当前记录F008C=1；查询日2026-07-24；https://webapi.cninfo.com.cn/api/stock/p_stock2110?scode=300323&sdate=1990-01-01&edate=2026-07-24）"
"300331","苏大维格","深交所创业板","光学光电子","巨潮资讯WebAPI p_stock2110（申银万国行业分类标准F001V=008003；当前记录F008C=1；查询日2026-07-24；https://webapi.cninfo.com.cn/api/stock/p_stock2110?scode=300331&sdate=1990-01-01&edate=2026-07-24）"
"300353","东土科技","深交所创业板","通信设备","巨潮资讯WebAPI p_stock2110（申银万国行业分类标准F001V=008003；当前记录F008C=1；查询日2026-07-24；https://webapi.cninfo.com.cn/api/stock/p_stock2110?scode=300353&sdate=1990-01-01&edate=2026-07-24）"
"300389","艾比森","深交所创业板","光学光电子","巨潮资讯WebAPI p_stock2110（申银万国行业分类标准F001V=008003；当前记录F008C=1；查询日2026-07-24；https://webapi.cninfo.com.cn/api/stock/p_stock2110?scode=300389&sdate=1990-01-01&edate=2026-07-24）"
"300394","天孚通信","深交所创业板","通信设备","巨潮资讯WebAPI p_stock2110（申银万国行业分类标准F001V=008003；当前记录F008C=1；查询日2026-07-24；https://webapi.cninfo.com.cn/api/stock/p_stock2110?scode=300394&sdate=1990-01-01&edate=2026-07-24）"
"300408","三环集团","深交所创业板","元件","巨潮资讯WebAPI p_stock2110（申银万国行业分类标准F001V=008003；当前记录F008C=1；查询日2026-07-24；https://webapi.cninfo.com.cn/api/stock/p_stock2110?scode=300408&sdate=1990-01-01&edate=2026-07-24）"
"300414","中光防雷","深交所创业板","通信设备","巨潮资讯WebAPI p_stock2110（申银万国行业分类标准F001V=008003；当前记录F008C=1；查询日2026-07-24；https://webapi.cninfo.com.cn/api/stock/p_stock2110?scode=300414&sdate=1990-01-01&edate=2026-07-24）"
"300460","ST惠伦","深交所创业板","元件","巨潮资讯WebAPI p_stock2110（申银万国行业分类标准F001V=008003；当前记录F008C=1；查询日2026-07-24；https://webapi.cninfo.com.cn/api/stock/p_stock2110?scode=300460&sdate=1990-01-01&edate=2026-07-24）"
"300476","胜宏科技","深交所创业板","元件","巨潮资讯WebAPI p_stock2110（申银万国行业分类标准F001V=008003；当前记录F008C=1；查询日2026-07-24；https://webapi.cninfo.com.cn/api/stock/p_stock2110?scode=300476&sdate=1990-01-01&edate=2026-07-24）"
"300489","光智科技","深交所创业板","光学光电子","巨潮资讯WebAPI p_stock2110（申银万国行业分类标准F001V=008003；当前记录F008C=1；查询日2026-07-24；https://webapi.cninfo.com.cn/api/stock/p_stock2110?scode=300489&sdate=1990-01-01&edate=2026-07-24）"
"300502","新易盛","深交所创业板","通信设备","巨潮资讯WebAPI p_stock2110（申银万国行业分类标准F001V=008003；当前记录F008C=1；查询日2026-07-24；https://webapi.cninfo.com.cn/api/stock/p_stock2110?scode=300502&sdate=1990-01-01&edate=2026-07-24）"
"300504","天邑股份","深交所创业板","通信设备","巨潮资讯WebAPI p_stock2110（申银万国行业分类标准F001V=008003；当前记录F008C=1；查询日2026-07-24；https://webapi.cninfo.com.cn/api/stock/p_stock2110?scode=300504&sdate=1990-01-01&edate=2026-07-24）"
"300545","联得装备","深交所创业板","光学光电子","巨潮资讯WebAPI p_stock2110（申银万国行业分类标准F001V=008003；当前记录F008C=1；查询日2026-07-24；https://webapi.cninfo.com.cn/api/stock/p_stock2110?scode=300545&sdate=1990-01-01&edate=2026-07-24）"
"300548","长芯博创","深交所创业板","通信设备","巨潮资讯WebAPI p_stock2110（申银万国行业分类标准F001V=008003；当前记录F008C=1；查询日2026-07-24；https://webapi.cninfo.com.cn/api/stock/p_stock2110?scode=300548&sdate=1990-01-01&edate=2026-07-24）"
"300555","ST路通","深交所创业板","通信设备","巨潮资讯WebAPI p_stock2110（申银万国行业分类标准F001V=008003；当前记录F008C=1；查询日2026-07-24；https://webapi.cninfo.com.cn/api/stock/p_stock2110?scode=300555&sdate=1990-01-01&edate=2026-07-24）"
"300563","神宇股份","深交所创业板","通信设备","巨潮资讯WebAPI p_stock2110（申银万国行业分类标准F001V=008003；当前记录F008C=1；查询日2026-07-24；https://webapi.cninfo.com.cn/api/stock/p_stock2110?scode=300563&sdate=1990-01-01&edate=2026-07-24）"
"300565","科信技术","深交所创业板","通信设备","巨潮资讯WebAPI p_stock2110（申银万国行业分类标准F001V=008003；当前记录F008C=1；查询日2026-07-24；https://webapi.cninfo.com.cn/api/stock/p_stock2110?scode=300565&sdate=1990-01-01&edate=2026-07-24）"
"300566","激智科技","深交所创业板","光学光电子","巨潮资讯WebAPI p_stock2110（申银万国行业分类标准F001V=008003；当前记录F008C=1；查询日2026-07-24；https://webapi.cninfo.com.cn/api/stock/p_stock2110?scode=300566&sdate=1990-01-01&edate=2026-07-24）"
"300570","太辰光","深交所创业板","通信设备","巨潮资讯WebAPI p_stock2110（申银万国行业分类标准F001V=008003；当前记录F008C=1；查询日2026-07-24；https://webapi.cninfo.com.cn/api/stock/p_stock2110?scode=300570&sdate=1990-01-01&edate=2026-07-24）"
"300582","英飞特","深交所创业板","光学光电子","巨潮资讯WebAPI p_stock2110（申银万国行业分类标准F001V=008003；当前记录F008C=1；查询日2026-07-24；https://webapi.cninfo.com.cn/api/stock/p_stock2110?scode=300582&sdate=1990-01-01&edate=2026-07-24）"
"300590","移为通信","深交所创业板","通信设备","巨潮资讯WebAPI p_stock2110（申银万国行业分类标准F001V=008003；当前记录F008C=1；查询日2026-07-24；https://webapi.cninfo.com.cn/api/stock/p_stock2110?scode=300590&sdate=1990-01-01&edate=2026-07-24）"
"300615","欣天科技","深交所创业板","通信设备","巨潮资讯WebAPI p_stock2110（申银万国行业分类标准F001V=008003；当前记录F008C=1；查询日2026-07-24；https://webapi.cninfo.com.cn/api/stock/p_stock2110?scode=300615&sdate=1990-01-01&edate=2026-07-24）"
"300620","光库科技","深交所创业板","通信设备","巨潮资讯WebAPI p_stock2110（申银万国行业分类标准F001V=008003；当前记录F008C=1；查询日2026-07-24；https://webapi.cninfo.com.cn/api/stock/p_stock2110?scode=300620&sdate=1990-01-01&edate=2026-07-24）"
"300627","华测导航","深交所创业板","通信设备","巨潮资讯WebAPI p_stock2110（申银万国行业分类标准F001V=008003；当前记录F008C=1；查询日2026-07-24；https://webapi.cninfo.com.cn/api/stock/p_stock2110?scode=300627&sdate=1990-01-01&edate=2026-07-24）"
"300628","亿联网络","深交所创业板","通信设备","巨潮资讯WebAPI p_stock2110（申银万国行业分类标准F001V=008003；当前记录F008C=1；查询日2026-07-24；https://webapi.cninfo.com.cn/api/stock/p_stock2110?scode=300628&sdate=1990-01-01&edate=2026-07-24）"
"300632","光莆股份","深交所创业板","光学光电子","巨潮资讯WebAPI p_stock2110（申银万国行业分类标准F001V=008003；当前记录F008C=1；查询日2026-07-24；https://webapi.cninfo.com.cn/api/stock/p_stock2110?scode=300632&sdate=1990-01-01&edate=2026-07-24）"
"300638","广和通","深交所创业板","通信设备","巨潮资讯WebAPI p_stock2110（申银万国行业分类标准F001V=008003；当前记录F008C=1；查询日2026-07-24；https://webapi.cninfo.com.cn/api/stock/p_stock2110?scode=300638&sdate=1990-01-01&edate=2026-07-24）"
"300657","弘信电子","深交所创业板","元件","巨潮资讯WebAPI p_stock2110（申银万国行业分类标准F001V=008003；当前记录F008C=1；查询日2026-07-24；https://webapi.cninfo.com.cn/api/stock/p_stock2110?scode=300657&sdate=1990-01-01&edate=2026-07-24）"
"300689","澄天伟业","深交所创业板","通信设备","巨潮资讯WebAPI p_stock2110（申银万国行业分类标准F001V=008003；当前记录F008C=1；查询日2026-07-24；https://webapi.cninfo.com.cn/api/stock/p_stock2110?scode=300689&sdate=1990-01-01&edate=2026-07-24）"
"300698","万马科技","深交所创业板","通信设备","巨潮资讯WebAPI p_stock2110（申银万国行业分类标准F001V=008003；当前记录F008C=1；查询日2026-07-24；https://webapi.cninfo.com.cn/api/stock/p_stock2110?scode=300698&sdate=1990-01-01&edate=2026-07-24）"
"300701","森霸传感","深交所创业板","光学光电子","巨潮资讯WebAPI p_stock2110（申银万国行业分类标准F001V=008003；当前记录F008C=1；查询日2026-07-24；https://webapi.cninfo.com.cn/api/stock/p_stock2110?scode=300701&sdate=1990-01-01&edate=2026-07-24）"
"300708","聚灿光电","深交所创业板","光学光电子","巨潮资讯WebAPI p_stock2110（申银万国行业分类标准F001V=008003；当前记录F008C=1；查询日2026-07-24；https://webapi.cninfo.com.cn/api/stock/p_stock2110?scode=300708&sdate=1990-01-01&edate=2026-07-24）"
"300710","万隆光电","深交所创业板","通信设备","巨潮资讯WebAPI p_stock2110（申银万国行业分类标准F001V=008003；当前记录F008C=1；查询日2026-07-24；https://webapi.cninfo.com.cn/api/stock/p_stock2110?scode=300710&sdate=1990-01-01&edate=2026-07-24）"
"300711","广哈通信","深交所创业板","通信设备","巨潮资讯WebAPI p_stock2110（申银万国行业分类标准F001V=008003；当前记录F008C=1；查询日2026-07-24；https://webapi.cninfo.com.cn/api/stock/p_stock2110?scode=300711&sdate=1990-01-01&edate=2026-07-24）"
"300739","明阳电路","深交所创业板","元件","巨潮资讯WebAPI p_stock2110（申银万国行业分类标准F001V=008003；当前记录F008C=1；查询日2026-07-24；https://webapi.cninfo.com.cn/api/stock/p_stock2110?scode=300739&sdate=1990-01-01&edate=2026-07-24）"
"300752","隆利科技","深交所创业板","光学光电子","巨潮资讯WebAPI p_stock2110（申银万国行业分类标准F001V=008003；当前记录F008C=1；查询日2026-07-24；https://webapi.cninfo.com.cn/api/stock/p_stock2110?scode=300752&sdate=1990-01-01&edate=2026-07-24）"
"300808","久量股份","深交所创业板","光学光电子","巨潮资讯WebAPI p_stock2110（申银万国行业分类标准F001V=008003；当前记录F008C=1；查询日2026-07-24；https://webapi.cninfo.com.cn/api/stock/p_stock2110?scode=300808&sdate=1990-01-01&edate=2026-07-24）"
"300814","中富电路","深交所创业板","元件","巨潮资讯WebAPI p_stock2110（申银万国行业分类标准F001V=008003；当前记录F008C=1；查询日2026-07-24；https://webapi.cninfo.com.cn/api/stock/p_stock2110?scode=300814&sdate=1990-01-01&edate=2026-07-24）"
"300852","四会富仕","深交所创业板","元件","巨潮资讯WebAPI p_stock2110（申银万国行业分类标准F001V=008003；当前记录F008C=1；查询日2026-07-24；https://webapi.cninfo.com.cn/api/stock/p_stock2110?scode=300852&sdate=1990-01-01&edate=2026-07-24）"
"300889","爱克股份","深交所创业板","光学光电子","巨潮资讯WebAPI p_stock2110（申银万国行业分类标准F001V=008003；当前记录F008C=1；查询日2026-07-24；https://webapi.cninfo.com.cn/api/stock/p_stock2110?scode=300889&sdate=1990-01-01&edate=2026-07-24）"
"300903","科翔股份","深交所创业板","元件","巨潮资讯WebAPI p_stock2110（申银万国行业分类标准F001V=008003；当前记录F008C=1；查询日2026-07-24；https://webapi.cninfo.com.cn/api/stock/p_stock2110?scode=300903&sdate=1990-01-01&edate=2026-07-24）"
"300909","汇创达","深交所创业板","光学光电子","巨潮资讯WebAPI p_stock2110（申银万国行业分类标准F001V=008003；当前记录F008C=1；查询日2026-07-24；https://webapi.cninfo.com.cn/api/stock/p_stock2110?scode=300909&sdate=1990-01-01&edate=2026-07-24）"
"300913","兆龙互连","深交所创业板","通信设备","巨潮资讯WebAPI p_stock2110（申银万国行业分类标准F001V=008003；当前记录F008C=1；查询日2026-07-24；https://webapi.cninfo.com.cn/api/stock/p_stock2110?scode=300913&sdate=1990-01-01&edate=2026-07-24）"
"300936","中英科技","深交所创业板","元件","巨潮资讯WebAPI p_stock2110（申银万国行业分类标准F001V=008003；当前记录F008C=1；查询日2026-07-24；https://webapi.cninfo.com.cn/api/stock/p_stock2110?scode=300936&sdate=1990-01-01&edate=2026-07-24）"
"300939","秋田微","深交所创业板","光学光电子","巨潮资讯WebAPI p_stock2110（申银万国行业分类标准F001V=008003；当前记录F008C=1；查询日2026-07-24；https://webapi.cninfo.com.cn/api/stock/p_stock2110?scode=300939&sdate=1990-01-01&edate=2026-07-24）"
"300940","南极光","深交所创业板","光学光电子","巨潮资讯WebAPI p_stock2110（申银万国行业分类标准F001V=008003；当前记录F008C=1；查询日2026-07-24；https://webapi.cninfo.com.cn/api/stock/p_stock2110?scode=300940&sdate=1990-01-01&edate=2026-07-24）"
"300964","本川智能","深交所创业板","元件","巨潮资讯WebAPI p_stock2110（申银万国行业分类标准F001V=008003；当前记录F008C=1；查询日2026-07-24；https://webapi.cninfo.com.cn/api/stock/p_stock2110?scode=300964&sdate=1990-01-01&edate=2026-07-24）"
"300975","商络电子","深交所创业板","元件","巨潮资讯WebAPI p_stock2110（申银万国行业分类标准F001V=008003；当前记录F008C=1；查询日2026-07-24；https://webapi.cninfo.com.cn/api/stock/p_stock2110?scode=300975&sdate=1990-01-01&edate=2026-07-24）"
"301041","金百泽","深交所创业板","元件","巨潮资讯WebAPI p_stock2110（申银万国行业分类标准F001V=008003；当前记录F008C=1；查询日2026-07-24；https://webapi.cninfo.com.cn/api/stock/p_stock2110?scode=301041&sdate=1990-01-01&edate=2026-07-24）"
"301045","天禄科技","深交所创业板","光学光电子","巨潮资讯WebAPI p_stock2110（申银万国行业分类标准F001V=008003；当前记录F008C=1；查询日2026-07-24；https://webapi.cninfo.com.cn/api/stock/p_stock2110?scode=301045&sdate=1990-01-01&edate=2026-07-24）"
"301106","骏成科技","深交所创业板","光学光电子","巨潮资讯WebAPI p_stock2110（申银万国行业分类标准F001V=008003；当前记录F008C=1；查询日2026-07-24；https://webapi.cninfo.com.cn/api/stock/p_stock2110?scode=301106&sdate=1990-01-01&edate=2026-07-24）"
"301132","满坤科技","深交所创业板","元件","巨潮资讯WebAPI p_stock2110（申银万国行业分类标准F001V=008003；当前记录F008C=1；查询日2026-07-24；https://webapi.cninfo.com.cn/api/stock/p_stock2110?scode=301132&sdate=1990-01-01&edate=2026-07-24）"
"301165","锐捷网络","深交所创业板","通信设备","巨潮资讯WebAPI p_stock2110（申银万国行业分类标准F001V=008003；当前记录F008C=1；查询日2026-07-24；https://webapi.cninfo.com.cn/api/stock/p_stock2110?scode=301165&sdate=1990-01-01&edate=2026-07-24）"
"301176","逸豪新材","深交所创业板","元件","巨潮资讯WebAPI p_stock2110（申银万国行业分类标准F001V=008003；当前记录F008C=1；查询日2026-07-24；https://webapi.cninfo.com.cn/api/stock/p_stock2110?scode=301176&sdate=1990-01-01&edate=2026-07-24）"
"301183","东田微","深交所创业板","光学光电子","巨潮资讯WebAPI p_stock2110（申银万国行业分类标准F001V=008003；当前记录F008C=1；查询日2026-07-24；https://webapi.cninfo.com.cn/api/stock/p_stock2110?scode=301183&sdate=1990-01-01&edate=2026-07-24）"
"301191","菲菱科思","深交所创业板","通信设备","巨潮资讯WebAPI p_stock2110（申银万国行业分类标准F001V=008003；当前记录F008C=1；查询日2026-07-24；https://webapi.cninfo.com.cn/api/stock/p_stock2110?scode=301191&sdate=1990-01-01&edate=2026-07-24）"
"301202","朗威股份","深交所创业板","通信设备","巨潮资讯WebAPI p_stock2110（申银万国行业分类标准F001V=008003；当前记录F008C=1；查询日2026-07-24；https://webapi.cninfo.com.cn/api/stock/p_stock2110?scode=301202&sdate=1990-01-01&edate=2026-07-24）"
"301205","联特科技","深交所创业板","通信设备","巨潮资讯WebAPI p_stock2110（申银万国行业分类标准F001V=008003；当前记录F008C=1；查询日2026-07-24；https://webapi.cninfo.com.cn/api/stock/p_stock2110?scode=301205&sdate=1990-01-01&edate=2026-07-24）"
"301251","威尔高","深交所创业板","元件","巨潮资讯WebAPI p_stock2110（申银万国行业分类标准F001V=008003；当前记录F008C=1；查询日2026-07-24；https://webapi.cninfo.com.cn/api/stock/p_stock2110?scode=301251&sdate=1990-01-01&edate=2026-07-24）"
"301282","金禄电子","深交所创业板","元件","巨潮资讯WebAPI p_stock2110（申银万国行业分类标准F001V=008003；当前记录F008C=1；查询日2026-07-24；https://webapi.cninfo.com.cn/api/stock/p_stock2110?scode=301282&sdate=1990-01-01&edate=2026-07-24）"
"301314","科瑞思","深交所创业板","通信设备","巨潮资讯WebAPI p_stock2110（申银万国行业分类标准F001V=008003；当前记录F008C=1；查询日2026-07-24；https://webapi.cninfo.com.cn/api/stock/p_stock2110?scode=301314&sdate=1990-01-01&edate=2026-07-24）"
"301321","翰博高新","深交所创业板","光学光电子","巨潮资讯WebAPI p_stock2110（申银万国行业分类标准F001V=008003；当前记录F008C=1；查询日2026-07-24；https://webapi.cninfo.com.cn/api/stock/p_stock2110?scode=301321&sdate=1990-01-01&edate=2026-07-24）"
"301366","一博科技","深交所创业板","元件","巨潮资讯WebAPI p_stock2110（申银万国行业分类标准F001V=008003；当前记录F008C=1；查询日2026-07-24；https://webapi.cninfo.com.cn/api/stock/p_stock2110?scode=301366&sdate=1990-01-01&edate=2026-07-24）"
"301379","天山电子","深交所创业板","光学光电子","巨潮资讯WebAPI p_stock2110（申银万国行业分类标准F001V=008003；当前记录F008C=1；查询日2026-07-24；https://webapi.cninfo.com.cn/api/stock/p_stock2110?scode=301379&sdate=1990-01-01&edate=2026-07-24）"
"301419","阿莱德","深交所创业板","通信设备","巨潮资讯WebAPI p_stock2110（申银万国行业分类标准F001V=008003；当前记录F008C=1；查询日2026-07-24；https://webapi.cninfo.com.cn/api/stock/p_stock2110?scode=301419&sdate=1990-01-01&edate=2026-07-24）"
"301421","波长光电","深交所创业板","光学光电子","巨潮资讯WebAPI p_stock2110（申银万国行业分类标准F001V=008003；当前记录F008C=1；查询日2026-07-24；https://webapi.cninfo.com.cn/api/stock/p_stock2110?scode=301421&sdate=1990-01-01&edate=2026-07-24）"
"301458","钧崴电子","深交所创业板","元件","巨潮资讯WebAPI p_stock2110（申银万国行业分类标准F001V=008003；当前记录F008C=1；查询日2026-07-24；https://webapi.cninfo.com.cn/api/stock/p_stock2110?scode=301458&sdate=1990-01-01&edate=2026-07-24）"
"301479","弘景光电","深交所创业板","光学光电子","巨潮资讯WebAPI p_stock2110（申银万国行业分类标准F001V=008003；当前记录F008C=1；查询日2026-07-24；https://webapi.cninfo.com.cn/api/stock/p_stock2110?scode=301479&sdate=1990-01-01&edate=2026-07-24）"
"301566","达利凯普","深交所创业板","元件","巨潮资讯WebAPI p_stock2110（申银万国行业分类标准F001V=008003；当前记录F008C=1；查询日2026-07-24；https://webapi.cninfo.com.cn/api/stock/p_stock2110?scode=301566&sdate=1990-01-01&edate=2026-07-24）"
"301577","美信科技","深交所创业板","通信设备","巨潮资讯WebAPI p_stock2110（申银万国行业分类标准F001V=008003；当前记录F008C=1；查询日2026-07-24；https://webapi.cninfo.com.cn/api/stock/p_stock2110?scode=301577&sdate=1990-01-01&edate=2026-07-24）"
"301628","强达电路","深交所创业板","元件","巨潮资讯WebAPI p_stock2110（申银万国行业分类标准F001V=008003；当前记录F008C=1；查询日2026-07-24；https://webapi.cninfo.com.cn/api/stock/p_stock2110?scode=301628&sdate=1990-01-01&edate=2026-07-24）"
"600071","凤凰光学","上交所主板","光学光电子","巨潮资讯WebAPI p_stock2110（申银万国行业分类标准F001V=008003；当前记录F008C=1；查询日2026-07-24；https://webapi.cninfo.com.cn/api/stock/p_stock2110?scode=600071&sdate=1990-01-01&edate=2026-07-24）"
"600105","永鼎股份","上交所主板","通信设备","巨潮资讯WebAPI p_stock2110（申银万国行业分类标准F001V=008003；当前记录F008C=1；查询日2026-07-24；https://webapi.cninfo.com.cn/api/stock/p_stock2110?scode=600105&sdate=1990-01-01&edate=2026-07-24）"
"600183","生益科技","上交所主板","元件","巨潮资讯WebAPI p_stock2110（申银万国行业分类标准F001V=008003；当前记录F008C=1；查询日2026-07-24；https://webapi.cninfo.com.cn/api/stock/p_stock2110?scode=600183&sdate=1990-01-01&edate=2026-07-24）"
"600198","大唐电信","上交所主板","通信设备","巨潮资讯WebAPI p_stock2110（申银万国行业分类标准F001V=008003；当前记录F008C=1；查询日2026-07-24；https://webapi.cninfo.com.cn/api/stock/p_stock2110?scode=600198&sdate=1990-01-01&edate=2026-07-24）"
"600237","铜峰电子","上交所主板","元件","巨潮资讯WebAPI p_stock2110（申银万国行业分类标准F001V=008003；当前记录F008C=1；查询日2026-07-24；https://webapi.cninfo.com.cn/api/stock/p_stock2110?scode=600237&sdate=1990-01-01&edate=2026-07-24）"
"600345","长江通信","上交所主板","通信设备","巨潮资讯WebAPI p_stock2110（申银万国行业分类标准F001V=008003；当前记录F008C=1；查询日2026-07-24；https://webapi.cninfo.com.cn/api/stock/p_stock2110?scode=600345&sdate=1990-01-01&edate=2026-07-24）"
"600487","亨通光电","上交所主板","通信设备","巨潮资讯WebAPI p_stock2110（申银万国行业分类标准F001V=008003；当前记录F008C=1；查询日2026-07-24；https://webapi.cninfo.com.cn/api/stock/p_stock2110?scode=600487&sdate=1990-01-01&edate=2026-07-24）"
"600498","烽火通信","上交所主板","通信设备","巨潮资讯WebAPI p_stock2110（申银万国行业分类标准F001V=008003；当前记录F008C=1；查询日2026-07-24；https://webapi.cninfo.com.cn/api/stock/p_stock2110?scode=600498&sdate=1990-01-01&edate=2026-07-24）"
"600522","中天科技","上交所主板","通信设备","巨潮资讯WebAPI p_stock2110（申银万国行业分类标准F001V=008003；当前记录F008C=1；查询日2026-07-24；https://webapi.cninfo.com.cn/api/stock/p_stock2110?scode=600522&sdate=1990-01-01&edate=2026-07-24）"
"600552","凯盛科技","上交所主板","光学光电子","巨潮资讯WebAPI p_stock2110（申银万国行业分类标准F001V=008003；当前记录F008C=1；查询日2026-07-24；https://webapi.cninfo.com.cn/api/stock/p_stock2110?scode=600552&sdate=1990-01-01&edate=2026-07-24）"
"600563","法拉电子","上交所主板","元件","巨潮资讯WebAPI p_stock2110（申银万国行业分类标准F001V=008003；当前记录F008C=1；查询日2026-07-24；https://webapi.cninfo.com.cn/api/stock/p_stock2110?scode=600563&sdate=1990-01-01&edate=2026-07-24）"
"600601","方正科技","上交所主板","元件","巨潮资讯WebAPI p_stock2110（申银万国行业分类标准F001V=008003；当前记录F008C=1；查询日2026-07-24；https://webapi.cninfo.com.cn/api/stock/p_stock2110?scode=600601&sdate=1990-01-01&edate=2026-07-24）"
"600703","三安光电","上交所主板","光学光电子","巨潮资讯WebAPI p_stock2110（申银万国行业分类标准F001V=008003；当前记录F008C=1；查询日2026-07-24；https://webapi.cninfo.com.cn/api/stock/p_stock2110?scode=600703&sdate=1990-01-01&edate=2026-07-24）"
"600707","彩虹股份","上交所主板","光学光电子","巨潮资讯WebAPI p_stock2110（申银万国行业分类标准F001V=008003；当前记录F008C=1；查询日2026-07-24；https://webapi.cninfo.com.cn/api/stock/p_stock2110?scode=600707&sdate=1990-01-01&edate=2026-07-24）"
"600734","*ST实达","上交所主板","通信设备","巨潮资讯WebAPI p_stock2110（申银万国行业分类标准F001V=008003；当前记录F008C=1；查询日2026-07-24；https://webapi.cninfo.com.cn/api/stock/p_stock2110?scode=600734&sdate=1990-01-01&edate=2026-07-24）"
"600775","南京熊猫","上交所主板","通信设备","巨潮资讯WebAPI p_stock2110（申银万国行业分类标准F001V=008003；当前记录F008C=1；查询日2026-07-24；https://webapi.cninfo.com.cn/api/stock/p_stock2110?scode=600775&sdate=1990-01-01&edate=2026-07-24）"
"600776","东方通信","上交所主板","通信设备","巨潮资讯WebAPI p_stock2110（申银万国行业分类标准F001V=008003；当前记录F008C=1；查询日2026-07-24；https://webapi.cninfo.com.cn/api/stock/p_stock2110?scode=600776&sdate=1990-01-01&edate=2026-07-24）"
"601869","长飞光纤","上交所主板","通信设备","巨潮资讯WebAPI p_stock2110（申银万国行业分类标准F001V=008003；当前记录F008C=1；查询日2026-07-24；https://webapi.cninfo.com.cn/api/stock/p_stock2110?scode=601869&sdate=1990-01-01&edate=2026-07-24）"
"603042","华脉科技","上交所主板","通信设备","巨潮资讯WebAPI p_stock2110（申银万国行业分类标准F001V=008003；当前记录F008C=1；查询日2026-07-24；https://webapi.cninfo.com.cn/api/stock/p_stock2110?scode=603042&sdate=1990-01-01&edate=2026-07-24）"
"603083","剑桥科技","上交所主板","通信设备","巨潮资讯WebAPI p_stock2110（申银万国行业分类标准F001V=008003；当前记录F008C=1；查询日2026-07-24；https://webapi.cninfo.com.cn/api/stock/p_stock2110?scode=603083&sdate=1990-01-01&edate=2026-07-24）"
"603118","共进股份","上交所主板","通信设备","巨潮资讯WebAPI p_stock2110（申银万国行业分类标准F001V=008003；当前记录F008C=1；查询日2026-07-24；https://webapi.cninfo.com.cn/api/stock/p_stock2110?scode=603118&sdate=1990-01-01&edate=2026-07-24）"
"603175","超颖电子","上交所主板","元件","巨潮资讯WebAPI p_stock2110（申银万国行业分类标准F001V=008003；当前记录F008C=1；查询日2026-07-24；https://webapi.cninfo.com.cn/api/stock/p_stock2110?scode=603175&sdate=1990-01-01&edate=2026-07-24）"
"603186","华正新材","上交所主板","元件","巨潮资讯WebAPI p_stock2110（申银万国行业分类标准F001V=008003；当前记录F008C=1；查询日2026-07-24；https://webapi.cninfo.com.cn/api/stock/p_stock2110?scode=603186&sdate=1990-01-01&edate=2026-07-24）"
"603228","景旺电子","上交所主板","元件","巨潮资讯WebAPI p_stock2110（申银万国行业分类标准F001V=008003；当前记录F008C=1；查询日2026-07-24；https://webapi.cninfo.com.cn/api/stock/p_stock2110?scode=603228&sdate=1990-01-01&edate=2026-07-24）"
"603236","移远通信","上交所主板","通信设备","巨潮资讯WebAPI p_stock2110（申银万国行业分类标准F001V=008003；当前记录F008C=1；查询日2026-07-24；https://webapi.cninfo.com.cn/api/stock/p_stock2110?scode=603236&sdate=1990-01-01&edate=2026-07-24）"
"603297","永新光学","上交所主板","光学光电子","巨潮资讯WebAPI p_stock2110（申银万国行业分类标准F001V=008003；当前记录F008C=1；查询日2026-07-24；https://webapi.cninfo.com.cn/api/stock/p_stock2110?scode=603297&sdate=1990-01-01&edate=2026-07-24）"
"603328","依顿电子","上交所主板","元件","巨潮资讯WebAPI p_stock2110（申银万国行业分类标准F001V=008003；当前记录F008C=1；查询日2026-07-24；https://webapi.cninfo.com.cn/api/stock/p_stock2110?scode=603328&sdate=1990-01-01&edate=2026-07-24）"
"603386","骏亚科技","上交所主板","元件","巨潮资讯WebAPI p_stock2110（申银万国行业分类标准F001V=008003；当前记录F008C=1；查询日2026-07-24；https://webapi.cninfo.com.cn/api/stock/p_stock2110?scode=603386&sdate=1990-01-01&edate=2026-07-24）"
"603421","鼎信通讯","上交所主板","通信设备","巨潮资讯WebAPI p_stock2110（申银万国行业分类标准F001V=008003；当前记录F008C=1；查询日2026-07-24；https://webapi.cninfo.com.cn/api/stock/p_stock2110?scode=603421&sdate=1990-01-01&edate=2026-07-24）"
"603459","红板科技","上交所主板","元件","巨潮资讯WebAPI p_stock2110（申银万国行业分类标准F001V=008003；当前记录F008C=1；查询日2026-07-24；https://webapi.cninfo.com.cn/api/stock/p_stock2110?scode=603459&sdate=1990-01-01&edate=2026-07-24）"
"603679","华体科技","上交所主板","光学光电子","巨潮资讯WebAPI p_stock2110（申银万国行业分类标准F001V=008003；当前记录F008C=1；查询日2026-07-24；https://webapi.cninfo.com.cn/api/stock/p_stock2110?scode=603679&sdate=1990-01-01&edate=2026-07-24）"
"603685","晨丰科技","上交所主板","光学光电子","巨潮资讯WebAPI p_stock2110（申银万国行业分类标准F001V=008003；当前记录F008C=1；查询日2026-07-24；https://webapi.cninfo.com.cn/api/stock/p_stock2110?scode=603685&sdate=1990-01-01&edate=2026-07-24）"
"603703","盛洋科技","上交所主板","光学光电子","巨潮资讯WebAPI p_stock2110（申银万国行业分类标准F001V=008003；当前记录F008C=1；查询日2026-07-24；https://webapi.cninfo.com.cn/api/stock/p_stock2110?scode=603703&sdate=1990-01-01&edate=2026-07-24）"
"603738","泰晶科技","上交所主板","元件","巨潮资讯WebAPI p_stock2110（申银万国行业分类标准F001V=008003；当前记录F008C=1；查询日2026-07-24；https://webapi.cninfo.com.cn/api/stock/p_stock2110?scode=603738&sdate=1990-01-01&edate=2026-07-24）"
"603773","沃格光电","上交所主板","光学光电子","巨潮资讯WebAPI p_stock2110（申银万国行业分类标准F001V=008003；当前记录F008C=1；查询日2026-07-24；https://webapi.cninfo.com.cn/api/stock/p_stock2110?scode=603773&sdate=1990-01-01&edate=2026-07-24）"
"603803","瑞斯康达","上交所主板","通信设备","巨潮资讯WebAPI p_stock2110（申银万国行业分类标准F001V=008003；当前记录F008C=1；查询日2026-07-24；https://webapi.cninfo.com.cn/api/stock/p_stock2110?scode=603803&sdate=1990-01-01&edate=2026-07-24）"
"603920","世运电路","上交所主板","元件","巨潮资讯WebAPI p_stock2110（申银万国行业分类标准F001V=008003；当前记录F008C=1；查询日2026-07-24；https://webapi.cninfo.com.cn/api/stock/p_stock2110?scode=603920&sdate=1990-01-01&edate=2026-07-24）"
"603936","博敏电子","上交所主板","元件","巨潮资讯WebAPI p_stock2110（申银万国行业分类标准F001V=008003；当前记录F008C=1；查询日2026-07-24；https://webapi.cninfo.com.cn/api/stock/p_stock2110?scode=603936&sdate=1990-01-01&edate=2026-07-24）"
"603989","艾华集团","上交所主板","元件","巨潮资讯WebAPI p_stock2110（申银万国行业分类标准F001V=008003；当前记录F008C=1；查询日2026-07-24；https://webapi.cninfo.com.cn/api/stock/p_stock2110?scode=603989&sdate=1990-01-01&edate=2026-07-24）"
"605058","澳弘电子","上交所主板","元件","巨潮资讯WebAPI p_stock2110（申银万国行业分类标准F001V=008003；当前记录F008C=1；查询日2026-07-24；https://webapi.cninfo.com.cn/api/stock/p_stock2110?scode=605058&sdate=1990-01-01&edate=2026-07-24）"
"605218","伟时电子","上交所主板","光学光电子","巨潮资讯WebAPI p_stock2110（申银万国行业分类标准F001V=008003；当前记录F008C=1；查询日2026-07-24；https://webapi.cninfo.com.cn/api/stock/p_stock2110?scode=605218&sdate=1990-01-01&edate=2026-07-24）"
"605258","协和电子","上交所主板","元件","巨潮资讯WebAPI p_stock2110（申银万国行业分类标准F001V=008003；当前记录F008C=1；查询日2026-07-24；https://webapi.cninfo.com.cn/api/stock/p_stock2110?scode=605258&sdate=1990-01-01&edate=2026-07-24）"
"605588","冠石科技","上交所主板","光学光电子","巨潮资讯WebAPI p_stock2110（申银万国行业分类标准F001V=008003；当前记录F008C=1；查询日2026-07-24；https://webapi.cninfo.com.cn/api/stock/p_stock2110?scode=605588&sdate=1990-01-01&edate=2026-07-24）"
"688010","福光股份","上交所科创板","光学光电子","巨潮资讯WebAPI p_stock2110（申银万国行业分类标准F001V=008003；当前记录F008C=1；查询日2026-07-24；https://webapi.cninfo.com.cn/api/stock/p_stock2110?scode=688010&sdate=1990-01-01&edate=2026-07-24）"
"688020","方邦股份","上交所科创板","元件","巨潮资讯WebAPI p_stock2110（申银万国行业分类标准F001V=008003；当前记录F008C=1；查询日2026-07-24；https://webapi.cninfo.com.cn/api/stock/p_stock2110?scode=688020&sdate=1990-01-01&edate=2026-07-24）"
"688027","国盾量子","上交所科创板","通信设备","巨潮资讯WebAPI p_stock2110（申银万国行业分类标准F001V=008003；当前记录F008C=1；查询日2026-07-24；https://webapi.cninfo.com.cn/api/stock/p_stock2110?scode=688027&sdate=1990-01-01&edate=2026-07-24）"
"688055","龙腾光电","上交所科创板","光学光电子","巨潮资讯WebAPI p_stock2110（申银万国行业分类标准F001V=008003；当前记录F008C=1；查询日2026-07-24；https://webapi.cninfo.com.cn/api/stock/p_stock2110?scode=688055&sdate=1990-01-01&edate=2026-07-24）"
"688079","美迪凯","上交所科创板","光学光电子","巨潮资讯WebAPI p_stock2110（申银万国行业分类标准F001V=008003；当前记录F008C=1；查询日2026-07-24；https://webapi.cninfo.com.cn/api/stock/p_stock2110?scode=688079&sdate=1990-01-01&edate=2026-07-24）"
"688080","映翰通","上交所科创板","通信设备","巨潮资讯WebAPI p_stock2110（申银万国行业分类标准F001V=008003；当前记录F008C=1；查询日2026-07-24；https://webapi.cninfo.com.cn/api/stock/p_stock2110?scode=688080&sdate=1990-01-01&edate=2026-07-24）"
"688100","威胜信息","上交所科创板","通信设备","巨潮资讯WebAPI p_stock2110（申银万国行业分类标准F001V=008003；当前记录F008C=1；查询日2026-07-24；https://webapi.cninfo.com.cn/api/stock/p_stock2110?scode=688100&sdate=1990-01-01&edate=2026-07-24）"
"688127","蓝特光学","上交所科创板","光学光电子","巨潮资讯WebAPI p_stock2110（申银万国行业分类标准F001V=008003；当前记录F008C=1；查询日2026-07-24；https://webapi.cninfo.com.cn/api/stock/p_stock2110?scode=688127&sdate=1990-01-01&edate=2026-07-24）"
"688143","长盈通","上交所科创板","通信设备","巨潮资讯WebAPI p_stock2110（申银万国行业分类标准F001V=008003；当前记录F008C=1；查询日2026-07-24；https://webapi.cninfo.com.cn/api/stock/p_stock2110?scode=688143&sdate=1990-01-01&edate=2026-07-24）"
"688159","有方科技","上交所科创板","通信设备","巨潮资讯WebAPI p_stock2110（申银万国行业分类标准F001V=008003；当前记录F008C=1；查询日2026-07-24；https://webapi.cninfo.com.cn/api/stock/p_stock2110?scode=688159&sdate=1990-01-01&edate=2026-07-24）"
"688181","八亿时空","上交所科创板","光学光电子","巨潮资讯WebAPI p_stock2110（申银万国行业分类标准F001V=008003；当前记录F008C=1；查询日2026-07-24；https://webapi.cninfo.com.cn/api/stock/p_stock2110?scode=688181&sdate=1990-01-01&edate=2026-07-24）"
"688182","灿勤科技","上交所科创板","通信设备","巨潮资讯WebAPI p_stock2110（申银万国行业分类标准F001V=008003；当前记录F008C=1；查询日2026-07-24；https://webapi.cninfo.com.cn/api/stock/p_stock2110?scode=688182&sdate=1990-01-01&edate=2026-07-24）"
"688183","生益电子","上交所科创板","元件","巨潮资讯WebAPI p_stock2110（申银万国行业分类标准F001V=008003；当前记录F008C=1；查询日2026-07-24；https://webapi.cninfo.com.cn/api/stock/p_stock2110?scode=688183&sdate=1990-01-01&edate=2026-07-24）"
"688195","腾景科技","上交所科创板","光学光电子","巨潮资讯WebAPI p_stock2110（申银万国行业分类标准F001V=008003；当前记录F008C=1；查询日2026-07-24；https://webapi.cninfo.com.cn/api/stock/p_stock2110?scode=688195&sdate=1990-01-01&edate=2026-07-24）"
"688205","德科立","上交所科创板","通信设备","巨潮资讯WebAPI p_stock2110（申银万国行业分类标准F001V=008003；当前记录F008C=1；查询日2026-07-24；https://webapi.cninfo.com.cn/api/stock/p_stock2110?scode=688205&sdate=1990-01-01&edate=2026-07-24）"
"688283","坤恒顺维","上交所科创板","通信设备","巨潮资讯WebAPI p_stock2110（申银万国行业分类标准F001V=008003；当前记录F008C=1；查询日2026-07-24；https://webapi.cninfo.com.cn/api/stock/p_stock2110?scode=688283&sdate=1990-01-01&edate=2026-07-24）"
"688299","长阳科技","上交所科创板","光学光电子","巨潮资讯WebAPI p_stock2110（申银万国行业分类标准F001V=008003；当前记录F008C=1；查询日2026-07-24；https://webapi.cninfo.com.cn/api/stock/p_stock2110?scode=688299&sdate=1990-01-01&edate=2026-07-24）"
"688307","中润光学","上交所科创板","光学光电子","巨潮资讯WebAPI p_stock2110（申银万国行业分类标准F001V=008003；当前记录F008C=1；查询日2026-07-24；https://webapi.cninfo.com.cn/api/stock/p_stock2110?scode=688307&sdate=1990-01-01&edate=2026-07-24）"
"688313","仕佳光子","上交所科创板","通信设备","巨潮资讯WebAPI p_stock2110（申银万国行业分类标准F001V=008003；当前记录F008C=1；查询日2026-07-24；https://webapi.cninfo.com.cn/api/stock/p_stock2110?scode=688313&sdate=1990-01-01&edate=2026-07-24）"
"688322","奥比中光","上交所科创板","光学光电子","巨潮资讯WebAPI p_stock2110（申银万国行业分类标准F001V=008003；当前记录F008C=1；查询日2026-07-24；https://webapi.cninfo.com.cn/api/stock/p_stock2110?scode=688322&sdate=1990-01-01&edate=2026-07-24）"
"688378","奥来德","上交所科创板","光学光电子","巨潮资讯WebAPI p_stock2110（申银万国行业分类标准F001V=008003；当前记录F008C=1；查询日2026-07-24；https://webapi.cninfo.com.cn/api/stock/p_stock2110?scode=688378&sdate=1990-01-01&edate=2026-07-24）"
"688387","信科移动","上交所科创板","通信设备","巨潮资讯WebAPI p_stock2110（申银万国行业分类标准F001V=008003；当前记录F008C=1；查询日2026-07-24；https://webapi.cninfo.com.cn/api/stock/p_stock2110?scode=688387&sdate=1990-01-01&edate=2026-07-24）"
"688418","震有科技","上交所科创板","通信设备","巨潮资讯WebAPI p_stock2110（申银万国行业分类标准F001V=008003；当前记录F008C=1；查询日2026-07-24；https://webapi.cninfo.com.cn/api/stock/p_stock2110?scode=688418&sdate=1990-01-01&edate=2026-07-24）"
"688496","*ST清越","上交所科创板","光学光电子","巨潮资讯WebAPI p_stock2110（申银万国行业分类标准F001V=008003；当前记录F008C=1；查询日2026-07-24；https://webapi.cninfo.com.cn/api/stock/p_stock2110?scode=688496&sdate=1990-01-01&edate=2026-07-24）"
"688502","茂莱光学","上交所科创板","光学光电子","巨潮资讯WebAPI p_stock2110（申银万国行业分类标准F001V=008003；当前记录F008C=1；查询日2026-07-24；https://webapi.cninfo.com.cn/api/stock/p_stock2110?scode=688502&sdate=1990-01-01&edate=2026-07-24）"
"688519","南亚新材","上交所科创板","元件","巨潮资讯WebAPI p_stock2110（申银万国行业分类标准F001V=008003；当前记录F008C=1；查询日2026-07-24；https://webapi.cninfo.com.cn/api/stock/p_stock2110?scode=688519&sdate=1990-01-01&edate=2026-07-24）"
"688538","和辉光电","上交所科创板","光学光电子","巨潮资讯WebAPI p_stock2110（申银万国行业分类标准F001V=008003；当前记录F008C=1；查询日2026-07-24；https://webapi.cninfo.com.cn/api/stock/p_stock2110?scode=688538&sdate=1990-01-01&edate=2026-07-24）"
"688539","高华科技","上交所科创板","元件","巨潮资讯WebAPI p_stock2110（申银万国行业分类标准F001V=008003；当前记录F008C=1；查询日2026-07-24；https://webapi.cninfo.com.cn/api/stock/p_stock2110?scode=688539&sdate=1990-01-01&edate=2026-07-24）"
"688592","司南导航","上交所科创板","通信设备","巨潮资讯WebAPI p_stock2110（申银万国行业分类标准F001V=008003；当前记录F008C=1；查询日2026-07-24；https://webapi.cninfo.com.cn/api/stock/p_stock2110?scode=688592&sdate=1990-01-01&edate=2026-07-24）"
"688618","三旺通信","上交所科创板","通信设备","巨潮资讯WebAPI p_stock2110（申银万国行业分类标准F001V=008003；当前记录F008C=1；查询日2026-07-24；https://webapi.cninfo.com.cn/api/stock/p_stock2110?scode=688618&sdate=1990-01-01&edate=2026-07-24）"
"688635","长进光子","上交所科创板","通信设备","巨潮资讯WebAPI p_stock2110（申银万国行业分类标准F001V=008003；当前记录F008C=1；查询日2026-07-24；https://webapi.cninfo.com.cn/api/stock/p_stock2110?scode=688635&sdate=1990-01-01&edate=2026-07-24）"
"688655","迅捷兴","上交所科创板","元件","巨潮资讯WebAPI p_stock2110（申银万国行业分类标准F001V=008003；当前记录F008C=1；查询日2026-07-24；https://webapi.cninfo.com.cn/api/stock/p_stock2110?scode=688655&sdate=1990-01-01&edate=2026-07-24）"
"688668","鼎通科技","上交所科创板","通信设备","巨潮资讯WebAPI p_stock2110（申银万国行业分类标准F001V=008003；当前记录F008C=1；查询日2026-07-24；https://webapi.cninfo.com.cn/api/stock/p_stock2110?scode=688668&sdate=1990-01-01&edate=2026-07-24）"
"688781","视涯科技","上交所科创板","光学光电子","巨潮资讯WebAPI p_stock2110（申银万国行业分类标准F001V=008003；当前记录F008C=1；查询日2026-07-24；https://webapi.cninfo.com.cn/api/stock/p_stock2110?scode=688781&sdate=1990-01-01&edate=2026-07-24）"
"920001","纬达光电","北交所","光学光电子","巨潮资讯WebAPI p_stock2110（申银万国行业分类标准F001V=008003；当前记录F008C=1；查询日2026-07-24；https://webapi.cninfo.com.cn/api/stock/p_stock2110?scode=920001&sdate=1990-01-01&edate=2026-07-24）"
"920045","蘅东光","北交所","通信设备","巨潮资讯WebAPI p_stock2110（申银万国行业分类标准F001V=008003；当前记录F008C=1；查询日2026-07-24；https://webapi.cninfo.com.cn/api/stock/p_stock2110?scode=920045&sdate=1990-01-01&edate=2026-07-24）"
"920060","万源通","北交所","元件","巨潮资讯WebAPI p_stock2110（申银万国行业分类标准F001V=008003；当前记录F008C=1；查询日2026-07-24；https://webapi.cninfo.com.cn/api/stock/p_stock2110?scode=920060&sdate=1990-01-01&edate=2026-07-24）"
"920128","胜业电气","北交所","元件","巨潮资讯WebAPI p_stock2110（申银万国行业分类标准F001V=008003；当前记录F008C=1；查询日2026-07-24；https://webapi.cninfo.com.cn/api/stock/p_stock2110?scode=920128&sdate=1990-01-01&edate=2026-07-24）"
"920161","龙辰科技","北交所","元件","巨潮资讯WebAPI p_stock2110（申银万国行业分类标准F001V=008003；当前记录F008C=1；查询日2026-07-24；https://webapi.cninfo.com.cn/api/stock/p_stock2110?scode=920161&sdate=1990-01-01&edate=2026-07-24）"
"920249","利尔达","北交所","通信设备","巨潮资讯WebAPI p_stock2110（申银万国行业分类标准F001V=008003；当前记录F008C=1；查询日2026-07-24；https://webapi.cninfo.com.cn/api/stock/p_stock2110?scode=920249&sdate=1990-01-01&edate=2026-07-24）"
"920374","云里物里","北交所","通信设备","巨潮资讯WebAPI p_stock2110（申银万国行业分类标准F001V=008003；当前记录F008C=1；查询日2026-07-24；https://webapi.cninfo.com.cn/api/stock/p_stock2110?scode=920374&sdate=1990-01-01&edate=2026-07-24）"
"920438","戈碧迦","北交所","光学光电子","巨潮资讯WebAPI p_stock2110（申银万国行业分类标准F001V=008003；当前记录F008C=1；查询日2026-07-24；https://webapi.cninfo.com.cn/api/stock/p_stock2110?scode=920438&sdate=1990-01-01&edate=2026-07-24）"
"920491","奥迪威","北交所","元件","巨潮资讯WebAPI p_stock2110（申银万国行业分类标准F001V=008003；当前记录F008C=1；查询日2026-07-24；https://webapi.cninfo.com.cn/api/stock/p_stock2110?scode=920491&sdate=1990-01-01&edate=2026-07-24）"
"920640","富士达","北交所","通信设备","巨潮资讯WebAPI p_stock2110（申银万国行业分类标准F001V=008003；当前记录F008C=1；查询日2026-07-24；https://webapi.cninfo.com.cn/api/stock/p_stock2110?scode=920640&sdate=1990-01-01&edate=2026-07-24）"
"920821","则成电子","北交所","元件","巨潮资讯WebAPI p_stock2110（申银万国行业分类标准F001V=008003；当前记录F008C=1；查询日2026-07-24；https://webapi.cninfo.com.cn/api/stock/p_stock2110?scode=920821&sdate=1990-01-01&edate=2026-07-24）"
"920981","晶赛科技","北交所","元件","巨潮资讯WebAPI p_stock2110（申银万国行业分类标准F001V=008003；当前记录F008C=1；查询日2026-07-24；https://webapi.cninfo.com.cn/api/stock/p_stock2110?scode=920981&sdate=1990-01-01&edate=2026-07-24）"
"001309","德明利","深交所主板","半导体","巨潮资讯WebAPI p_stock2110（申银万国行业分类标准F001V=008003；当前记录F008C=1；查询日2026-07-24；https://webapi.cninfo.com.cn/api/stock/p_stock2110?scode=001309&sdate=1990-01-01&edate=2026-07-24）"
"002049","紫光国微","深交所主板","半导体","巨潮资讯WebAPI p_stock2110（申银万国行业分类标准F001V=008003；当前记录F008C=1；查询日2026-07-24；https://webapi.cninfo.com.cn/api/stock/p_stock2110?scode=002049&sdate=1990-01-01&edate=2026-07-24）"
"002077","大港股份","深交所主板","半导体","巨潮资讯WebAPI p_stock2110（申银万国行业分类标准F001V=008003；当前记录F008C=1；查询日2026-07-24；https://webapi.cninfo.com.cn/api/stock/p_stock2110?scode=002077&sdate=1990-01-01&edate=2026-07-24）"
"002119","康强电子","深交所主板","半导体","巨潮资讯WebAPI p_stock2110（申银万国行业分类标准F001V=008003；当前记录F008C=1；查询日2026-07-24；https://webapi.cninfo.com.cn/api/stock/p_stock2110?scode=002119&sdate=1990-01-01&edate=2026-07-24）"
"002156","通富微电","深交所主板","半导体","巨潮资讯WebAPI p_stock2110（申银万国行业分类标准F001V=008003；当前记录F008C=1；查询日2026-07-24；https://webapi.cninfo.com.cn/api/stock/p_stock2110?scode=002156&sdate=1990-01-01&edate=2026-07-24）"
"002185","华天科技","深交所主板","半导体","巨潮资讯WebAPI p_stock2110（申银万国行业分类标准F001V=008003；当前记录F008C=1；查询日2026-07-24；https://webapi.cninfo.com.cn/api/stock/p_stock2110?scode=002185&sdate=1990-01-01&edate=2026-07-24）"
"002213","大为股份","深交所主板","半导体","巨潮资讯WebAPI p_stock2110（申银万国行业分类标准F001V=008003；当前记录F008C=1；查询日2026-07-24；https://webapi.cninfo.com.cn/api/stock/p_stock2110?scode=002213&sdate=1990-01-01&edate=2026-07-24）"
"002371","北方华创","深交所主板","半导体","巨潮资讯WebAPI p_stock2110（申银万国行业分类标准F001V=008003；当前记录F008C=1；查询日2026-07-24；https://webapi.cninfo.com.cn/api/stock/p_stock2110?scode=002371&sdate=1990-01-01&edate=2026-07-24）"
"002409","雅克科技","深交所主板","半导体","巨潮资讯WebAPI p_stock2110（申银万国行业分类标准F001V=008003；当前记录F008C=1；查询日2026-07-24；https://webapi.cninfo.com.cn/api/stock/p_stock2110?scode=002409&sdate=1990-01-01&edate=2026-07-24）"
"003026","中晶科技","深交所主板","半导体","巨潮资讯WebAPI p_stock2110（申银万国行业分类标准F001V=008003；当前记录F008C=1；查询日2026-07-24；https://webapi.cninfo.com.cn/api/stock/p_stock2110?scode=003026&sdate=1990-01-01&edate=2026-07-24）"
"003043","华亚智能","深交所主板","半导体","巨潮资讯WebAPI p_stock2110（申银万国行业分类标准F001V=008003；当前记录F008C=1；查询日2026-07-24；https://webapi.cninfo.com.cn/api/stock/p_stock2110?scode=003043&sdate=1990-01-01&edate=2026-07-24）"
"300046","台基股份","深交所创业板","半导体","巨潮资讯WebAPI p_stock2110（申银万国行业分类标准F001V=008003；当前记录F008C=1；查询日2026-07-24；https://webapi.cninfo.com.cn/api/stock/p_stock2110?scode=300046&sdate=1990-01-01&edate=2026-07-24）"
"300053","航宇微","深交所创业板","半导体","巨潮资讯WebAPI p_stock2110（申银万国行业分类标准F001V=008003；当前记录F008C=1；查询日2026-07-24；https://webapi.cninfo.com.cn/api/stock/p_stock2110?scode=300053&sdate=1990-01-01&edate=2026-07-24）"
"300077","国民技术","深交所创业板","半导体","巨潮资讯WebAPI p_stock2110（申银万国行业分类标准F001V=008003；当前记录F008C=1；查询日2026-07-24；https://webapi.cninfo.com.cn/api/stock/p_stock2110?scode=300077&sdate=1990-01-01&edate=2026-07-24）"
"300223","北京君正","深交所创业板","半导体","巨潮资讯WebAPI p_stock2110（申银万国行业分类标准F001V=008003；当前记录F008C=1；查询日2026-07-24；https://webapi.cninfo.com.cn/api/stock/p_stock2110?scode=300223&sdate=1990-01-01&edate=2026-07-24）"
"300327","中颖电子","深交所创业板","半导体","巨潮资讯WebAPI p_stock2110（申银万国行业分类标准F001V=008003；当前记录F008C=1；查询日2026-07-24；https://webapi.cninfo.com.cn/api/stock/p_stock2110?scode=300327&sdate=1990-01-01&edate=2026-07-24）"
"300373","扬杰科技","深交所创业板","半导体","巨潮资讯WebAPI p_stock2110（申银万国行业分类标准F001V=008003；当前记录F008C=1；查询日2026-07-24；https://webapi.cninfo.com.cn/api/stock/p_stock2110?scode=300373&sdate=1990-01-01&edate=2026-07-24）"
"300456","赛微电子","深交所创业板","半导体","巨潮资讯WebAPI p_stock2110（申银万国行业分类标准F001V=008003；当前记录F008C=1；查询日2026-07-24；https://webapi.cninfo.com.cn/api/stock/p_stock2110?scode=300456&sdate=1990-01-01&edate=2026-07-24）"
"300458","全志科技","深交所创业板","半导体","巨潮资讯WebAPI p_stock2110（申银万国行业分类标准F001V=008003；当前记录F008C=1；查询日2026-07-24；https://webapi.cninfo.com.cn/api/stock/p_stock2110?scode=300458&sdate=1990-01-01&edate=2026-07-24）"
"300604","长川科技","深交所创业板","半导体","巨潮资讯WebAPI p_stock2110（申银万国行业分类标准F001V=008003；当前记录F008C=1；查询日2026-07-24；https://webapi.cninfo.com.cn/api/stock/p_stock2110?scode=300604&sdate=1990-01-01&edate=2026-07-24）"
"300613","富瀚微","深交所创业板","半导体","巨潮资讯WebAPI p_stock2110（申银万国行业分类标准F001V=008003；当前记录F008C=1；查询日2026-07-24；https://webapi.cninfo.com.cn/api/stock/p_stock2110?scode=300613&sdate=1990-01-01&edate=2026-07-24）"
"300623","捷捷微电","深交所创业板","半导体","巨潮资讯WebAPI p_stock2110（申银万国行业分类标准F001V=008003；当前记录F008C=1；查询日2026-07-24；https://webapi.cninfo.com.cn/api/stock/p_stock2110?scode=300623&sdate=1990-01-01&edate=2026-07-24）"
"300661","圣邦股份","深交所创业板","半导体","巨潮资讯WebAPI p_stock2110（申银万国行业分类标准F001V=008003；当前记录F008C=1；查询日2026-07-24；https://webapi.cninfo.com.cn/api/stock/p_stock2110?scode=300661&sdate=1990-01-01&edate=2026-07-24）"
"300666","江丰电子","深交所创业板","半导体","巨潮资讯WebAPI p_stock2110（申银万国行业分类标准F001V=008003；当前记录F008C=1；查询日2026-07-24；https://webapi.cninfo.com.cn/api/stock/p_stock2110?scode=300666&sdate=1990-01-01&edate=2026-07-24）"
"300671","富满微","深交所创业板","半导体","巨潮资讯WebAPI p_stock2110（申银万国行业分类标准F001V=008003；当前记录F008C=1；查询日2026-07-24；https://webapi.cninfo.com.cn/api/stock/p_stock2110?scode=300671&sdate=1990-01-01&edate=2026-07-24）"
"300672","国科微","深交所创业板","半导体","巨潮资讯WebAPI p_stock2110（申银万国行业分类标准F001V=008003；当前记录F008C=1；查询日2026-07-24；https://webapi.cninfo.com.cn/api/stock/p_stock2110?scode=300672&sdate=1990-01-01&edate=2026-07-24）"
"300706","阿石创","深交所创业板","半导体","巨潮资讯WebAPI p_stock2110（申银万国行业分类标准F001V=008003；当前记录F008C=1；查询日2026-07-24；https://webapi.cninfo.com.cn/api/stock/p_stock2110?scode=300706&sdate=1990-01-01&edate=2026-07-24）"
"300782","卓胜微","深交所创业板","半导体","巨潮资讯WebAPI p_stock2110（申银万国行业分类标准F001V=008003；当前记录F008C=1；查询日2026-07-24；https://webapi.cninfo.com.cn/api/stock/p_stock2110?scode=300782&sdate=1990-01-01&edate=2026-07-24）"
"300831","ST派瑞","深交所创业板","半导体","巨潮资讯WebAPI p_stock2110（申银万国行业分类标准F001V=008003；当前记录F008C=1；查询日2026-07-24；https://webapi.cninfo.com.cn/api/stock/p_stock2110?scode=300831&sdate=1990-01-01&edate=2026-07-24）"
"301297","富乐德","深交所创业板","半导体","巨潮资讯WebAPI p_stock2110（申银万国行业分类标准F001V=008003；当前记录F008C=1；查询日2026-07-24；https://webapi.cninfo.com.cn/api/stock/p_stock2110?scode=301297&sdate=1990-01-01&edate=2026-07-24）"
"301308","江波龙","深交所创业板","半导体","巨潮资讯WebAPI p_stock2110（申银万国行业分类标准F001V=008003；当前记录F008C=1；查询日2026-07-24；https://webapi.cninfo.com.cn/api/stock/p_stock2110?scode=301308&sdate=1990-01-01&edate=2026-07-24）"
"301348","蓝箭电子","深交所创业板","半导体","巨潮资讯WebAPI p_stock2110（申银万国行业分类标准F001V=008003；当前记录F008C=1；查询日2026-07-24；https://webapi.cninfo.com.cn/api/stock/p_stock2110?scode=301348&sdate=1990-01-01&edate=2026-07-24）"
"301369","联动科技","深交所创业板","半导体","巨潮资讯WebAPI p_stock2110（申银万国行业分类标准F001V=008003；当前记录F008C=1；查询日2026-07-24；https://webapi.cninfo.com.cn/api/stock/p_stock2110?scode=301369&sdate=1990-01-01&edate=2026-07-24）"
"301536","星宸科技","深交所创业板","半导体","巨潮资讯WebAPI p_stock2110（申银万国行业分类标准F001V=008003；当前记录F008C=1；查询日2026-07-24；https://webapi.cninfo.com.cn/api/stock/p_stock2110?scode=301536&sdate=1990-01-01&edate=2026-07-24）"
"301583","托伦斯","深交所创业板","半导体","巨潮资讯WebAPI p_stock2110（申银万国行业分类标准F001V=008003；当前记录F008C=1；查询日2026-07-24；https://webapi.cninfo.com.cn/api/stock/p_stock2110?scode=301583&sdate=1990-01-01&edate=2026-07-24）"
"301611","珂玛科技","深交所创业板","半导体","巨潮资讯WebAPI p_stock2110（申银万国行业分类标准F001V=008003；当前记录F008C=1；查询日2026-07-24；https://webapi.cninfo.com.cn/api/stock/p_stock2110?scode=301611&sdate=1990-01-01&edate=2026-07-24）"
"301629","矽电股份","深交所创业板","半导体","巨潮资讯WebAPI p_stock2110（申银万国行业分类标准F001V=008003；当前记录F008C=1；查询日2026-07-24；https://webapi.cninfo.com.cn/api/stock/p_stock2110?scode=301629&sdate=1990-01-01&edate=2026-07-24）"
"301666","大普微","深交所创业板","半导体","巨潮资讯WebAPI p_stock2110（申银万国行业分类标准F001V=008003；当前记录F008C=1；查询日2026-07-24；https://webapi.cninfo.com.cn/api/stock/p_stock2110?scode=301666&sdate=1990-01-01&edate=2026-07-24）"
"301678","新恒汇","深交所创业板","半导体","巨潮资讯WebAPI p_stock2110（申银万国行业分类标准F001V=008003；当前记录F008C=1；查询日2026-07-24；https://webapi.cninfo.com.cn/api/stock/p_stock2110?scode=301678&sdate=1990-01-01&edate=2026-07-24）"
"600171","上海贝岭","上交所主板","半导体","巨潮资讯WebAPI p_stock2110（申银万国行业分类标准F001V=008003；当前记录F008C=1；查询日2026-07-24；https://webapi.cninfo.com.cn/api/stock/p_stock2110?scode=600171&sdate=1990-01-01&edate=2026-07-24）"
"600206","有研新材","上交所主板","半导体","巨潮资讯WebAPI p_stock2110（申银万国行业分类标准F001V=008003；当前记录F008C=1；查询日2026-07-24；https://webapi.cninfo.com.cn/api/stock/p_stock2110?scode=600206&sdate=1990-01-01&edate=2026-07-24）"
"600360","华微电子","上交所主板","半导体","巨潮资讯WebAPI p_stock2110（申银万国行业分类标准F001V=008003；当前记录F008C=1；查询日2026-07-24；https://webapi.cninfo.com.cn/api/stock/p_stock2110?scode=600360&sdate=1990-01-01&edate=2026-07-24）"
"600460","士兰微","上交所主板","半导体","巨潮资讯WebAPI p_stock2110（申银万国行业分类标准F001V=008003；当前记录F008C=1；查询日2026-07-24；https://webapi.cninfo.com.cn/api/stock/p_stock2110?scode=600460&sdate=1990-01-01&edate=2026-07-24）"
"600584","长电科技","上交所主板","半导体","巨潮资讯WebAPI p_stock2110（申银万国行业分类标准F001V=008003；当前记录F008C=1；查询日2026-07-24；https://webapi.cninfo.com.cn/api/stock/p_stock2110?scode=600584&sdate=1990-01-01&edate=2026-07-24）"
"600641","先导基电","上交所主板","半导体","巨潮资讯WebAPI p_stock2110（申银万国行业分类标准F001V=008003；当前记录F008C=1；查询日2026-07-24；https://webapi.cninfo.com.cn/api/stock/p_stock2110?scode=600641&sdate=1990-01-01&edate=2026-07-24）"
"600745","*ST闻泰","上交所主板","半导体","巨潮资讯WebAPI p_stock2110（申银万国行业分类标准F001V=008003；当前记录F008C=1；查询日2026-07-24；https://webapi.cninfo.com.cn/api/stock/p_stock2110?scode=600745&sdate=1990-01-01&edate=2026-07-24）"
"600877","电科芯片","上交所主板","半导体","巨潮资讯WebAPI p_stock2110（申银万国行业分类标准F001V=008003；当前记录F008C=1；查询日2026-07-24；https://webapi.cninfo.com.cn/api/stock/p_stock2110?scode=600877&sdate=1990-01-01&edate=2026-07-24）"
"603005","晶方科技","上交所主板","半导体","巨潮资讯WebAPI p_stock2110（申银万国行业分类标准F001V=008003；当前记录F008C=1；查询日2026-07-24；https://webapi.cninfo.com.cn/api/stock/p_stock2110?scode=603005&sdate=1990-01-01&edate=2026-07-24）"
"603061","金海通","上交所主板","半导体","巨潮资讯WebAPI p_stock2110（申银万国行业分类标准F001V=008003；当前记录F008C=1；查询日2026-07-24；https://webapi.cninfo.com.cn/api/stock/p_stock2110?scode=603061&sdate=1990-01-01&edate=2026-07-24）"
"603068","博通集成","上交所主板","半导体","巨潮资讯WebAPI p_stock2110（申银万国行业分类标准F001V=008003；当前记录F008C=1；查询日2026-07-24；https://webapi.cninfo.com.cn/api/stock/p_stock2110?scode=603068&sdate=1990-01-01&edate=2026-07-24）"
"603160","汇顶科技","上交所主板","半导体","巨潮资讯WebAPI p_stock2110（申银万国行业分类标准F001V=008003；当前记录F008C=1；查询日2026-07-24；https://webapi.cninfo.com.cn/api/stock/p_stock2110?scode=603160&sdate=1990-01-01&edate=2026-07-24）"
"603290","斯达半导","上交所主板","半导体","巨潮资讯WebAPI p_stock2110（申银万国行业分类标准F001V=008003；当前记录F008C=1；查询日2026-07-24；https://webapi.cninfo.com.cn/api/stock/p_stock2110?scode=603290&sdate=1990-01-01&edate=2026-07-24）"
"603316","诚邦股份","上交所主板","半导体","巨潮资讯WebAPI p_stock2110（申银万国行业分类标准F001V=008003；当前记录F008C=1；查询日2026-07-24；https://webapi.cninfo.com.cn/api/stock/p_stock2110?scode=603316&sdate=1990-01-01&edate=2026-07-24）"
"603375","盛景微","上交所主板","半导体","巨潮资讯WebAPI p_stock2110（申银万国行业分类标准F001V=008003；当前记录F008C=1；查询日2026-07-24；https://webapi.cninfo.com.cn/api/stock/p_stock2110?scode=603375&sdate=1990-01-01&edate=2026-07-24）"
"603501","豪威集团","上交所主板","半导体","巨潮资讯WebAPI p_stock2110（申银万国行业分类标准F001V=008003；当前记录F008C=1；查询日2026-07-24；https://webapi.cninfo.com.cn/api/stock/p_stock2110?scode=603501&sdate=1990-01-01&edate=2026-07-24）"
"603690","至纯科技","上交所主板","半导体","巨潮资讯WebAPI p_stock2110（申银万国行业分类标准F001V=008003；当前记录F008C=1；查询日2026-07-24；https://webapi.cninfo.com.cn/api/stock/p_stock2110?scode=603690&sdate=1990-01-01&edate=2026-07-24）"
"603893","瑞芯微","上交所主板","半导体","巨潮资讯WebAPI p_stock2110（申银万国行业分类标准F001V=008003；当前记录F008C=1；查询日2026-07-24；https://webapi.cninfo.com.cn/api/stock/p_stock2110?scode=603893&sdate=1990-01-01&edate=2026-07-24）"
"603986","兆易创新","上交所主板","半导体","巨潮资讯WebAPI p_stock2110（申银万国行业分类标准F001V=008003；当前记录F008C=1；查询日2026-07-24；https://webapi.cninfo.com.cn/api/stock/p_stock2110?scode=603986&sdate=1990-01-01&edate=2026-07-24）"
"603991","领先股份","上交所主板","半导体","巨潮资讯WebAPI p_stock2110（申银万国行业分类标准F001V=008003；当前记录F008C=1；查询日2026-07-24；https://webapi.cninfo.com.cn/api/stock/p_stock2110?scode=603991&sdate=1990-01-01&edate=2026-07-24）"
"605111","新洁能","上交所主板","半导体","巨潮资讯WebAPI p_stock2110（申银万国行业分类标准F001V=008003；当前记录F008C=1；查询日2026-07-24；https://webapi.cninfo.com.cn/api/stock/p_stock2110?scode=605111&sdate=1990-01-01&edate=2026-07-24）"
"605358","立昂微","上交所主板","半导体","巨潮资讯WebAPI p_stock2110（申银万国行业分类标准F001V=008003；当前记录F008C=1；查询日2026-07-24；https://webapi.cninfo.com.cn/api/stock/p_stock2110?scode=605358&sdate=1990-01-01&edate=2026-07-24）"
"688008","澜起科技","上交所科创板","半导体","巨潮资讯WebAPI p_stock2110（申银万国行业分类标准F001V=008003；当前记录F008C=1；查询日2026-07-24；https://webapi.cninfo.com.cn/api/stock/p_stock2110?scode=688008&sdate=1990-01-01&edate=2026-07-24）"
"688012","中微公司","上交所科创板","半导体","巨潮资讯WebAPI p_stock2110（申银万国行业分类标准F001V=008003；当前记录F008C=1；查询日2026-07-24；https://webapi.cninfo.com.cn/api/stock/p_stock2110?scode=688012&sdate=1990-01-01&edate=2026-07-24）"
"688018","乐鑫科技","上交所科创板","半导体","巨潮资讯WebAPI p_stock2110（申银万国行业分类标准F001V=008003；当前记录F008C=1；查询日2026-07-24；https://webapi.cninfo.com.cn/api/stock/p_stock2110?scode=688018&sdate=1990-01-01&edate=2026-07-24）"
"688037","芯源微","上交所科创板","半导体","巨潮资讯WebAPI p_stock2110（申银万国行业分类标准F001V=008003；当前记录F008C=1；查询日2026-07-24；https://webapi.cninfo.com.cn/api/stock/p_stock2110?scode=688037&sdate=1990-01-01&edate=2026-07-24）"
"688041","海光信息","上交所科创板","半导体","巨潮资讯WebAPI p_stock2110（申银万国行业分类标准F001V=008003；当前记录F008C=1；查询日2026-07-24；https://webapi.cninfo.com.cn/api/stock/p_stock2110?scode=688041&sdate=1990-01-01&edate=2026-07-24）"
"688045","必易微","上交所科创板","半导体","巨潮资讯WebAPI p_stock2110（申银万国行业分类标准F001V=008003；当前记录F008C=1；查询日2026-07-24；https://webapi.cninfo.com.cn/api/stock/p_stock2110?scode=688045&sdate=1990-01-01&edate=2026-07-24）"
"688047","龙芯中科","上交所科创板","半导体","巨潮资讯WebAPI p_stock2110（申银万国行业分类标准F001V=008003；当前记录F008C=1；查询日2026-07-24；https://webapi.cninfo.com.cn/api/stock/p_stock2110?scode=688047&sdate=1990-01-01&edate=2026-07-24）"
"688048","长光华芯","上交所科创板","半导体","巨潮资讯WebAPI p_stock2110（申银万国行业分类标准F001V=008003；当前记录F008C=1；查询日2026-07-24；https://webapi.cninfo.com.cn/api/stock/p_stock2110?scode=688048&sdate=1990-01-01&edate=2026-07-24）"
"688049","炬芯科技","上交所科创板","半导体","巨潮资讯WebAPI p_stock2110（申银万国行业分类标准F001V=008003；当前记录F008C=1；查询日2026-07-24；https://webapi.cninfo.com.cn/api/stock/p_stock2110?scode=688049&sdate=1990-01-01&edate=2026-07-24）"
"688052","纳芯微","上交所科创板","半导体","巨潮资讯WebAPI p_stock2110（申银万国行业分类标准F001V=008003；当前记录F008C=1；查询日2026-07-24；https://webapi.cninfo.com.cn/api/stock/p_stock2110?scode=688052&sdate=1990-01-01&edate=2026-07-24）"
"688061","灿瑞科技","上交所科创板","半导体","巨潮资讯WebAPI p_stock2110（申银万国行业分类标准F001V=008003；当前记录F008C=1；查询日2026-07-24；https://webapi.cninfo.com.cn/api/stock/p_stock2110?scode=688061&sdate=1990-01-01&edate=2026-07-24）"
"688072","拓荆科技","上交所科创板","半导体","巨潮资讯WebAPI p_stock2110（申银万国行业分类标准F001V=008003；当前记录F008C=1；查询日2026-07-24；https://webapi.cninfo.com.cn/api/stock/p_stock2110?scode=688072&sdate=1990-01-01&edate=2026-07-24）"
"688082","盛美上海","上交所科创板","半导体","巨潮资讯WebAPI p_stock2110（申银万国行业分类标准F001V=008003；当前记录F008C=1；查询日2026-07-24；https://webapi.cninfo.com.cn/api/stock/p_stock2110?scode=688082&sdate=1990-01-01&edate=2026-07-24）"
"688099","晶晨股份","上交所科创板","半导体","巨潮资讯WebAPI p_stock2110（申银万国行业分类标准F001V=008003；当前记录F008C=1；查询日2026-07-24；https://webapi.cninfo.com.cn/api/stock/p_stock2110?scode=688099&sdate=1990-01-01&edate=2026-07-24）"
"688107","安路科技","上交所科创板","半导体","巨潮资讯WebAPI p_stock2110（申银万国行业分类标准F001V=008003；当前记录F008C=1；查询日2026-07-24；https://webapi.cninfo.com.cn/api/stock/p_stock2110?scode=688107&sdate=1990-01-01&edate=2026-07-24）"
"688110","东芯股份","上交所科创板","半导体","巨潮资讯WebAPI p_stock2110（申银万国行业分类标准F001V=008003；当前记录F008C=1；查询日2026-07-24；https://webapi.cninfo.com.cn/api/stock/p_stock2110?scode=688110&sdate=1990-01-01&edate=2026-07-24）"
"688120","华海清科","上交所科创板","半导体","巨潮资讯WebAPI p_stock2110（申银万国行业分类标准F001V=008003；当前记录F008C=1；查询日2026-07-24；https://webapi.cninfo.com.cn/api/stock/p_stock2110?scode=688120&sdate=1990-01-01&edate=2026-07-24）"
"688123","聚辰股份","上交所科创板","半导体","巨潮资讯WebAPI p_stock2110（申银万国行业分类标准F001V=008003；当前记录F008C=1；查询日2026-07-24；https://webapi.cninfo.com.cn/api/stock/p_stock2110?scode=688123&sdate=1990-01-01&edate=2026-07-24）"
"688126","沪硅产业","上交所科创板","半导体","巨潮资讯WebAPI p_stock2110（申银万国行业分类标准F001V=008003；当前记录F008C=1；查询日2026-07-24；https://webapi.cninfo.com.cn/api/stock/p_stock2110?scode=688126&sdate=1990-01-01&edate=2026-07-24）"
"688130","晶华微","上交所科创板","半导体","巨潮资讯WebAPI p_stock2110（申银万国行业分类标准F001V=008003；当前记录F008C=1；查询日2026-07-24；https://webapi.cninfo.com.cn/api/stock/p_stock2110?scode=688130&sdate=1990-01-01&edate=2026-07-24）"
"688135","利扬芯片","上交所科创板","半导体","巨潮资讯WebAPI p_stock2110（申银万国行业分类标准F001V=008003；当前记录F008C=1；查询日2026-07-24；https://webapi.cninfo.com.cn/api/stock/p_stock2110?scode=688135&sdate=1990-01-01&edate=2026-07-24）"
"688138","清溢光电","上交所科创板","半导体","巨潮资讯WebAPI p_stock2110（申银万国行业分类标准F001V=008003；当前记录F008C=1；查询日2026-07-24；https://webapi.cninfo.com.cn/api/stock/p_stock2110?scode=688138&sdate=1990-01-01&edate=2026-07-24）"
"688141","杰华特","上交所科创板","半导体","巨潮资讯WebAPI p_stock2110（申银万国行业分类标准F001V=008003；当前记录F008C=1；查询日2026-07-24；https://webapi.cninfo.com.cn/api/stock/p_stock2110?scode=688141&sdate=1990-01-01&edate=2026-07-24）"
"688146","中船特气","上交所科创板","半导体","巨潮资讯WebAPI p_stock2110（申银万国行业分类标准F001V=008003；当前记录F008C=1；查询日2026-07-24；https://webapi.cninfo.com.cn/api/stock/p_stock2110?scode=688146&sdate=1990-01-01&edate=2026-07-24）"
"688153","唯捷创芯","上交所科创板","半导体","巨潮资讯WebAPI p_stock2110（申银万国行业分类标准F001V=008003；当前记录F008C=1；查询日2026-07-24；https://webapi.cninfo.com.cn/api/stock/p_stock2110?scode=688153&sdate=1990-01-01&edate=2026-07-24）"
"688167","炬光科技","上交所科创板","半导体","巨潮资讯WebAPI p_stock2110（申银万国行业分类标准F001V=008003；当前记录F008C=1；查询日2026-07-24；https://webapi.cninfo.com.cn/api/stock/p_stock2110?scode=688167&sdate=1990-01-01&edate=2026-07-24）"
"688172","燕东微","上交所科创板","半导体","巨潮资讯WebAPI p_stock2110（申银万国行业分类标准F001V=008003；当前记录F008C=1；查询日2026-07-24；https://webapi.cninfo.com.cn/api/stock/p_stock2110?scode=688172&sdate=1990-01-01&edate=2026-07-24）"
"688173","希荻微","上交所科创板","半导体","巨潮资讯WebAPI p_stock2110（申银万国行业分类标准F001V=008003；当前记录F008C=1；查询日2026-07-24；https://webapi.cninfo.com.cn/api/stock/p_stock2110?scode=688173&sdate=1990-01-01&edate=2026-07-24）"
"688200","华峰测控","上交所科创板","半导体","巨潮资讯WebAPI p_stock2110（申银万国行业分类标准F001V=008003；当前记录F008C=1；查询日2026-07-24；https://webapi.cninfo.com.cn/api/stock/p_stock2110?scode=688200&sdate=1990-01-01&edate=2026-07-24）"
"688209","英集芯","上交所科创板","半导体","巨潮资讯WebAPI p_stock2110（申银万国行业分类标准F001V=008003；当前记录F008C=1；查询日2026-07-24；https://webapi.cninfo.com.cn/api/stock/p_stock2110?scode=688209&sdate=1990-01-01&edate=2026-07-24）"
"688213","思特威","上交所科创板","半导体","巨潮资讯WebAPI p_stock2110（申银万国行业分类标准F001V=008003；当前记录F008C=1；查询日2026-07-24；https://webapi.cninfo.com.cn/api/stock/p_stock2110?scode=688213&sdate=1990-01-01&edate=2026-07-24）"
"688216","气派科技","上交所科创板","半导体","巨潮资讯WebAPI p_stock2110（申银万国行业分类标准F001V=008003；当前记录F008C=1；查询日2026-07-24；https://webapi.cninfo.com.cn/api/stock/p_stock2110?scode=688216&sdate=1990-01-01&edate=2026-07-24）"
"688220","翱捷科技","上交所科创板","半导体","巨潮资讯WebAPI p_stock2110（申银万国行业分类标准F001V=008003；当前记录F008C=1；查询日2026-07-24；https://webapi.cninfo.com.cn/api/stock/p_stock2110?scode=688220&sdate=1990-01-01&edate=2026-07-24）"
"688230","芯导科技","上交所科创板","半导体","巨潮资讯WebAPI p_stock2110（申银万国行业分类标准F001V=008003；当前记录F008C=1；查询日2026-07-24；https://webapi.cninfo.com.cn/api/stock/p_stock2110?scode=688230&sdate=1990-01-01&edate=2026-07-24）"
"688233","神工股份","上交所科创板","半导体","巨潮资讯WebAPI p_stock2110（申银万国行业分类标准F001V=008003；当前记录F008C=1；查询日2026-07-24；https://webapi.cninfo.com.cn/api/stock/p_stock2110?scode=688233&sdate=1990-01-01&edate=2026-07-24）"
"688234","天岳先进","上交所科创板","半导体","巨潮资讯WebAPI p_stock2110（申银万国行业分类标准F001V=008003；当前记录F008C=1；查询日2026-07-24；https://webapi.cninfo.com.cn/api/stock/p_stock2110?scode=688234&sdate=1990-01-01&edate=2026-07-24）"
"688249","晶合集成","上交所科创板","半导体","巨潮资讯WebAPI p_stock2110（申银万国行业分类标准F001V=008003；当前记录F008C=1；查询日2026-07-24；https://webapi.cninfo.com.cn/api/stock/p_stock2110?scode=688249&sdate=1990-01-01&edate=2026-07-24）"
"688252","天德钰","上交所科创板","半导体","巨潮资讯WebAPI p_stock2110（申银万国行业分类标准F001V=008003；当前记录F008C=1；查询日2026-07-24；https://webapi.cninfo.com.cn/api/stock/p_stock2110?scode=688252&sdate=1990-01-01&edate=2026-07-24）"
"688256","寒武纪","上交所科创板","半导体","巨潮资讯WebAPI p_stock2110（申银万国行业分类标准F001V=008003；当前记录F008C=1；查询日2026-07-24；https://webapi.cninfo.com.cn/api/stock/p_stock2110?scode=688256&sdate=1990-01-01&edate=2026-07-24）"
"688259","创耀科技","上交所科创板","半导体","巨潮资讯WebAPI p_stock2110（申银万国行业分类标准F001V=008003；当前记录F008C=1；查询日2026-07-24；https://webapi.cninfo.com.cn/api/stock/p_stock2110?scode=688259&sdate=1990-01-01&edate=2026-07-24）"
"688261","东微半导","上交所科创板","半导体","巨潮资讯WebAPI p_stock2110（申银万国行业分类标准F001V=008003；当前记录F008C=1；查询日2026-07-24；https://webapi.cninfo.com.cn/api/stock/p_stock2110?scode=688261&sdate=1990-01-01&edate=2026-07-24）"
"688262","国芯科技","上交所科创板","半导体","巨潮资讯WebAPI p_stock2110（申银万国行业分类标准F001V=008003；当前记录F008C=1；查询日2026-07-24；https://webapi.cninfo.com.cn/api/stock/p_stock2110?scode=688262&sdate=1990-01-01&edate=2026-07-24）"
"688270","ST臻镭","上交所科创板","半导体","巨潮资讯WebAPI p_stock2110（申银万国行业分类标准F001V=008003；当前记录F008C=1；查询日2026-07-24；https://webapi.cninfo.com.cn/api/stock/p_stock2110?scode=688270&sdate=1990-01-01&edate=2026-07-24）"
"688279","峰岹科技","上交所科创板","半导体","巨潮资讯WebAPI p_stock2110（申银万国行业分类标准F001V=008003；当前记录F008C=1；查询日2026-07-24；https://webapi.cninfo.com.cn/api/stock/p_stock2110?scode=688279&sdate=1990-01-01&edate=2026-07-24）"
"688286","敏芯股份","上交所科创板","半导体","巨潮资讯WebAPI p_stock2110（申银万国行业分类标准F001V=008003；当前记录F008C=1；查询日2026-07-24；https://webapi.cninfo.com.cn/api/stock/p_stock2110?scode=688286&sdate=1990-01-01&edate=2026-07-24）"
"688325","赛微微电","上交所科创板","半导体","巨潮资讯WebAPI p_stock2110（申银万国行业分类标准F001V=008003；当前记录F008C=1；查询日2026-07-24；https://webapi.cninfo.com.cn/api/stock/p_stock2110?scode=688325&sdate=1990-01-01&edate=2026-07-24）"
"688332","中科蓝讯","上交所科创板","半导体","巨潮资讯WebAPI p_stock2110（申银万国行业分类标准F001V=008003；当前记录F008C=1；查询日2026-07-24；https://webapi.cninfo.com.cn/api/stock/p_stock2110?scode=688332&sdate=1990-01-01&edate=2026-07-24）"
"688347","华虹宏力","上交所科创板","半导体","巨潮资讯WebAPI p_stock2110（申银万国行业分类标准F001V=008003；当前记录F008C=1；查询日2026-07-24；https://webapi.cninfo.com.cn/api/stock/p_stock2110?scode=688347&sdate=1990-01-01&edate=2026-07-24）"
"688352","颀中科技","上交所科创板","半导体","巨潮资讯WebAPI p_stock2110（申银万国行业分类标准F001V=008003；当前记录F008C=1；查询日2026-07-24；https://webapi.cninfo.com.cn/api/stock/p_stock2110?scode=688352&sdate=1990-01-01&edate=2026-07-24）"
"688361","中科飞测","上交所科创板","半导体","巨潮资讯WebAPI p_stock2110（申银万国行业分类标准F001V=008003；当前记录F008C=1；查询日2026-07-24；https://webapi.cninfo.com.cn/api/stock/p_stock2110?scode=688361&sdate=1990-01-01&edate=2026-07-24）"
"688362","甬矽电子","上交所科创板","半导体","巨潮资讯WebAPI p_stock2110（申银万国行业分类标准F001V=008003；当前记录F008C=1；查询日2026-07-24；https://webapi.cninfo.com.cn/api/stock/p_stock2110?scode=688362&sdate=1990-01-01&edate=2026-07-24）"
"688368","晶丰明源","上交所科创板","半导体","巨潮资讯WebAPI p_stock2110（申银万国行业分类标准F001V=008003；当前记录F008C=1；查询日2026-07-24；https://webapi.cninfo.com.cn/api/stock/p_stock2110?scode=688368&sdate=1990-01-01&edate=2026-07-24）"
"688372","伟测科技","上交所科创板","半导体","巨潮资讯WebAPI p_stock2110（申银万国行业分类标准F001V=008003；当前记录F008C=1；查询日2026-07-24；https://webapi.cninfo.com.cn/api/stock/p_stock2110?scode=688372&sdate=1990-01-01&edate=2026-07-24）"
"688380","中微半导","上交所科创板","半导体","巨潮资讯WebAPI p_stock2110（申银万国行业分类标准F001V=008003；当前记录F008C=1；查询日2026-07-24；https://webapi.cninfo.com.cn/api/stock/p_stock2110?scode=688380&sdate=1990-01-01&edate=2026-07-24）"
"688381","帝奥微","上交所科创板","半导体","巨潮资讯WebAPI p_stock2110（申银万国行业分类标准F001V=008003；当前记录F008C=1；查询日2026-07-24；https://webapi.cninfo.com.cn/api/stock/p_stock2110?scode=688381&sdate=1990-01-01&edate=2026-07-24）"
"688385","复旦微电","上交所科创板","半导体","巨潮资讯WebAPI p_stock2110（申银万国行业分类标准F001V=008003；当前记录F008C=1；查询日2026-07-24；https://webapi.cninfo.com.cn/api/stock/p_stock2110?scode=688385&sdate=1990-01-01&edate=2026-07-24）"
"688391","钜泉科技","上交所科创板","半导体","巨潮资讯WebAPI p_stock2110（申银万国行业分类标准F001V=008003；当前记录F008C=1；查询日2026-07-24；https://webapi.cninfo.com.cn/api/stock/p_stock2110?scode=688391&sdate=1990-01-01&edate=2026-07-24）"
"688396","华润微","上交所科创板","半导体","巨潮资讯WebAPI p_stock2110（申银万国行业分类标准F001V=008003；当前记录F008C=1；查询日2026-07-24；https://webapi.cninfo.com.cn/api/stock/p_stock2110?scode=688396&sdate=1990-01-01&edate=2026-07-24）"
"688401","路维光电","上交所科创板","半导体","巨潮资讯WebAPI p_stock2110（申银万国行业分类标准F001V=008003；当前记录F008C=1；查询日2026-07-24；https://webapi.cninfo.com.cn/api/stock/p_stock2110?scode=688401&sdate=1990-01-01&edate=2026-07-24）"
"688403","汇成股份","上交所科创板","半导体","巨潮资讯WebAPI p_stock2110（申银万国行业分类标准F001V=008003；当前记录F008C=1；查询日2026-07-24；https://webapi.cninfo.com.cn/api/stock/p_stock2110?scode=688403&sdate=1990-01-01&edate=2026-07-24）"
"688409","富创精密","上交所科创板","半导体","巨潮资讯WebAPI p_stock2110（申银万国行业分类标准F001V=008003；当前记录F008C=1；查询日2026-07-24；https://webapi.cninfo.com.cn/api/stock/p_stock2110?scode=688409&sdate=1990-01-01&edate=2026-07-24）"
"688416","恒烁股份","上交所科创板","半导体","巨潮资讯WebAPI p_stock2110（申银万国行业分类标准F001V=008003；当前记录F008C=1；查询日2026-07-24；https://webapi.cninfo.com.cn/api/stock/p_stock2110?scode=688416&sdate=1990-01-01&edate=2026-07-24）"
"688419","耐科装备","上交所科创板","半导体","巨潮资讯WebAPI p_stock2110（申银万国行业分类标准F001V=008003；当前记录F008C=1；查询日2026-07-24；https://webapi.cninfo.com.cn/api/stock/p_stock2110?scode=688419&sdate=1990-01-01&edate=2026-07-24）"
"688432","有研硅","上交所科创板","半导体","巨潮资讯WebAPI p_stock2110（申银万国行业分类标准F001V=008003；当前记录F008C=1；查询日2026-07-24；https://webapi.cninfo.com.cn/api/stock/p_stock2110?scode=688432&sdate=1990-01-01&edate=2026-07-24）"
"688449","联芸科技","上交所科创板","半导体","巨潮资讯WebAPI p_stock2110（申银万国行业分类标准F001V=008003；当前记录F008C=1；查询日2026-07-24；https://webapi.cninfo.com.cn/api/stock/p_stock2110?scode=688449&sdate=1990-01-01&edate=2026-07-24）"
"688458","美芯晟","上交所科创板","半导体","巨潮资讯WebAPI p_stock2110（申银万国行业分类标准F001V=008003；当前记录F008C=1；查询日2026-07-24；https://webapi.cninfo.com.cn/api/stock/p_stock2110?scode=688458&sdate=1990-01-01&edate=2026-07-24）"
"688469","芯联集成","上交所科创板","半导体","巨潮资讯WebAPI p_stock2110（申银万国行业分类标准F001V=008003；当前记录F008C=1；查询日2026-07-24；https://webapi.cninfo.com.cn/api/stock/p_stock2110?scode=688469&sdate=1990-01-01&edate=2026-07-24）"
"688478","晶升股份","上交所科创板","半导体","巨潮资讯WebAPI p_stock2110（申银万国行业分类标准F001V=008003；当前记录F008C=1；查询日2026-07-24；https://webapi.cninfo.com.cn/api/stock/p_stock2110?scode=688478&sdate=1990-01-01&edate=2026-07-24）"
"688484","南芯科技","上交所科创板","半导体","巨潮资讯WebAPI p_stock2110（申银万国行业分类标准F001V=008003；当前记录F008C=1；查询日2026-07-24；https://webapi.cninfo.com.cn/api/stock/p_stock2110?scode=688484&sdate=1990-01-01&edate=2026-07-24）"
"688486","龙迅股份","上交所科创板","半导体","巨潮资讯WebAPI p_stock2110（申银万国行业分类标准F001V=008003；当前记录F008C=1；查询日2026-07-24；https://webapi.cninfo.com.cn/api/stock/p_stock2110?scode=688486&sdate=1990-01-01&edate=2026-07-24）"
"688498","源杰科技","上交所科创板","半导体","巨潮资讯WebAPI p_stock2110（申银万国行业分类标准F001V=008003；当前记录F008C=1；查询日2026-07-24；https://webapi.cninfo.com.cn/api/stock/p_stock2110?scode=688498&sdate=1990-01-01&edate=2026-07-24）"
"688508","芯朋微","上交所科创板","半导体","巨潮资讯WebAPI p_stock2110（申银万国行业分类标准F001V=008003；当前记录F008C=1；查询日2026-07-24；https://webapi.cninfo.com.cn/api/stock/p_stock2110?scode=688508&sdate=1990-01-01&edate=2026-07-24）"
"688512","慧智微","上交所科创板","半导体","巨潮资讯WebAPI p_stock2110（申银万国行业分类标准F001V=008003；当前记录F008C=1；查询日2026-07-24；https://webapi.cninfo.com.cn/api/stock/p_stock2110?scode=688512&sdate=1990-01-01&edate=2026-07-24）"
"688515","裕太微","上交所科创板","半导体","巨潮资讯WebAPI p_stock2110（申银万国行业分类标准F001V=008003；当前记录F008C=1；查询日2026-07-24；https://webapi.cninfo.com.cn/api/stock/p_stock2110?scode=688515&sdate=1990-01-01&edate=2026-07-24）"
"688521","芯原股份","上交所科创板","半导体","巨潮资讯WebAPI p_stock2110（申银万国行业分类标准F001V=008003；当前记录F008C=1；查询日2026-07-24；https://webapi.cninfo.com.cn/api/stock/p_stock2110?scode=688521&sdate=1990-01-01&edate=2026-07-24）"
"688525","佰维存储","上交所科创板","半导体","巨潮资讯WebAPI p_stock2110（申银万国行业分类标准F001V=008003；当前记录F008C=1；查询日2026-07-24；https://webapi.cninfo.com.cn/api/stock/p_stock2110?scode=688525&sdate=1990-01-01&edate=2026-07-24）"
"688530","欧莱新材","上交所科创板","半导体","巨潮资讯WebAPI p_stock2110（申银万国行业分类标准F001V=008003；当前记录F008C=1；查询日2026-07-24；https://webapi.cninfo.com.cn/api/stock/p_stock2110?scode=688530&sdate=1990-01-01&edate=2026-07-24）"
"688535","华海诚科","上交所科创板","半导体","巨潮资讯WebAPI p_stock2110（申银万国行业分类标准F001V=008003；当前记录F008C=1；查询日2026-07-24；https://webapi.cninfo.com.cn/api/stock/p_stock2110?scode=688535&sdate=1990-01-01&edate=2026-07-24）"
"688536","思瑞浦","上交所科创板","半导体","巨潮资讯WebAPI p_stock2110（申银万国行业分类标准F001V=008003；当前记录F008C=1；查询日2026-07-24；https://webapi.cninfo.com.cn/api/stock/p_stock2110?scode=688536&sdate=1990-01-01&edate=2026-07-24）"
"688582","芯动联科","上交所科创板","半导体","巨潮资讯WebAPI p_stock2110（申银万国行业分类标准F001V=008003；当前记录F008C=1；查询日2026-07-24；https://webapi.cninfo.com.cn/api/stock/p_stock2110?scode=688582&sdate=1990-01-01&edate=2026-07-24）"
"688584","上海合晶","上交所科创板","半导体","巨潮资讯WebAPI p_stock2110（申银万国行业分类标准F001V=008003；当前记录F008C=1；查询日2026-07-24；https://webapi.cninfo.com.cn/api/stock/p_stock2110?scode=688584&sdate=1990-01-01&edate=2026-07-24）"
"688589","力合微","上交所科创板","半导体","巨潮资讯WebAPI p_stock2110（申银万国行业分类标准F001V=008003；当前记录F008C=1；查询日2026-07-24；https://webapi.cninfo.com.cn/api/stock/p_stock2110?scode=688589&sdate=1990-01-01&edate=2026-07-24）"
"688591","泰凌微","上交所科创板","半导体","巨潮资讯WebAPI p_stock2110（申银万国行业分类标准F001V=008003；当前记录F008C=1；查询日2026-07-24；https://webapi.cninfo.com.cn/api/stock/p_stock2110?scode=688591&sdate=1990-01-01&edate=2026-07-24）"
"688593","新相微","上交所科创板","半导体","巨潮资讯WebAPI p_stock2110（申银万国行业分类标准F001V=008003；当前记录F008C=1；查询日2026-07-24；https://webapi.cninfo.com.cn/api/stock/p_stock2110?scode=688593&sdate=1990-01-01&edate=2026-07-24）"
"688595","芯海科技","上交所科创板","半导体","巨潮资讯WebAPI p_stock2110（申银万国行业分类标准F001V=008003；当前记录F008C=1；查询日2026-07-24；https://webapi.cninfo.com.cn/api/stock/p_stock2110?scode=688595&sdate=1990-01-01&edate=2026-07-24）"
"688601","力芯微","上交所科创板","半导体","巨潮资讯WebAPI p_stock2110（申银万国行业分类标准F001V=008003；当前记录F008C=1；查询日2026-07-24；https://webapi.cninfo.com.cn/api/stock/p_stock2110?scode=688601&sdate=1990-01-01&edate=2026-07-24）"
"688605","先锋精科","上交所科创板","半导体","巨潮资讯WebAPI p_stock2110（申银万国行业分类标准F001V=008003；当前记录F008C=1；查询日2026-07-24；https://webapi.cninfo.com.cn/api/stock/p_stock2110?scode=688605&sdate=1990-01-01&edate=2026-07-24）"
"688608","恒玄科技","上交所科创板","半导体","巨潮资讯WebAPI p_stock2110（申银万国行业分类标准F001V=008003；当前记录F008C=1；查询日2026-07-24；https://webapi.cninfo.com.cn/api/stock/p_stock2110?scode=688608&sdate=1990-01-01&edate=2026-07-24）"
"688620","安凯微","上交所科创板","半导体","巨潮资讯WebAPI p_stock2110（申银万国行业分类标准F001V=008003；当前记录F008C=1；查询日2026-07-24；https://webapi.cninfo.com.cn/api/stock/p_stock2110?scode=688620&sdate=1990-01-01&edate=2026-07-24）"
"688652","京仪装备","上交所科创板","半导体","巨潮资讯WebAPI p_stock2110（申银万国行业分类标准F001V=008003；当前记录F008C=1；查询日2026-07-24；https://webapi.cninfo.com.cn/api/stock/p_stock2110?scode=688652&sdate=1990-01-01&edate=2026-07-24）"
"688653","康希通信","上交所科创板","半导体","巨潮资讯WebAPI p_stock2110（申银万国行业分类标准F001V=008003；当前记录F008C=1；查询日2026-07-24；https://webapi.cninfo.com.cn/api/stock/p_stock2110?scode=688653&sdate=1990-01-01&edate=2026-07-24）"
"688661","和林微纳","上交所科创板","半导体","巨潮资讯WebAPI p_stock2110（申银万国行业分类标准F001V=008003；当前记录F008C=1；查询日2026-07-24；https://webapi.cninfo.com.cn/api/stock/p_stock2110?scode=688661&sdate=1990-01-01&edate=2026-07-24）"
"688689","银河微电","上交所科创板","半导体","巨潮资讯WebAPI p_stock2110（申银万国行业分类标准F001V=008003；当前记录F008C=1；查询日2026-07-24；https://webapi.cninfo.com.cn/api/stock/p_stock2110?scode=688689&sdate=1990-01-01&edate=2026-07-24）"
"688691","灿芯股份","上交所科创板","半导体","巨潮资讯WebAPI p_stock2110（申银万国行业分类标准F001V=008003；当前记录F008C=1；查询日2026-07-24；https://webapi.cninfo.com.cn/api/stock/p_stock2110?scode=688691&sdate=1990-01-01&edate=2026-07-24）"
"688693","锴威特","上交所科创板","半导体","巨潮资讯WebAPI p_stock2110（申银万国行业分类标准F001V=008003；当前记录F008C=1；查询日2026-07-24；https://webapi.cninfo.com.cn/api/stock/p_stock2110?scode=688693&sdate=1990-01-01&edate=2026-07-24）"
"688699","明微电子","上交所科创板","半导体","巨潮资讯WebAPI p_stock2110（申银万国行业分类标准F001V=008003；当前记录F008C=1；查询日2026-07-24；https://webapi.cninfo.com.cn/api/stock/p_stock2110?scode=688699&sdate=1990-01-01&edate=2026-07-24）"
"688702","盛科通信","上交所科创板","半导体","巨潮资讯WebAPI p_stock2110（申银万国行业分类标准F001V=008003；当前记录F008C=1；查询日2026-07-24；https://webapi.cninfo.com.cn/api/stock/p_stock2110?scode=688702&sdate=1990-01-01&edate=2026-07-24）"
"688709","成都华微","上交所科创板","半导体","巨潮资讯WebAPI p_stock2110（申银万国行业分类标准F001V=008003；当前记录F008C=1；查询日2026-07-24；https://webapi.cninfo.com.cn/api/stock/p_stock2110?scode=688709&sdate=1990-01-01&edate=2026-07-24）"
"688711","宏微科技","上交所科创板","半导体","巨潮资讯WebAPI p_stock2110（申银万国行业分类标准F001V=008003；当前记录F008C=1；查询日2026-07-24；https://webapi.cninfo.com.cn/api/stock/p_stock2110?scode=688711&sdate=1990-01-01&edate=2026-07-24）"
"688720","艾森股份","上交所科创板","半导体","巨潮资讯WebAPI p_stock2110（申银万国行业分类标准F001V=008003；当前记录F008C=1；查询日2026-07-24；https://webapi.cninfo.com.cn/api/stock/p_stock2110?scode=688720&sdate=1990-01-01&edate=2026-07-24）"
"688721","龙图光罩","上交所科创板","半导体","巨潮资讯WebAPI p_stock2110（申银万国行业分类标准F001V=008003；当前记录F008C=1；查询日2026-07-24；https://webapi.cninfo.com.cn/api/stock/p_stock2110?scode=688721&sdate=1990-01-01&edate=2026-07-24）"
"688727","恒坤新材","上交所科创板","半导体","巨潮资讯WebAPI p_stock2110（申银万国行业分类标准F001V=008003；当前记录F008C=1；查询日2026-07-24；https://webapi.cninfo.com.cn/api/stock/p_stock2110?scode=688727&sdate=1990-01-01&edate=2026-07-24）"
"688728","格科微","上交所科创板","半导体","巨潮资讯WebAPI p_stock2110（申银万国行业分类标准F001V=008003；当前记录F008C=1；查询日2026-07-24；https://webapi.cninfo.com.cn/api/stock/p_stock2110?scode=688728&sdate=1990-01-01&edate=2026-07-24）"
"688729","屹唐股份","上交所科创板","半导体","巨潮资讯WebAPI p_stock2110（申银万国行业分类标准F001V=008003；当前记录F008C=1；查询日2026-07-24；https://webapi.cninfo.com.cn/api/stock/p_stock2110?scode=688729&sdate=1990-01-01&edate=2026-07-24）"
"688766","普冉股份","上交所科创板","半导体","巨潮资讯WebAPI p_stock2110（申银万国行业分类标准F001V=008003；当前记录F008C=1；查询日2026-07-24；https://webapi.cninfo.com.cn/api/stock/p_stock2110?scode=688766&sdate=1990-01-01&edate=2026-07-24）"
"688783","西安奕材","上交所科创板","半导体","巨潮资讯WebAPI p_stock2110（申银万国行业分类标准F001V=008003；当前记录F008C=1；查询日2026-07-24；https://webapi.cninfo.com.cn/api/stock/p_stock2110?scode=688783&sdate=1990-01-01&edate=2026-07-24）"
"688785","恒运昌","上交所科创板","半导体","巨潮资讯WebAPI p_stock2110（申银万国行业分类标准F001V=008003；当前记录F008C=1；查询日2026-07-24；https://webapi.cninfo.com.cn/api/stock/p_stock2110?scode=688785&sdate=1990-01-01&edate=2026-07-24）"
"688790","昂瑞微","上交所科创板","半导体","巨潮资讯WebAPI p_stock2110（申银万国行业分类标准F001V=008003；当前记录F008C=1；查询日2026-07-24；https://webapi.cninfo.com.cn/api/stock/p_stock2110?scode=688790&sdate=1990-01-01&edate=2026-07-24）"
"688795","摩尔线程","上交所科创板","半导体","巨潮资讯WebAPI p_stock2110（申银万国行业分类标准F001V=008003；当前记录F008C=1；查询日2026-07-24；https://webapi.cninfo.com.cn/api/stock/p_stock2110?scode=688795&sdate=1990-01-01&edate=2026-07-24）"
"688797","臻宝科技","上交所科创板","半导体","巨潮资讯WebAPI p_stock2110（申银万国行业分类标准F001V=008003；当前记录F008C=1；查询日2026-07-24；https://webapi.cninfo.com.cn/api/stock/p_stock2110?scode=688797&sdate=1990-01-01&edate=2026-07-24）"
"688798","艾为电子","上交所科创板","半导体","巨潮资讯WebAPI p_stock2110（申银万国行业分类标准F001V=008003；当前记录F008C=1；查询日2026-07-24；https://webapi.cninfo.com.cn/api/stock/p_stock2110?scode=688798&sdate=1990-01-01&edate=2026-07-24）"
"688802","沐曦股份","上交所科创板","半导体","巨潮资讯WebAPI p_stock2110（申银万国行业分类标准F001V=008003；当前记录F008C=1；查询日2026-07-24；https://webapi.cninfo.com.cn/api/stock/p_stock2110?scode=688802&sdate=1990-01-01&edate=2026-07-24）"
"688807","优迅股份","上交所科创板","半导体","巨潮资讯WebAPI p_stock2110（申银万国行业分类标准F001V=008003；当前记录F008C=1；查询日2026-07-24；https://webapi.cninfo.com.cn/api/stock/p_stock2110?scode=688807&sdate=1990-01-01&edate=2026-07-24）"
"688809","强一股份","上交所科创板","半导体","巨潮资讯WebAPI p_stock2110（申银万国行业分类标准F001V=008003；当前记录F008C=1；查询日2026-07-24；https://webapi.cninfo.com.cn/api/stock/p_stock2110?scode=688809&sdate=1990-01-01&edate=2026-07-24）"
"688820","盛合晶微","上交所科创板","半导体","巨潮资讯WebAPI p_stock2110（申银万国行业分类标准F001V=008003；当前记录F008C=1；查询日2026-07-24；https://webapi.cninfo.com.cn/api/stock/p_stock2110?scode=688820&sdate=1990-01-01&edate=2026-07-24）"
"688981","中芯国际","上交所科创板","半导体","巨潮资讯WebAPI p_stock2110（申银万国行业分类标准F001V=008003；当前记录F008C=1；查询日2026-07-24；https://webapi.cninfo.com.cn/api/stock/p_stock2110?scode=688981&sdate=1990-01-01&edate=2026-07-24）"
"920012","创达新材","北交所","半导体","巨潮资讯WebAPI p_stock2110（申银万国行业分类标准F001V=008003；当前记录F008C=1；查询日2026-07-24；https://webapi.cninfo.com.cn/api/stock/p_stock2110?scode=920012&sdate=1990-01-01&edate=2026-07-24）"
"920139","华岭股份","北交所","半导体","巨潮资讯WebAPI p_stock2110（申银万国行业分类标准F001V=008003；当前记录F008C=1；查询日2026-07-24；https://webapi.cninfo.com.cn/api/stock/p_stock2110?scode=920139&sdate=1990-01-01&edate=2026-07-24）"
"920179","凯德石英","北交所","半导体","巨潮资讯WebAPI p_stock2110（申银万国行业分类标准F001V=008003；当前记录F008C=1；查询日2026-07-24；https://webapi.cninfo.com.cn/api/stock/p_stock2110?scode=920179&sdate=1990-01-01&edate=2026-07-24）"
"920186","中科仪","北交所","半导体","巨潮资讯WebAPI p_stock2110（申银万国行业分类标准F001V=008003；当前记录F008C=1；查询日2026-07-24；https://webapi.cninfo.com.cn/api/stock/p_stock2110?scode=920186&sdate=1990-01-01&edate=2026-07-24）"
"920189","康美特","北交所","半导体","巨潮资讯WebAPI p_stock2110（申银万国行业分类标准F001V=008003；当前记录F008C=1；查询日2026-07-24；https://webapi.cninfo.com.cn/api/stock/p_stock2110?scode=920189&sdate=1990-01-01&edate=2026-07-24）"
