月份,注册地,贸易伙伴,出口量kg,金额USD
202501,上海市,美国,10919,19307080
202501,上海市,马来西亚,1841,917392
202501,上海市,泰国,243,588745
202501,上海市,中国台湾,18,8127
202501,上海市,墨西哥,88,126798
202501,上海市,中国香港,88,320619
202501,上海市,荷兰,556,317106
202501,上海市,新加坡,17,24507
202501,上海市,其他,3729,1994909
202501,北京市,美国,52,472150
202501,北京市,泰国,2,1226
202501,北京市,中国香港,19,27186
202501,北京市,新加坡,11,12715
202501,北京市,其他,375,172725
202501,四川省,美国,28359,84284228
202501,四川省,马来西亚,10,60081
202501,四川省,泰国,5760,8979379
202501,四川省,中国台湾,7595,9196557
202501,四川省,墨西哥,1187,2486733
202501,四川省,中国香港,335,1006374
202501,四川省,荷兰,2816,2548258
202501,四川省,新加坡,202,663899
202501,四川省,其他,11664,9585254
202501,天津市,荷兰,6,1056
202501,天津市,其他,22,2263
202501,安徽省,美国,1,8220
202501,安徽省,马来西亚,8,25342
202501,安徽省,泰国,1757,2428398
202501,安徽省,中国台湾,8,2550
202501,安徽省,中国香港,143,34061
202501,安徽省,新加坡,5,516
202501,安徽省,其他,2059,310778
202501,山东省,美国,17,96052
202501,山东省,马来西亚,349,55709
202501,山东省,泰国,478,16407
202501,山东省,中国台湾,315,66036
202501,山东省,墨西哥,13,888
202501,山东省,中国香港,101,39710
202501,山东省,新加坡,8,6963
202501,山东省,其他,2266,260146
202501,广东省,美国,15366,11328928
202501,广东省,马来西亚,2171,2275393
202501,广东省,泰国,1755,4654081
202501,广东省,中国台湾,6710,5194361
202501,广东省,墨西哥,702,517461
202501,广东省,中国香港,4942,3514156
202501,广东省,荷兰,5108,2424489
202501,广东省,新加坡,1935,4037545
202501,广东省,其他,48957,30149139
202501,广西壮族自治区,美国,6,514
202501,广西壮族自治区,马来西亚,0,6
202501,广西壮族自治区,泰国,4,2081
202501,广西壮族自治区,墨西哥,0,107
202501,广西壮族自治区,新加坡,28,3182
202501,广西壮族自治区,其他,2563,829530
202501,新疆维吾尔自治区,泰国,6318,24640
202501,新疆维吾尔自治区,其他,13,821
202501,江苏省,美国,59115,62937031
202501,江苏省,马来西亚,27802,66178489
202501,江苏省,泰国,2906,15245334
202501,江苏省,中国台湾,1538,4730579
202501,江苏省,墨西哥,3281,10346286
202501,江苏省,中国香港,2837,8764422
202501,江苏省,荷兰,673,1070305
202501,江苏省,新加坡,1258,1000462
202501,江苏省,其他,15762,8172714
202501,江西省,美国,1,250
202501,江西省,马来西亚,6,277
202501,江西省,泰国,140,187968
202501,江西省,新加坡,157,12873
202501,江西省,其他,1,2627
202501,河北省,中国台湾,181,30221
202501,河北省,其他,355,106405
202501,河南省,马来西亚,0,3
202501,河南省,墨西哥,0,7
202501,河南省,中国香港,8,17482
202501,河南省,新加坡,1,4364
202501,河南省,其他,48,70082
202501,浙江省,美国,146,97879
202501,浙江省,马来西亚,219,122449
202501,浙江省,泰国,90,84841
202501,浙江省,中国台湾,3436,4624211
202501,浙江省,墨西哥,50,32648
202501,浙江省,中国香港,1467,1976711
202501,浙江省,荷兰,136,79215
202501,浙江省,新加坡,650,863957
202501,浙江省,其他,5046,2757044
202501,海南省,泰国,0,1198
202501,海南省,其他,21,2482
202501,湖北省,美国,10870,15261841
202501,湖北省,马来西亚,5465,3405754
202501,湖北省,泰国,3327,5727937
202501,湖北省,中国台湾,280,286829
202501,湖北省,墨西哥,5083,3946011
202501,湖北省,中国香港,375,937191
202501,湖北省,荷兰,5305,3449772
202501,湖北省,新加坡,2047,3044430
202501,湖北省,其他,11109,10480766
202501,湖南省,美国,0,3352
202501,湖南省,马来西亚,106,74130
202501,湖南省,中国台湾,23,11550
202501,湖南省,其他,307,140194
202501,福建省,美国,1,423
202501,福建省,马来西亚,34,38592
202501,福建省,泰国,63,36272
202501,福建省,中国台湾,8,9773
202501,福建省,墨西哥,3,4180
202501,福建省,中国香港,19,31512
202501,福建省,新加坡,21,5690
202501,福建省,其他,306,288684
202501,贵州省,美国,0,5
202501,贵州省,马来西亚,0,6
202501,贵州省,泰国,1,208
202501,贵州省,墨西哥,1,25
202501,贵州省,中国香港,6,1605
202501,贵州省,新加坡,38,31716
202501,贵州省,其他,229,59742
202501,辽宁省,其他,67,80328
202501,重庆市,泰国,10,2696
202501,重庆市,其他,29,23129
202501,陕西省,墨西哥,3,414
202501,陕西省,中国香港,64,154000
202501,陕西省,其他,174,307196
202501,黑龙江省,其他,24,7418
202502,上海市,美国,2919,17277733
202502,上海市,马来西亚,1958,1210845
202502,上海市,泰国,276,428919
202502,上海市,中国台湾,31,10897
202502,上海市,墨西哥,66,126000
202502,上海市,中国香港,68,98193
202502,上海市,荷兰,37,28646
202502,上海市,新加坡,40,6316
202502,上海市,其他,968,556199
202502,云南省,其他,1,37
202502,北京市,美国,3,7221
202502,北京市,墨西哥,1,3540
202502,北京市,中国香港,12,40725
202502,北京市,新加坡,1,518
202502,北京市,其他,201,286904
202502,四川省,美国,17455,55755142
202502,四川省,马来西亚,32,41895
202502,四川省,泰国,8729,16669409
202502,四川省,中国台湾,6732,8691771
202502,四川省,墨西哥,1112,3159611
202502,四川省,中国香港,341,670586
202502,四川省,荷兰,1109,825643
202502,四川省,新加坡,105,298953
202502,四川省,其他,7528,4200755
202502,天津市,中国台湾,42,5239
202502,天津市,其他,98,5740
202502,安徽省,美国,1,9960
202502,安徽省,泰国,1,533
202502,安徽省,中国台湾,32,9313
202502,安徽省,中国香港,51,199636
202502,安徽省,其他,885,266162
202502,山东省,美国,25,13203
202502,山东省,马来西亚,1690,5553022
202502,山东省,泰国,4,2280
202502,山东省,中国台湾,318,82049
202502,山东省,墨西哥,187,10994
202502,山东省,中国香港,278,134309
202502,山东省,新加坡,300,31529
202502,山东省,其他,1170,226602
202502,广东省,美国,9390,12145277
202502,广东省,马来西亚,2162,2216911
202502,广东省,泰国,1507,2733261
202502,广东省,中国台湾,6503,4462738
202502,广东省,墨西哥,888,905911
202502,广东省,中国香港,1595,1917698
202502,广东省,荷兰,2653,1211192
202502,广东省,新加坡,4031,2695487
202502,广东省,其他,39617,26340921
202502,广西壮族自治区,美国,3,266
202502,广西壮族自治区,马来西亚,0,2450
202502,广西壮族自治区,泰国,1,356
202502,广西壮族自治区,墨西哥,5,200
202502,广西壮族自治区,荷兰,0,7
202502,广西壮族自治区,新加坡,3,713
202502,广西壮族自治区,其他,219,270122
202502,新疆维吾尔自治区,其他,20,12569
202502,江苏省,美国,32702,28377359
202502,江苏省,马来西亚,41854,78446363
202502,江苏省,泰国,2131,6019504
202502,江苏省,中国台湾,338,697396
202502,江苏省,墨西哥,1271,3955526
202502,江苏省,中国香港,2000,3916388
202502,江苏省,荷兰,908,1476181
202502,江苏省,新加坡,1076,641670
202502,江苏省,其他,9845,5123096
202502,河北省,中国台湾,183,36457
202502,河北省,其他,924,91059
202502,河南省,马来西亚,25,8305
202502,河南省,墨西哥,0,45
202502,河南省,中国香港,0,7
202502,河南省,新加坡,0,2571
202502,河南省,其他,175,245928
202502,浙江省,美国,46,59637
202502,浙江省,马来西亚,149,98930
202502,浙江省,泰国,4199,75107
202502,浙江省,中国台湾,3660,4325656
202502,浙江省,墨西哥,10,7371
202502,浙江省,中国香港,615,704152
202502,浙江省,荷兰,991,835004
202502,浙江省,新加坡,713,908629
202502,浙江省,其他,2586,1552125
202502,海南省,中国香港,93,60156
202502,湖北省,美国,2902,4875759
202502,湖北省,马来西亚,4305,3002145
202502,湖北省,泰国,1943,1164799
202502,湖北省,中国台湾,295,190539
202502,湖北省,墨西哥,1680,1794961
202502,湖北省,中国香港,401,827618
202502,湖北省,荷兰,2293,2003558
202502,湖北省,新加坡,779,819138
202502,湖北省,其他,7794,6830823
202502,湖南省,马来西亚,85,60390
202502,湖南省,泰国,13,15535
202502,湖南省,中国台湾,4,4800
202502,湖南省,中国香港,2,3574
202502,湖南省,其他,102,106007
202502,福建省,美国,2,2920
202502,福建省,马来西亚,17,21362
202502,福建省,泰国,5,4941
202502,福建省,中国台湾,31,29060
202502,福建省,墨西哥,0,17848
202502,福建省,中国香港,1,8215
202502,福建省,新加坡,45,53086
202502,福建省,其他,195,182023
202502,贵州省,泰国,25,13483
202502,贵州省,中国香港,29,31078
202502,贵州省,荷兰,15,4216
202502,贵州省,新加坡,131,99268
202502,贵州省,其他,130,39262
202502,辽宁省,其他,195,73681
202502,重庆市,其他,528,37481
202502,陕西省,美国,1,174
202502,陕西省,泰国,1,900
202502,陕西省,其他,4,4948
202502,黑龙江省,马来西亚,0,421
202502,黑龙江省,墨西哥,0,92
202502,黑龙江省,其他,4,687
202503,上海市,美国,20231,51647831
202503,上海市,马来西亚,2341,1380424
202503,上海市,中国香港,322,110297
202503,上海市,泰国,61,205482
202503,上海市,中国台湾,96,246978
202503,上海市,荷兰,465,290752
202503,上海市,新加坡,20,74201
202503,上海市,其他,3246,3905630
202503,北京市,美国,48,187999
202503,北京市,马来西亚,67,19632
202503,北京市,中国香港,10,168860
202503,北京市,新加坡,3,2318
202503,北京市,其他,238,143215
202503,四川省,美国,15653,45762559
202503,四川省,马来西亚,1474,2863966
202503,四川省,爱尔兰,15521,44133642
202503,四川省,中国香港,531,551633
202503,四川省,泰国,7337,12992359
202503,四川省,中国台湾,5532,6835092
202503,四川省,荷兰,2016,2593751
202503,四川省,新加坡,1852,5541874
202503,四川省,其他,10248,8616500
202503,天津市,荷兰,3,585
202503,天津市,其他,162,37014
202503,安徽省,美国,1,3172
202503,安徽省,中国香港,654,87280
202503,安徽省,泰国,95,1574
202503,安徽省,中国台湾,34,10348
202503,安徽省,新加坡,3,196
202503,安徽省,其他,2318,538738
202503,山东省,美国,255,140893
202503,山东省,马来西亚,2384,3772657
202503,山东省,中国香港,75,44232
202503,山东省,泰国,241,20904
202503,山东省,中国台湾,117,108161
202503,山东省,荷兰,0,6
202503,山东省,新加坡,336,65347
202503,山东省,其他,5135,862477
202503,广东省,美国,20620,26002789
202503,广东省,马来西亚,2659,2528599
202503,广东省,爱尔兰,106,105593
202503,广东省,中国香港,4510,8297991
202503,广东省,泰国,1600,1346852
202503,广东省,中国台湾,10346,7928664
202503,广东省,荷兰,4583,9418272
202503,广东省,新加坡,3197,4540441
202503,广东省,其他,61788,35018145
202503,广西壮族自治区,马来西亚,5,1240
202503,广西壮族自治区,泰国,5,18608
202503,广西壮族自治区,新加坡,0,120
202503,广西壮族自治区,其他,219,254680
202503,新疆维吾尔自治区,美国,3,340
202503,新疆维吾尔自治区,新加坡,24,2421
202503,新疆维吾尔自治区,其他,3305,185153
202503,江苏省,美国,48689,53288997
202503,江苏省,马来西亚,64642,120904794
202503,江苏省,爱尔兰,9313,2067018
202503,江苏省,中国香港,3539,10179356
202503,江苏省,泰国,3056,10542978
202503,江苏省,中国台湾,1066,961319
202503,江苏省,荷兰,1602,2111932
202503,江苏省,新加坡,2102,2656657
202503,江苏省,其他,13180,14509623
202503,江西省,美国,5,2700
202503,江西省,其他,8,2344
202503,河北省,中国台湾,92,14680
202503,河北省,其他,59,9600
202503,河南省,马来西亚,182,218980
202503,河南省,中国香港,386,2252593
202503,河南省,其他,256,337501
202503,浙江省,美国,133,317196
202503,浙江省,马来西亚,403,269368
202503,浙江省,爱尔兰,1408,1277384
202503,浙江省,中国香港,685,2048515
202503,浙江省,泰国,30,85216
202503,浙江省,中国台湾,5684,8311159
202503,浙江省,荷兰,435,639639
202503,浙江省,新加坡,1576,1972356
202503,浙江省,其他,10756,1948761
202503,海南省,泰国,5,7888
202503,湖北省,美国,2093,4881094
202503,湖北省,马来西亚,32791,34995911
202503,湖北省,中国香港,1066,4991701
202503,湖北省,泰国,3314,1948814
202503,湖北省,中国台湾,618,832256
202503,湖北省,荷兰,4326,3504134
202503,湖北省,新加坡,1895,2062082
202503,湖北省,其他,19828,19229482
202503,湖南省,美国,1,4348
202503,湖南省,马来西亚,137,108971
202503,湖南省,中国台湾,23,12035
202503,湖南省,其他,364,69128
202503,甘肃省,马来西亚,1,300
202503,甘肃省,其他,1,222
202503,福建省,美国,6,7204
202503,福建省,马来西亚,49,168060
202503,福建省,中国香港,3,9577
202503,福建省,泰国,53,21710
202503,福建省,中国台湾,3,6133
202503,福建省,新加坡,4,5986
202503,福建省,其他,332,323348
202503,贵州省,爱尔兰,24,8973
202503,贵州省,中国香港,34,8017
202503,贵州省,泰国,30,3606
202503,贵州省,新加坡,105,65670
202503,贵州省,其他,200,77861
202503,辽宁省,马来西亚,1,144
202503,辽宁省,爱尔兰,2,22766
202503,辽宁省,中国香港,0,72168
202503,辽宁省,中国台湾,0,2984
202503,辽宁省,其他,74,83575
202503,重庆市,其他,36,28808
202503,陕西省,荷兰,3,1870
202503,陕西省,其他,36,3152
202503,黑龙江省,美国,68,2365
202503,黑龙江省,马来西亚,306,16566
202503,黑龙江省,中国香港,9,3232
202503,黑龙江省,新加坡,6,551
202503,黑龙江省,其他,6573,251516
202504,上海市,马来西亚,2244,1241847
202504,上海市,美国,19738,23317031
202504,上海市,泰国,1344,3622830
202504,上海市,中国香港,323,508284
202504,上海市,中国台湾,73,24212
202504,上海市,墨西哥,179,471789
202504,上海市,荷兰,426,242169
202504,上海市,新加坡,11,20928
202504,上海市,其他,2286,1992422
202504,云南省,泰国,0,20
202504,北京市,马来西亚,184,336823
202504,北京市,美国,21,24927
202504,北京市,泰国,0,1611
202504,北京市,中国香港,67,304533
202504,北京市,新加坡,1,1847
202504,北京市,其他,170,220383
202504,四川省,马来西亚,147,572383
202504,四川省,美国,7238,18159577
202504,四川省,泰国,32112,63221219
202504,四川省,中国香港,390,228887
202504,四川省,中国台湾,6232,5981873
202504,四川省,墨西哥,859,2097324
202504,四川省,荷兰,2099,1997244
202504,四川省,新加坡,447,1478500
202504,四川省,其他,10986,9174680
202504,天津市,中国香港,1,3191
202504,天津市,其他,4554,5423012
202504,安徽省,美国,1,2694
202504,安徽省,中国香港,122,38432
202504,安徽省,中国台湾,525,1991550
202504,安徽省,其他,2076,414353
202504,山东省,马来西亚,1593,2450861
202504,山东省,美国,8,53545
202504,山东省,泰国,62,288146
202504,山东省,中国香港,44,17047
202504,山东省,中国台湾,951,299934
202504,山东省,墨西哥,24,3725
202504,山东省,新加坡,389,65309
202504,山东省,其他,3849,199355
202504,山西省,其他,7,712
202504,广东省,马来西亚,5093,5051395
202504,广东省,美国,14701,11352166
202504,广东省,泰国,1241,637945
202504,广东省,中国香港,4960,12438336
202504,广东省,中国台湾,7511,5861605
202504,广东省,墨西哥,1558,3471144
202504,广东省,荷兰,6202,6052990
202504,广东省,新加坡,3123,4296340
202504,广东省,其他,47439,29574734
202504,广西壮族自治区,其他,684,468779
202504,新疆维吾尔自治区,马来西亚,8,2395
202504,新疆维吾尔自治区,美国,44,108
202504,新疆维吾尔自治区,泰国,0,10
202504,新疆维吾尔自治区,中国香港,0,28
202504,新疆维吾尔自治区,荷兰,1,34
202504,新疆维吾尔自治区,新加坡,3,2244
202504,新疆维吾尔自治区,其他,10838,75215
202504,江苏省,马来西亚,36733,90695594
202504,江苏省,美国,15669,38277147
202504,江苏省,泰国,2086,6590542
202504,江苏省,中国香港,2959,6534992
202504,江苏省,中国台湾,608,686223
202504,江苏省,墨西哥,2219,12307915
202504,江苏省,荷兰,541,1546008
202504,江苏省,新加坡,9723,3756318
202504,江苏省,其他,19828,7486791
202504,江西省,美国,5,10600
202504,江西省,其他,8,5294
202504,河北省,泰国,0,700
202504,河北省,中国台湾,109,19779
202504,河北省,其他,8,1794
202504,河南省,马来西亚,79,29597
202504,河南省,中国香港,201,952062
202504,河南省,其他,160,256362
202504,浙江省,马来西亚,714,522671
202504,浙江省,美国,341,341645
202504,浙江省,泰国,34,77541
202504,浙江省,中国香港,537,1079636
202504,浙江省,中国台湾,4962,6231387
202504,浙江省,墨西哥,39,82355
202504,浙江省,荷兰,138,109672
202504,浙江省,新加坡,994,984573
202504,浙江省,其他,7175,2789143
202504,海南省,泰国,4,4560
202504,海南省,其他,66,4492
202504,湖北省,马来西亚,16492,21770030
202504,湖北省,美国,2187,3720047
202504,湖北省,泰国,3699,2069281
202504,湖北省,中国香港,538,500844
202504,湖北省,中国台湾,271,107192
202504,湖北省,墨西哥,2587,2316054
202504,湖北省,荷兰,4195,2955023
202504,湖北省,新加坡,1611,1961842
202504,湖北省,其他,13170,10953401
202504,湖南省,马来西亚,168,121720
202504,湖南省,美国,1,3760
202504,湖南省,中国香港,88,68000
202504,湖南省,中国台湾,59,34981
202504,湖南省,其他,481,51883
202504,福建省,马来西亚,86,137672
202504,福建省,美国,3,5325
202504,福建省,泰国,356,2262430
202504,福建省,中国香港,26,48226
202504,福建省,中国台湾,8,80414
202504,福建省,墨西哥,0,60237
202504,福建省,新加坡,4,5026
202504,福建省,其他,236,357523
202504,贵州省,马来西亚,46,41869
202504,贵州省,泰国,53,40852
202504,贵州省,中国香港,1,1854
202504,贵州省,新加坡,56,25817
202504,贵州省,其他,248,62471
202504,辽宁省,马来西亚,0,22
202504,辽宁省,美国,0,1051
202504,辽宁省,中国香港,0,174338
202504,辽宁省,其他,63,42601
202504,重庆市,新加坡,0,15
202504,重庆市,其他,8,8876
202504,陕西省,中国香港,64,154000
202504,陕西省,其他,33,11654
202504,黑龙江省,美国,0,105
202504,黑龙江省,墨西哥,1,369
202504,黑龙江省,其他,0,19
202505,上海市,马来西亚,3008,1662723
202505,上海市,泰国,513,1581766
202505,上海市,美国,14016,7464626
202505,上海市,中国香港,198,292092
202505,上海市,中国台湾,52,20002
202505,上海市,墨西哥,5,72176
202505,上海市,荷兰,126,107944
202505,上海市,其他,4119,2467920
202505,云南省,其他,4,541
202505,北京市,马来西亚,338,584649
202505,北京市,美国,6,7700
202505,北京市,中国香港,14,58006
202505,北京市,其他,266,512204
202505,吉林省,其他,9,11664
202505,四川省,马来西亚,38,91242
202505,四川省,泰国,18333,48336439
202505,四川省,美国,2580,5559158
202505,四川省,中国香港,390,340187
202505,四川省,中国台湾,10069,10225282
202505,四川省,墨西哥,939,1366837
202505,四川省,爱尔兰,45,267150
202505,四川省,荷兰,1935,3362198
202505,四川省,其他,8587,6682452
202505,天津市,中国台湾,61,15944
202505,天津市,荷兰,50,23337
202505,天津市,其他,35,3234
202505,安徽省,马来西亚,2,13000
202505,安徽省,泰国,380,15874
202505,安徽省,美国,1,300
202505,安徽省,中国台湾,585,2307862
202505,安徽省,其他,2066,394163
202505,山东省,马来西亚,61,129023
202505,山东省,泰国,32,277320
202505,山东省,美国,53,206206
202505,山东省,中国香港,60,6967
202505,山东省,中国台湾,86,45426
202505,山东省,墨西哥,35,4926
202505,山东省,荷兰,0,12
202505,山东省,其他,2243,1267752
202505,广东省,马来西亚,6158,5652106
202505,广东省,泰国,828,635959
202505,广东省,美国,21128,17785963
202505,广东省,中国香港,5779,14486347
202505,广东省,中国台湾,5544,6514245
202505,广东省,墨西哥,1107,2647117
202505,广东省,爱尔兰,71,137080
202505,广东省,荷兰,6246,13588403
202505,广东省,其他,49370,36685137
202505,广西壮族自治区,其他,455,389137
202505,新疆维吾尔自治区,马来西亚,135,1997
202505,新疆维吾尔自治区,美国,42,1164
202505,新疆维吾尔自治区,中国香港,57,14946
202505,新疆维吾尔自治区,墨西哥,1,98
202505,新疆维吾尔自治区,其他,1076,75576
202505,江苏省,马来西亚,45068,121431859
202505,江苏省,泰国,1654,2887959
202505,江苏省,美国,3412,6221961
202505,江苏省,中国香港,5807,13803502
202505,江苏省,中国台湾,455,751344
202505,江苏省,墨西哥,4631,23646919
202505,江苏省,爱尔兰,15939,22953617
202505,江苏省,荷兰,478,1340821
202505,江苏省,其他,19937,8857355
202505,江西省,马来西亚,10,12728
202505,江西省,其他,1,315
202505,河北省,泰国,1,16383
202505,河北省,美国,1,9144
202505,河北省,中国台湾,34,8814
202505,河北省,其他,79,16108
202505,河南省,马来西亚,48,10683
202505,河南省,泰国,0,138
202505,河南省,中国香港,156,994177
202505,河南省,其他,136,202065
202505,浙江省,马来西亚,593,751946
202505,浙江省,泰国,50,22352
202505,浙江省,美国,265,231056
202505,浙江省,中国香港,143,314692
202505,浙江省,中国台湾,5393,9047764
202505,浙江省,墨西哥,47,41116
202505,浙江省,爱尔兰,1238,953506
202505,浙江省,荷兰,289,509537
202505,浙江省,其他,6150,2920658
202505,海南省,泰国,0,136
202505,海南省,其他,5,1864
202505,湖北省,马来西亚,8091,8477206
202505,湖北省,泰国,6290,5634061
202505,湖北省,美国,2537,3156333
202505,湖北省,中国香港,503,1212695
202505,湖北省,中国台湾,829,376736
202505,湖北省,墨西哥,2225,1386172
202505,湖北省,爱尔兰,0,190
202505,湖北省,荷兰,4660,3339791
202505,湖北省,其他,15437,14449319
202505,湖南省,马来西亚,83,55897
202505,湖南省,中国台湾,41,27623
202505,湖南省,其他,23,11513
202505,福建省,马来西亚,95,122059
202505,福建省,泰国,3,4935
202505,福建省,美国,4,4134
202505,福建省,中国香港,13,21869
202505,福建省,中国台湾,14,20017
202505,福建省,墨西哥,2,2029
202505,福建省,其他,673,351548
202505,贵州省,泰国,10,9237
202505,贵州省,中国香港,47,41610
202505,贵州省,爱尔兰,116,324215
202505,贵州省,其他,83,55626
202505,辽宁省,美国,0,321
202505,辽宁省,中国香港,0,169128
202505,辽宁省,爱尔兰,3,25333
202505,辽宁省,其他,279,196338
202505,重庆市,其他,7,46202
202505,陕西省,美国,1,354
202505,陕西省,荷兰,1,409
202505,陕西省,其他,4,3108
202505,黑龙江省,其他,8,2999
202506,上海市,马来西亚,4894,9237822
202506,上海市,美国,358,1132351
202506,上海市,中国香港,319,212812
202506,上海市,中国台湾,73,136526
202506,上海市,泰国,247,654221
202506,上海市,墨西哥,86,180180
202506,上海市,荷兰,305,223993
202506,上海市,爱尔兰,0,1330
202506,上海市,其他,2815,1900048
202506,云南省,其他,31,22147
202506,北京市,马来西亚,47,134403
202506,北京市,美国,1,10937
202506,北京市,中国香港,8,26073
202506,北京市,中国台湾,0,6205
202506,北京市,其他,126,189409
202506,四川省,马来西亚,144,150909
202506,四川省,美国,1965,3687758
202506,四川省,中国香港,539,332503
202506,四川省,中国台湾,8678,9009592
202506,四川省,泰国,6520,17078089
202506,四川省,墨西哥,929,3122999
202506,四川省,荷兰,968,1118434
202506,四川省,其他,11064,7112306
202506,天津市,中国香港,1,684
202506,天津市,荷兰,92,35424
202506,天津市,其他,113,51369
202506,安徽省,中国香港,52,21901
202506,安徽省,中国台湾,68,174977
202506,安徽省,泰国,1200,48948
202506,安徽省,其他,1515,368533
202506,山东省,马来西亚,1902,2083208
202506,山东省,美国,64,13859
202506,山东省,中国香港,134,31998
202506,山东省,中国台湾,193,37147
202506,山东省,泰国,37,236315
202506,山东省,墨西哥,19,2519
202506,山东省,荷兰,0,59
202506,山东省,其他,2428,336762
202506,山西省,其他,1,1203
202506,广东省,马来西亚,5531,6638482
202506,广东省,美国,15593,21037646
202506,广东省,中国香港,5701,14836732
202506,广东省,中国台湾,5460,6601391
202506,广东省,泰国,569,743446
202506,广东省,墨西哥,1267,783155
202506,广东省,荷兰,3398,6149904
202506,广东省,爱尔兰,33,41643
202506,广东省,其他,49804,33545933
202506,广西壮族自治区,马来西亚,272,94866
202506,广西壮族自治区,其他,370,81591
202506,新疆维吾尔自治区,美国,16,1740
202506,新疆维吾尔自治区,中国香港,2,2904
202506,新疆维吾尔自治区,其他,109,13951
202506,江苏省,马来西亚,60557,128154693
202506,江苏省,美国,7183,15351320
202506,江苏省,中国香港,6197,16359481
202506,江苏省,中国台湾,518,533919
202506,江苏省,泰国,2405,4234206
202506,江苏省,墨西哥,2228,10879180
202506,江苏省,荷兰,1365,1672919
202506,江苏省,爱尔兰,15551,8169225
202506,江苏省,其他,16846,7053011
202506,江西省,马来西亚,18,69318
202506,江西省,美国,5,10600
202506,河北省,中国台湾,95,19859
202506,河北省,泰国,178,28523
202506,河北省,其他,1356,50827
202506,河南省,马来西亚,21,4746
202506,河南省,中国香港,238,2013226
202506,河南省,其他,4474,352503
202506,浙江省,马来西亚,773,892497
202506,浙江省,美国,529,202526
202506,浙江省,中国香港,1632,1985546
202506,浙江省,中国台湾,6263,12878603
202506,浙江省,泰国,40,58388
202506,浙江省,墨西哥,15,3314
202506,浙江省,荷兰,128,250534
202506,浙江省,爱尔兰,856,701443
202506,浙江省,其他,3521,2724841
202506,海南省,其他,0,282
202506,湖北省,马来西亚,13895,16081995
202506,湖北省,美国,2666,2893954
202506,湖北省,中国香港,1056,1720503
202506,湖北省,中国台湾,1763,1531243
202506,湖北省,泰国,4373,5199965
202506,湖北省,墨西哥,1896,1340064
202506,湖北省,荷兰,3989,2410759
202506,湖北省,其他,14068,12041918
202506,湖南省,马来西亚,141,104990
202506,湖南省,美国,0,3900
202506,湖南省,中国台湾,24,26268
202506,湖南省,其他,502,40544
202506,福建省,马来西亚,28,30758
202506,福建省,美国,0,849
202506,福建省,中国香港,53,358989
202506,福建省,中国台湾,10,17299
202506,福建省,泰国,40,124332
202506,福建省,墨西哥,8,51226
202506,福建省,荷兰,1,100
202506,福建省,其他,448,247746
202506,贵州省,中国香港,57,53835
202506,贵州省,泰国,15,6202
202506,贵州省,荷兰,40,10920
202506,贵州省,爱尔兰,20,18096
202506,贵州省,其他,119,82971
202506,辽宁省,美国,1,7265
202506,辽宁省,中国香港,0,117443
202506,辽宁省,爱尔兰,4,18537
202506,辽宁省,其他,105,144038
202506,重庆市,美国,27,670
202506,重庆市,其他,0,672
202506,陕西省,墨西哥,24,8567
202506,陕西省,荷兰,0,207
202506,陕西省,其他,25,8094
202506,黑龙江省,其他,358,13028
202507,上海市,马来西亚,1365,2968995
202507,上海市,美国,511,1426520
202507,上海市,泰国,1521,3858070
202507,上海市,中国台湾,66,127463
202507,上海市,中国香港,203,229874
202507,上海市,墨西哥,143,205774
202507,上海市,新加坡,63,136977
202507,上海市,德国,0,111
202507,上海市,其他,4195,4031188
202507,云南省,泰国,0,1303
202507,云南省,其他,25,11020
202507,内蒙古自治区,马来西亚,0,21
202507,内蒙古自治区,新加坡,0,28
202507,北京市,马来西亚,32,180387
202507,北京市,美国,3,5004
202507,北京市,中国香港,1439,2552376
202507,北京市,新加坡,17,49976
202507,北京市,德国,71,27230
202507,北京市,其他,488,374050
202507,四川省,马来西亚,25,117100
202507,四川省,美国,2285,7174028
202507,四川省,泰国,5934,18453125
202507,四川省,中国台湾,11778,13864891
202507,四川省,中国香港,495,656994
202507,四川省,墨西哥,1298,2506812
202507,四川省,新加坡,528,838479
202507,四川省,德国,1424,704908
202507,四川省,其他,6732,5808547
202507,天津市,其他,38,13402
202507,安徽省,中国台湾,1,1000
202507,安徽省,中国香港,74,101271
202507,安徽省,德国,4,62470
202507,安徽省,其他,1101,280129
202507,山东省,马来西亚,1689,2317635
202507,山东省,美国,420,84275
202507,山东省,泰国,171,478543
202507,山东省,中国台湾,340,109360
202507,山东省,中国香港,54,290364
202507,山东省,墨西哥,0,28
202507,山东省,新加坡,131,68123
202507,山东省,其他,4192,420486
202507,广东省,马来西亚,5248,4911954
202507,广东省,美国,13328,11118946
202507,广东省,泰国,674,725860
202507,广东省,中国台湾,4133,4302203
202507,广东省,中国香港,3544,4276186
202507,广东省,墨西哥,1325,5713527
202507,广东省,新加坡,2646,3361665
202507,广东省,德国,6321,3280999
202507,广东省,其他,48053,23252584
202507,广西壮族自治区,美国,1,2040
202507,广西壮族自治区,其他,1330,517637
202507,新疆维吾尔自治区,马来西亚,800,1200
202507,新疆维吾尔自治区,美国,20,24
202507,新疆维吾尔自治区,其他,504,22237
202507,江苏省,马来西亚,47305,126944141
202507,江苏省,美国,4826,7862417
202507,江苏省,泰国,2122,1696298
202507,江苏省,中国台湾,1090,3415220
202507,江苏省,中国香港,6102,12362161
202507,江苏省,墨西哥,521,1818736
202507,江苏省,新加坡,7025,5734028
202507,江苏省,德国,229,1301823
202507,江苏省,其他,15197,12180437
202507,江西省,马来西亚,6,34449
202507,江西省,其他,131,11487
202507,河北省,泰国,1,25146
202507,河北省,中国台湾,133,20402
202507,河北省,其他,1061,23957
202507,河南省,马来西亚,68,19436
202507,河南省,中国香港,164,923782
202507,河南省,墨西哥,0,60
202507,河南省,新加坡,0,7
202507,河南省,其他,106,104588
202507,浙江省,马来西亚,98,69220
202507,浙江省,美国,55,142542
202507,浙江省,泰国,283,134214
202507,浙江省,中国台湾,5268,8172945
202507,浙江省,中国香港,222,487372
202507,浙江省,墨西哥,6,2504
202507,浙江省,新加坡,767,780293
202507,浙江省,德国,41,77371
202507,浙江省,其他,2957,2386907
202507,湖北省,马来西亚,12472,16675735
202507,湖北省,美国,3235,4193588
202507,湖北省,泰国,4845,6108924
202507,湖北省,中国台湾,1078,1057361
202507,湖北省,中国香港,888,990125
202507,湖北省,墨西哥,3269,3119467
202507,湖北省,新加坡,1169,1182838
202507,湖北省,德国,3344,3811938
202507,湖北省,其他,19197,11885077
202507,湖南省,马来西亚,128,97023
202507,湖南省,泰国,182,15687
202507,湖南省,中国台湾,62,33951
202507,湖南省,中国香港,402,866042
202507,湖南省,墨西哥,27,14160
202507,湖南省,德国,0,3000
202507,湖南省,其他,1809,66831
202507,福建省,马来西亚,21,25524
202507,福建省,美国,0,749
202507,福建省,泰国,6,10618
202507,福建省,中国台湾,18,23220
202507,福建省,中国香港,20,27314
202507,福建省,墨西哥,6,6057
202507,福建省,新加坡,8,11467
202507,福建省,其他,762,395272
202507,贵州省,马来西亚,2,2060
202507,贵州省,中国香港,91,72419
202507,贵州省,新加坡,47,41445
202507,贵州省,德国,50,15301
202507,贵州省,其他,228,96593
202507,辽宁省,中国香港,0,145280
202507,辽宁省,其他,309,249308
202507,重庆市,新加坡,0,40
202507,重庆市,其他,0,3228
202507,陕西省,马来西亚,0,51
202507,陕西省,泰国,1,1380
202507,陕西省,中国香港,155,452565
202507,陕西省,墨西哥,4,3450
202507,陕西省,新加坡,1,29
202507,陕西省,其他,42,14236
202507,黑龙江省,其他,1006,271457
202508,上海市,马来西亚,3724,1631764
202508,上海市,中国台湾,58,28572
202508,上海市,美国,895,594041
202508,上海市,泰国,834,2414675
202508,上海市,中国香港,247,239724
202508,上海市,墨西哥,111,175876
202508,上海市,新加坡,231,272906
202508,上海市,德国,1,2536
202508,上海市,其他,2336,1934409
202508,云南省,其他,600,6883
202508,北京市,中国台湾,2,4163
202508,北京市,美国,10,40698
202508,北京市,泰国,1,117
202508,北京市,中国香港,248,324241
202508,北京市,新加坡,1,1191
202508,北京市,德国,30,34254
202508,北京市,其他,586,929401
202508,四川省,马来西亚,419,856061
202508,四川省,中国台湾,15157,16988266
202508,四川省,美国,2017,8062566
202508,四川省,泰国,4898,13772166
202508,四川省,中国香港,415,298337
202508,四川省,墨西哥,1540,2385221
202508,四川省,新加坡,603,1156646
202508,四川省,德国,1898,887294
202508,四川省,其他,7147,5159320
202508,天津市,马来西亚,2,5349
202508,天津市,中国台湾,201,24849
202508,天津市,其他,231,82101
202508,安徽省,中国台湾,56,33790
202508,安徽省,美国,2,2328
202508,安徽省,中国香港,82,37927
202508,安徽省,其他,1850,1219792
202508,山东省,马来西亚,750,614524
202508,山东省,中国台湾,215,57962
202508,山东省,美国,322,205110
202508,山东省,泰国,443,381436
202508,山东省,中国香港,68,82935
202508,山东省,新加坡,85,78203
202508,山东省,德国,12,25485
202508,山东省,其他,8947,1962721
202508,山西省,其他,16,1757
202508,广东省,马来西亚,4366,3605527
202508,广东省,中国台湾,3997,3607117
202508,广东省,美国,17453,13108280
202508,广东省,泰国,720,461143
202508,广东省,中国香港,4051,7823005
202508,广东省,墨西哥,3276,14604902
202508,广东省,新加坡,3092,4983656
202508,广东省,德国,3022,2373092
202508,广东省,其他,48516,25113345
202508,广西壮族自治区,马来西亚,3,10500
202508,广西壮族自治区,美国,1,850
202508,广西壮族自治区,中国香港,2,2844
202508,广西壮族自治区,新加坡,22,6389
202508,广西壮族自治区,其他,488,217776
202508,新疆维吾尔自治区,其他,1002,3914
202508,江苏省,马来西亚,45826,129951734
202508,江苏省,中国台湾,243,327625
202508,江苏省,美国,4675,7871669
202508,江苏省,泰国,2579,5703825
202508,江苏省,中国香港,8556,12691455
202508,江苏省,墨西哥,391,1112506
202508,江苏省,新加坡,2309,1483677
202508,江苏省,德国,104,626542
202508,江苏省,其他,15320,10751750
202508,江西省,马来西亚,22,138989
202508,江西省,其他,628,8615
202508,河北省,其他,1982,1294428
202508,河南省,马来西亚,22,5750
202508,河南省,泰国,1,194
202508,河南省,中国香港,7,351
202508,河南省,墨西哥,0,857
202508,河南省,其他,4642,177925
202508,浙江省,马来西亚,75,137230
202508,浙江省,中国台湾,9366,15166175
202508,浙江省,美国,107,303349
202508,浙江省,泰国,10,33449
202508,浙江省,中国香港,276,785977
202508,浙江省,墨西哥,66,84561
202508,浙江省,新加坡,580,1571593
202508,浙江省,德国,29,51311
202508,浙江省,其他,3558,2528777
202508,海南省,马来西亚,9,1041
202508,海南省,美国,0,19
202508,海南省,新加坡,6,1690
202508,海南省,其他,77,10461
202508,湖北省,马来西亚,6280,8212677
202508,湖北省,中国台湾,1337,2381524
202508,湖北省,美国,2823,5334008
202508,湖北省,泰国,4329,2274917
202508,湖北省,中国香港,1147,1976428
202508,湖北省,墨西哥,1626,1157886
202508,湖北省,新加坡,900,813125
202508,湖北省,德国,2522,3198481
202508,湖北省,其他,12959,9077950
202508,湖南省,马来西亚,50,42408
202508,湖南省,中国台湾,60,43272
202508,湖南省,泰国,1,173
202508,湖南省,中国香港,14,26555
202508,湖南省,其他,637,27708
202508,福建省,马来西亚,55,112923
202508,福建省,中国台湾,12,53369
202508,福建省,美国,13,1386
202508,福建省,泰国,312,13049
202508,福建省,中国香港,16,25792
202508,福建省,墨西哥,6,7168
202508,福建省,新加坡,21,39665
202508,福建省,德国,0,618
202508,福建省,其他,2634,479665
202508,贵州省,马来西亚,0,261
202508,贵州省,中国香港,63,38354
202508,贵州省,新加坡,211,165720
202508,贵州省,德国,32,13908
202508,贵州省,其他,113,46376
202508,辽宁省,中国台湾,0,2078
202508,辽宁省,泰国,240,5184
202508,辽宁省,其他,2840,233803
202508,重庆市,泰国,0,935
202508,重庆市,其他,4716,28541
202508,陕西省,中国香港,88,182500
202508,陕西省,其他,22,113149
202508,黑龙江省,其他,170,84926
202509,上海市,马来西亚,5530,9028931
202509,上海市,泰国,5015,14545145
202509,上海市,美国,281,506858
202509,上海市,中国台湾,6,12893
202509,上海市,中国香港,24,105786
202509,上海市,墨西哥,159,403059
202509,上海市,荷兰,26,49921
202509,上海市,德国,4,4670
202509,上海市,其他,3186,3335836
202509,云南省,其他,129,2097
202509,北京市,马来西亚,9,2909
202509,北京市,美国,29,28620
202509,北京市,中国台湾,0,663
202509,北京市,中国香港,20,47069
202509,北京市,德国,13,15085
202509,北京市,其他,429,265408
202509,四川省,马来西亚,33,212787
202509,四川省,泰国,9557,41367971
202509,四川省,美国,4251,16773480
202509,四川省,中国台湾,14765,17882355
202509,四川省,中国香港,165,243023
202509,四川省,墨西哥,1249,2341777
202509,四川省,荷兰,1275,1218425
202509,四川省,德国,862,644428
202509,四川省,其他,6029,6746811
202509,天津市,荷兰,139,34523
202509,天津市,其他,22,14959
202509,安徽省,中国台湾,94,26830
202509,安徽省,中国香港,77,40428
202509,安徽省,其他,2401,224974
202509,山东省,马来西亚,3062,5133339
202509,山东省,泰国,671,525578
202509,山东省,美国,379,132727
202509,山东省,中国台湾,480,148711
202509,山东省,中国香港,73,53775
202509,山东省,荷兰,18,4287
202509,山东省,德国,124,67002
202509,山东省,其他,10729,2802884
202509,山西省,美国,30,45
202509,广东省,马来西亚,4693,3460545
202509,广东省,泰国,2231,2576234
202509,广东省,美国,11551,7388498
202509,广东省,中国台湾,3441,4304248
202509,广东省,中国香港,3991,6914039
202509,广东省,墨西哥,3293,10521237
202509,广东省,荷兰,2046,693552
202509,广东省,德国,4628,3386070
202509,广东省,其他,35443,27515790
202509,广西壮族自治区,美国,39,4411
202509,广西壮族自治区,荷兰,25,821
202509,广西壮族自治区,德国,14,712
202509,广西壮族自治区,其他,1750,394593
202509,新疆维吾尔自治区,中国香港,0,23350
202509,新疆维吾尔自治区,德国,1,490
202509,新疆维吾尔自治区,其他,695,30026
202509,江苏省,马来西亚,44675,112711683
202509,江苏省,泰国,1125,1344001
202509,江苏省,美国,6505,9825962
202509,江苏省,中国台湾,1087,1568286
202509,江苏省,中国香港,6969,15386721
202509,江苏省,墨西哥,1104,1766900
202509,江苏省,荷兰,1242,1637673
202509,江苏省,德国,184,780584
202509,江苏省,其他,19856,9808348
202509,江西省,马来西亚,3,14578
202509,江西省,其他,3,5024
202509,河北省,中国台湾,62,12695
202509,河北省,其他,43,1573
202509,河南省,马来西亚,125,41250
202509,河南省,中国香港,1,157
202509,河南省,墨西哥,0,394
202509,河南省,其他,273,155017
202509,浙江省,马来西亚,176,151980
202509,浙江省,泰国,22,27714
202509,浙江省,美国,74,125433
202509,浙江省,中国台湾,9140,15120735
202509,浙江省,中国香港,328,961071
202509,浙江省,墨西哥,16,29064
202509,浙江省,荷兰,95,264117
202509,浙江省,德国,83,160551
202509,浙江省,其他,5856,1473002
202509,海南省,泰国,305,6545
202509,海南省,美国,2,24
202509,海南省,墨西哥,1,24
202509,海南省,荷兰,36,3147
202509,海南省,其他,1665,52939
202509,湖北省,马来西亚,23879,27598488
202509,湖北省,泰国,4382,3596083
202509,湖北省,美国,3164,7718028
202509,湖北省,中国台湾,2020,2609483
202509,湖北省,中国香港,1145,1000385
202509,湖北省,墨西哥,1279,2144350
202509,湖北省,荷兰,4730,3714558
202509,湖北省,德国,2106,2263143
202509,湖北省,其他,11999,13798030
202509,湖南省,马来西亚,76,55632
202509,湖南省,中国台湾,0,1612
202509,湖南省,中国香港,112,243376
202509,湖南省,荷兰,72,1332
202509,湖南省,其他,148,64996
202509,福建省,马来西亚,118,164540
202509,福建省,泰国,34,82784
202509,福建省,美国,74,1791
202509,福建省,中国台湾,5,75646
202509,福建省,中国香港,20,25305
202509,福建省,墨西哥,5,6450
202509,福建省,德国,12,2549
202509,福建省,其他,1683,680701
202509,贵州省,泰国,47,41396
202509,贵州省,中国香港,67,46415
202509,贵州省,荷兰,16,3482
202509,贵州省,德国,0,158
202509,贵州省,其他,238,119604
202509,辽宁省,中国台湾,0,5200
202509,辽宁省,中国香港,2,19621
202509,辽宁省,德国,11,1350
202509,辽宁省,其他,353,213174
202509,重庆市,美国,4,1250
202509,重庆市,其他,914,110014
202509,陕西省,美国,0,59
202509,陕西省,其他,32,14149
202509,黑龙江省,其他,22,29994
202510,上海市,马来西亚,2790,5398682
202510,上海市,泰国,3465,9750720
202510,上海市,中国台湾,24,52472
202510,上海市,美国,458,812504
202510,上海市,中国香港,94,152419
202510,上海市,墨西哥,275,325800
202510,上海市,荷兰,110,128860
202510,上海市,印度尼西亚,22,52454
202510,上海市,其他,2021,1357181
202510,云南省,其他,1,304
202510,内蒙古自治区,其他,7,570
202510,北京市,美国,2,6400
202510,北京市,中国香港,8,45805
202510,北京市,荷兰,0,4355
202510,北京市,印度尼西亚,26,31665
202510,北京市,其他,400,414722
202510,四川省,马来西亚,1317,2494292
202510,四川省,泰国,5688,21256706
202510,四川省,中国台湾,18251,22278589
202510,四川省,美国,2246,8522051
202510,四川省,中国香港,454,396565
202510,四川省,墨西哥,1495,2652694
202510,四川省,荷兰,1275,942439
202510,四川省,其他,5194,5104964
202510,天津市,中国台湾,44,13824
202510,天津市,美国,1,45
202510,天津市,荷兰,72,17792
202510,天津市,其他,36,22519
202510,安徽省,泰国,625,25033
202510,安徽省,中国台湾,29,37028
202510,安徽省,美国,1,375
202510,安徽省,中国香港,169,233871
202510,安徽省,其他,1349,230296
202510,山东省,马来西亚,2683,2300246
202510,山东省,泰国,269,320101
202510,山东省,中国台湾,31,10483
202510,山东省,美国,775,296453
202510,山东省,中国香港,65,42569
202510,山东省,墨西哥,1,121
202510,山东省,荷兰,27,1469
202510,山东省,印度尼西亚,454,44622
202510,山东省,其他,17008,1416808
202510,山西省,印度尼西亚,20,355
202510,广东省,马来西亚,4261,5446501
202510,广东省,泰国,640,804650
202510,广东省,中国台湾,3543,2432040
202510,广东省,美国,14302,13458269
202510,广东省,中国香港,3232,3157461
202510,广东省,墨西哥,2411,6918319
202510,广东省,荷兰,3512,1328142
202510,广东省,印度尼西亚,3432,1924375
202510,广东省,其他,44867,30923049
202510,广西壮族自治区,其他,2076,463578
202510,新疆维吾尔自治区,美国,1,119
202510,新疆维吾尔自治区,其他,71,2526
202510,江苏省,马来西亚,47351,126716680
202510,江苏省,泰国,879,718030
202510,江苏省,中国台湾,327,491486
202510,江苏省,美国,3686,5904774
202510,江苏省,中国香港,4047,5513632
202510,江苏省,墨西哥,810,781706
202510,江苏省,荷兰,510,1230322
202510,江苏省,印度尼西亚,398,108944
202510,江苏省,其他,12668,8300912
202510,江西省,马来西亚,26,84480
202510,江西省,美国,6,10600
202510,江西省,印度尼西亚,0,12
202510,江西省,其他,68,6911
202510,河北省,中国台湾,68,14262
202510,河北省,其他,5,2642
202510,河南省,马来西亚,92,26553
202510,河南省,中国香港,0,232
202510,河南省,墨西哥,0,723
202510,河南省,其他,3559,131859
202510,浙江省,马来西亚,699,822579
202510,浙江省,泰国,3527,9421136
202510,浙江省,中国台湾,9338,15404808
202510,浙江省,美国,109,133398
202510,浙江省,中国香港,74,167320
202510,浙江省,墨西哥,182,44304
202510,浙江省,荷兰,333,561415
202510,浙江省,印度尼西亚,70,99963
202510,浙江省,其他,2587,1792460
202510,海南省,马来西亚,23,2085
202510,海南省,美国,8,110
202510,海南省,其他,367,9943
202510,湖北省,马来西亚,10193,16454052
202510,湖北省,泰国,2969,1595978
202510,湖北省,中国台湾,1405,1687358
202510,湖北省,美国,4446,10960593
202510,湖北省,中国香港,1438,3118790
202510,湖北省,墨西哥,1423,1074350
202510,湖北省,荷兰,4705,3216459
202510,湖北省,印度尼西亚,2334,4653519
202510,湖北省,其他,10849,7800655
202510,湖南省,马来西亚,112,87585
202510,湖南省,泰国,5,5900
202510,湖南省,中国台湾,76,45961
202510,湖南省,中国香港,184,379883
202510,湖南省,印度尼西亚,15,11629
202510,湖南省,其他,127,30014
202510,福建省,马来西亚,20,37482
202510,福建省,泰国,9,16942
202510,福建省,中国台湾,0,4663
202510,福建省,美国,79,8714
202510,福建省,中国香港,59,370345
202510,福建省,墨西哥,3,2387
202510,福建省,印度尼西亚,76,82631
202510,福建省,其他,2837,404570
202510,贵州省,泰国,32,23405
202510,贵州省,中国香港,40,9775
202510,贵州省,荷兰,3,868
202510,贵州省,印度尼西亚,5,1062
202510,贵州省,其他,202,120792
202510,辽宁省,中国香港,0,28728
202510,辽宁省,其他,356,271673
202510,重庆市,泰国,20,8109
202510,重庆市,美国,73,19
202510,重庆市,中国香港,95,5724
202510,重庆市,其他,96,12709
202510,陕西省,荷兰,1,412
202510,陕西省,其他,10,4118
202510,黑龙江省,其他,0,48
202511,上海市,马来西亚,1930,1124879
202511,上海市,中国台湾,93,100611
202511,上海市,美国,228,428895
202511,上海市,泰国,862,2217454
202511,上海市,中国香港,24,67373
202511,上海市,荷兰,7,69366
202511,上海市,韩国,280,184623
202511,上海市,其他,2623,2525844
202511,云南省,其他,0,722
202511,北京市,马来西亚,0,1089
202511,北京市,中国台湾,3,1498
202511,北京市,美国,4,14961
202511,北京市,墨西哥,380,131198
202511,北京市,中国香港,3,5733
202511,北京市,荷兰,5,1362
202511,北京市,韩国,2,3390
202511,北京市,其他,1688,287324
202511,吉林省,荷兰,1,166
202511,四川省,马来西亚,9,73272
202511,四川省,中国台湾,21921,30610813
202511,四川省,美国,1923,6199930
202511,四川省,泰国,3948,14625265
202511,四川省,墨西哥,1038,2023735
202511,四川省,中国香港,463,640865
202511,四川省,荷兰,1098,805648
202511,四川省,韩国,1232,866862
202511,四川省,其他,6688,5264635
202511,天津市,荷兰,23,11373
202511,天津市,其他,56,221123
202511,安徽省,中国台湾,23,10200
202511,安徽省,美国,3,5430
202511,安徽省,中国香港,133,27550
202511,安徽省,其他,1881,523353
202511,山东省,马来西亚,86,288313
202511,山东省,中国台湾,303,92564
202511,山东省,美国,25,30220
202511,山东省,泰国,164,827534
202511,山东省,中国香港,16,27447
202511,山东省,荷兰,1,54
202511,山东省,韩国,125,140000
202511,山东省,其他,1281,1279551
202511,广东省,马来西亚,6160,5698488
202511,广东省,中国台湾,2496,2070692
202511,广东省,美国,14052,12135362
202511,广东省,泰国,7208,1057600
202511,广东省,墨西哥,6721,24216843
202511,广东省,中国香港,4757,3683891
202511,广东省,荷兰,2104,703476
202511,广东省,韩国,3328,5520319
202511,广东省,其他,58690,43344119
202511,广西壮族自治区,泰国,0,27
202511,广西壮族自治区,韩国,21,310
202511,广西壮族自治区,其他,1151,622414
202511,新疆维吾尔自治区,美国,20,1650
202511,新疆维吾尔自治区,墨西哥,1,160
202511,新疆维吾尔自治区,中国香港,373,18431
202511,新疆维吾尔自治区,荷兰,13,180
202511,新疆维吾尔自治区,其他,2593,56496
202511,江苏省,马来西亚,51986,135645956
202511,江苏省,中国台湾,372,380289
202511,江苏省,美国,5824,11773602
202511,江苏省,泰国,995,790083
202511,江苏省,墨西哥,376,504741
202511,江苏省,中国香港,2214,4397403
202511,江苏省,荷兰,1124,1691834
202511,江苏省,韩国,57,240847
202511,江苏省,其他,16786,11026409
202511,江西省,马来西亚,0,8
202511,江西省,美国,6,11130
202511,江西省,其他,5,1468
202511,河北省,中国台湾,207,35491
202511,河北省,其他,21,4687
202511,河南省,马来西亚,184,47199
202511,河南省,中国香港,0,127
202511,河南省,韩国,20,23716
202511,河南省,其他,116,141410
202511,浙江省,马来西亚,221,153212
202511,浙江省,中国台湾,8044,12645066
202511,浙江省,美国,159,335258
202511,浙江省,泰国,5661,14425361
202511,浙江省,墨西哥,90,205221
202511,浙江省,中国香港,173,358601
202511,浙江省,荷兰,503,1101669
202511,浙江省,韩国,227,72797
202511,浙江省,其他,7511,3460718
202511,海南省,美国,0,28
202511,海南省,其他,1,194
202511,湖北省,马来西亚,17226,25650246
202511,湖北省,中国台湾,828,368262
202511,湖北省,美国,3954,7519816
202511,湖北省,泰国,4322,2233950
202511,湖北省,墨西哥,1428,1253422
202511,湖北省,中国香港,895,1213058
202511,湖北省,荷兰,6734,4855868
202511,湖北省,韩国,376,313775
202511,湖北省,其他,12923,14704461
202511,湖南省,马来西亚,126,105364
202511,湖南省,中国台湾,59,35038
202511,湖南省,中国香港,189,398879
202511,湖南省,其他,108,25179
202511,福建省,马来西亚,335,297528
202511,福建省,中国台湾,23,24079
202511,福建省,美国,1,562
202511,福建省,泰国,184,28130
202511,福建省,墨西哥,4,4430
202511,福建省,中国香港,7,21364
202511,福建省,韩国,88,60019
202511,福建省,其他,2710,838672
202511,西藏自治区,其他,1,237
202511,贵州省,泰国,92,57625
202511,贵州省,中国香港,49,34429
202511,贵州省,荷兰,1,34
202511,贵州省,其他,411,197284
202511,辽宁省,中国台湾,20,16408
202511,辽宁省,韩国,310,107810
202511,辽宁省,其他,49,109139
202511,重庆市,美国,105,22351
202511,重庆市,其他,425,53075
202511,陕西省,其他,40,53767
202511,黑龙江省,其他,3,393
202512,上海市,马来西亚,3131,1924028
202512,上海市,中国台湾,94,171180
202512,上海市,泰国,5215,13027782
202512,上海市,墨西哥,84,58655
202512,上海市,中国香港,218,1030847
202512,上海市,新加坡,14,62857
202512,上海市,荷兰,78,162290
202512,上海市,德国,2,15827
202512,上海市,其他,2970,2148331
202512,云南省,泰国,367,1166265
202512,云南省,其他,249,42
202512,内蒙古自治区,中国香港,333,165
202512,内蒙古自治区,其他,275,5896
202512,北京市,中国香港,948,166226
202512,北京市,新加坡,10,22083
202512,北京市,荷兰,6,2954
202512,北京市,德国,29,10602
202512,北京市,其他,663,5282091
202512,四川省,马来西亚,32,206875
202512,四川省,中国台湾,18605,30272553
202512,四川省,泰国,4673,19978097
202512,四川省,墨西哥,346,189212
202512,四川省,中国香港,1204,1436586
202512,四川省,新加坡,525,1052951
202512,四川省,荷兰,1320,1540135
202512,四川省,德国,1873,962361
202512,四川省,其他,5260,5925438
202512,天津市,马来西亚,0,14
202512,天津市,泰国,55,8052
202512,天津市,中国香港,3,2213
202512,天津市,新加坡,0,1993
202512,天津市,荷兰,6,203
202512,天津市,德国,0,66
202512,天津市,其他,138,41332
202512,安徽省,马来西亚,0,37
202512,安徽省,中国台湾,41,41645
202512,安徽省,泰国,2,124
202512,安徽省,中国香港,659,1415869
202512,安徽省,新加坡,1,64
202512,安徽省,德国,0,58000
202512,安徽省,其他,1347,264008
202512,山东省,马来西亚,198,878717
202512,山东省,中国台湾,441,142407
202512,山东省,泰国,162,592530
202512,山东省,墨西哥,12,665
202512,山东省,中国香港,26,9133
202512,山东省,新加坡,207,316038
202512,山东省,荷兰,1,17
202512,山东省,德国,10,26330
202512,山东省,其他,1518,1177586
202512,山西省,其他,180,12205
202512,广东省,马来西亚,7848,7436893
202512,广东省,中国台湾,3497,6111327
202512,广东省,泰国,1345,1049444
202512,广东省,墨西哥,6136,20305753
202512,广东省,中国香港,5442,5021653
202512,广东省,新加坡,2716,3208660
202512,广东省,荷兰,1572,785226
202512,广东省,德国,7828,4162368
202512,广东省,其他,46465,34007649
202512,广西壮族自治区,马来西亚,48,8917
202512,广西壮族自治区,泰国,61,5591
202512,广西壮族自治区,墨西哥,0,70
202512,广西壮族自治区,中国香港,0,3446
202512,广西壮族自治区,新加坡,45,5298
202512,广西壮族自治区,荷兰,4,825
202512,广西壮族自治区,其他,708,216245
202512,新疆维吾尔自治区,新加坡,23,2800
202512,新疆维吾尔自治区,德国,4,675
202512,新疆维吾尔自治区,其他,666,132855
202512,江苏省,马来西亚,74592,190689107
202512,江苏省,中国台湾,280,307085
202512,江苏省,泰国,696,515541
202512,江苏省,墨西哥,119,338807
202512,江苏省,中国香港,4698,7642788
202512,江苏省,新加坡,1479,409282
202512,江苏省,荷兰,8828,4183233
202512,江苏省,德国,60,327726
202512,江苏省,其他,19334,9311636
202512,江西省,马来西亚,5,13217
202512,江西省,荷兰,0,12
202512,江西省,其他,18,822
202512,河北省,中国台湾,84,22053
202512,河北省,其他,56,113810
202512,河南省,马来西亚,67,21117
202512,河南省,泰国,0,38
202512,河南省,墨西哥,0,980
202512,河南省,中国香港,7,50602
202512,河南省,新加坡,0,12
202512,河南省,其他,511,364140
202512,浙江省,马来西亚,1408,1265389
202512,浙江省,中国台湾,11757,20367915
202512,浙江省,泰国,428,270325
202512,浙江省,墨西哥,37,26455
202512,浙江省,中国香港,658,1465537
202512,浙江省,新加坡,606,892329
202512,浙江省,荷兰,293,533677
202512,浙江省,德国,63,152092
202512,浙江省,其他,2909,1838282
202512,海南省,中国香港,0,144
202512,海南省,其他,0,913
202512,湖北省,马来西亚,31962,50396532
202512,湖北省,中国台湾,3679,6160918
202512,湖北省,泰国,2793,1456175
202512,湖北省,墨西哥,2147,2093343
202512,湖北省,中国香港,1791,3355080
202512,湖北省,新加坡,2390,7257065
202512,湖北省,荷兰,5792,5666793
202512,湖北省,德国,1359,1400831
202512,湖北省,其他,10294,7978331
202512,湖南省,马来西亚,104,79793
202512,湖南省,中国台湾,40,20086
202512,湖南省,中国香港,144,273752
202512,湖南省,其他,250,44417
202512,甘肃省,马来西亚,0,375
202512,甘肃省,泰国,0,5
202512,甘肃省,新加坡,0,182
202512,甘肃省,其他,0,10
202512,福建省,马来西亚,55,107874
202512,福建省,中国台湾,6,10315
202512,福建省,泰国,13,20955
202512,福建省,墨西哥,34,37163
202512,福建省,中国香港,30,57309
202512,福建省,新加坡,13,14536
202512,福建省,荷兰,7,5526
202512,福建省,德国,13,426
202512,福建省,其他,1124,493555
202512,贵州省,马来西亚,20,7599
202512,贵州省,泰国,6,1826
202512,贵州省,中国香港,47,31140
202512,贵州省,新加坡,95,27684
202512,贵州省,荷兰,81,17231
202512,贵州省,德国,193,58087
202512,贵州省,其他,278,118430
202512,辽宁省,中国台湾,56,40400
202512,辽宁省,中国香港,1,41511
202512,辽宁省,其他,149,195475
202512,重庆市,马来西亚,9,3374
202512,重庆市,泰国,30,11290
202512,重庆市,新加坡,0,448
202512,重庆市,其他,2002,192642
202512,陕西省,泰国,0,60
202512,陕西省,新加坡,0,11
202512,陕西省,荷兰,1,558
202512,陕西省,其他,42,21972
202512,黑龙江省,其他,15,2978
202601,上海市,马来西亚,1557,1062100
202601,上海市,中国台湾,127,299110
202601,上海市,泰国,5298,13683077
202601,上海市,美国,276,817287
202601,上海市,中国香港,215,1441701
202601,上海市,墨西哥,148,121445
202601,上海市,荷兰,182,448335
202601,上海市,德国,3,56320
202601,上海市,其他,3055,2898936
202601,云南省,美国,0,9
202601,云南省,其他,66,26858
202601,北京市,马来西亚,144,938054
202601,北京市,泰国,1,275
202601,北京市,美国,637,942676
202601,北京市,中国香港,89,81582
202601,北京市,荷兰,35,9387
202601,北京市,德国,8,9865
202601,北京市,其他,836,1246870
202601,吉林省,其他,32,576
202601,四川省,马来西亚,1277,2083718
202601,四川省,中国台湾,21477,41264303
202601,四川省,泰国,5503,17477541
202601,四川省,美国,1134,2822884
202601,四川省,中国香港,2553,5731089
202601,四川省,墨西哥,1046,2031006
202601,四川省,荷兰,887,1925849
202601,四川省,德国,1628,999601
202601,四川省,其他,6652,9011665
202601,天津市,其他,52,7257
202601,安徽省,中国台湾,44,17128
202601,安徽省,中国香港,8,35676
202601,安徽省,其他,2874,703182
202601,山东省,马来西亚,2768,2883574
202601,山东省,中国台湾,577,180511
202601,山东省,泰国,367,1351719
202601,山东省,美国,7,11427
202601,山东省,中国香港,18,8788
202601,山东省,其他,1371,1144906
202601,山西省,美国,43,1924
202601,广东省,马来西亚,6679,7766902
202601,广东省,中国台湾,6239,16632217
202601,广东省,泰国,9651,1588051
202601,广东省,美国,14304,10378032
202601,广东省,中国香港,4007,3577508
202601,广东省,墨西哥,4239,12067565
202601,广东省,荷兰,3374,1858613
202601,广东省,德国,3766,2817798
202601,广东省,其他,43056,31765265
202601,广西壮族自治区,马来西亚,18,3763
202601,广西壮族自治区,泰国,2,318
202601,广西壮族自治区,美国,48,3019
202601,广西壮族自治区,中国香港,6,787
202601,广西壮族自治区,荷兰,1,65
202601,广西壮族自治区,其他,1100,223946
202601,新疆维吾尔自治区,马来西亚,10,6078
202601,新疆维吾尔自治区,美国,82,2709
202601,新疆维吾尔自治区,墨西哥,1,40
202601,新疆维吾尔自治区,德国,32,821
202601,新疆维吾尔自治区,其他,767,97437
202601,江苏省,马来西亚,67904,174446057
202601,江苏省,中国台湾,294,149179
202601,江苏省,泰国,703,623628
202601,江苏省,美国,4945,8912536
202601,江苏省,中国香港,4531,8706298
202601,江苏省,墨西哥,288,404095
202601,江苏省,荷兰,2491,2316438
202601,江苏省,德国,170,907639
202601,江苏省,其他,17304,8625646
202601,江西省,马来西亚,0,16
202601,江西省,荷兰,0,9
202601,江西省,其他,11,14322
202601,河北省,中国台湾,117,16541
202601,河北省,其他,82,212200
202601,河南省,马来西亚,25,8147
202601,河南省,泰国,17,848
202601,河南省,中国香港,4,1087
202601,河南省,墨西哥,2,1754
202601,河南省,德国,2,946
202601,河南省,其他,548,422752
202601,浙江省,马来西亚,1827,1637800
202601,浙江省,中国台湾,11393,20629745
202601,浙江省,泰国,39,50617
202601,浙江省,美国,3516,467545
202601,浙江省,中国香港,385,828243
202601,浙江省,墨西哥,28,9539
202601,浙江省,荷兰,141,274845
202601,浙江省,德国,215,475820
202601,浙江省,其他,3788,2493916
202601,海南省,中国香港,3,54579
202601,海南省,其他,202,4907
202601,湖北省,马来西亚,30237,32644646
202601,湖北省,中国台湾,1461,685852
202601,湖北省,泰国,2711,1406548
202601,湖北省,美国,2853,5270751
202601,湖北省,中国香港,974,1554334
202601,湖北省,墨西哥,766,986645
202601,湖北省,荷兰,6310,3777151
202601,湖北省,德国,2703,2398685
202601,湖北省,其他,12318,13443150
202601,湖南省,马来西亚,15,9800
202601,湖南省,中国台湾,5,3478
202601,湖南省,中国香港,178,379256
202601,湖南省,其他,108,77407
202601,福建省,马来西亚,107,142947
202601,福建省,中国台湾,21,22554
202601,福建省,泰国,5,8714
202601,福建省,美国,1,2130
202601,福建省,中国香港,23,31068
202601,福建省,德国,1,2823
202601,福建省,其他,589,325806
202601,贵州省,泰国,90,68631
202601,贵州省,中国香港,1225,95327
202601,贵州省,德国,6,1380
202601,贵州省,其他,225,119456
202601,辽宁省,德国,10,2889
202601,辽宁省,其他,403,343667
202601,重庆市,美国,2,10
202601,重庆市,墨西哥,9,25560
202601,重庆市,德国,0,540
202601,重庆市,其他,41,27843
202601,陕西省,荷兰,1,1110
202601,陕西省,德国,0,69
202601,陕西省,其他,17,7116
202601,黑龙江省,其他,81,5223
202602,上海市,马来西亚,491,174914
202602,上海市,中国台湾,98,83396
202602,上海市,泰国,1081,3028002
202602,上海市,墨西哥,18,346
202602,上海市,美国,591,749608
202602,上海市,中国香港,137,1553994
202602,上海市,日本,168,307584
202602,上海市,荷兰,52,73880
202602,上海市,其他,2578,1364974
202602,云南省,其他,9,1558
202602,北京市,泰国,1,2142
202602,北京市,美国,2,2010
202602,北京市,中国香港,2,133
202602,北京市,荷兰,32,34043
202602,北京市,其他,273,82282
202602,吉林省,其他,1,431
202602,四川省,马来西亚,121,284260
202602,四川省,中国台湾,17800,35844920
202602,四川省,泰国,5813,20483924
202602,四川省,墨西哥,1164,1861712
202602,四川省,美国,710,2033643
202602,四川省,中国香港,632,1615508
202602,四川省,日本,382,554320
202602,四川省,荷兰,975,747990
202602,四川省,其他,4976,3924034
202602,天津市,美国,0,1
202602,天津市,其他,2,81263
202602,安徽省,马来西亚,2,98
202602,安徽省,中国台湾,2,1500
202602,安徽省,泰国,2,81
202602,安徽省,美国,2,3802
202602,安徽省,中国香港,94,18834
202602,安徽省,日本,0,8301
202602,安徽省,其他,1568,174811
202602,山东省,马来西亚,2547,2881475
202602,山东省,中国台湾,166,48492
202602,山东省,泰国,205,1084308
202602,山东省,美国,76,27918
202602,山东省,中国香港,3,608
202602,山东省,日本,1,3200
202602,山东省,荷兰,2,200
202602,山东省,其他,555,459971
202602,山西省,其他,487,4052
202602,广东省,马来西亚,4955,8866829
202602,广东省,中国台湾,2364,5035447
202602,广东省,泰国,1449,1537301
202602,广东省,墨西哥,6051,20963514
202602,广东省,美国,9344,8677781
202602,广东省,中国香港,4132,4016080
202602,广东省,日本,494,566096
202602,广东省,荷兰,2067,1217690
202602,广东省,其他,57784,33657532
202602,广西壮族自治区,马来西亚,16,1311
202602,广西壮族自治区,泰国,0,339
202602,广西壮族自治区,美国,5,8
202602,广西壮族自治区,其他,243,64800
202602,新疆维吾尔自治区,马来西亚,1,313
202602,新疆维吾尔自治区,泰国,2,6
202602,新疆维吾尔自治区,美国,1,182
202602,新疆维吾尔自治区,日本,0,37
202602,新疆维吾尔自治区,荷兰,0,96
202602,新疆维吾尔自治区,其他,1527,65088
202602,江苏省,马来西亚,53242,165299297
202602,江苏省,中国台湾,70,60266
202602,江苏省,泰国,919,1995109
202602,江苏省,墨西哥,203,355249
202602,江苏省,美国,1313,2940486
202602,江苏省,中国香港,3536,5774428
202602,江苏省,日本,1818,3617279
202602,江苏省,荷兰,573,1496754
202602,江苏省,其他,31910,10137833
202602,江西省,美国,0,3
202602,江西省,其他,12,9571
202602,河北省,中国台湾,82,13471
202602,河南省,马来西亚,28,8981
202602,河南省,墨西哥,0,18
202602,河南省,美国,5,27000
202602,河南省,中国香港,0,341
202602,河南省,日本,7,77221
202602,河南省,其他,60,37000
202602,浙江省,马来西亚,557,316487
202602,浙江省,中国台湾,6537,11948092
202602,浙江省,泰国,47,50807
202602,浙江省,墨西哥,22,23544
202602,浙江省,美国,3580,446782
202602,浙江省,中国香港,380,745466
202602,浙江省,日本,24,38091
202602,浙江省,荷兰,230,405394
202602,浙江省,其他,3535,1858285
202602,海南省,美国,69,4383
202602,海南省,日本,1,72
202602,海南省,其他,1644,104954
202602,湖北省,马来西亚,11182,16798643
202602,湖北省,中国台湾,727,966012
202602,湖北省,泰国,2787,1155176
202602,湖北省,墨西哥,1140,1612123
202602,湖北省,美国,2118,5339918
202602,湖北省,中国香港,1866,2710450
202602,湖北省,日本,2239,4164789
202602,湖北省,荷兰,4076,2973533
202602,湖北省,其他,11857,10686381
202602,湖南省,马来西亚,23,26553
202602,湖南省,中国台湾,39,22515
202602,湖南省,中国香港,138,260932
202602,湖南省,其他,140,41052
202602,甘肃省,其他,0,232
202602,福建省,马来西亚,4,13032
202602,福建省,中国台湾,1,3855
202602,福建省,泰国,29,14506
202602,福建省,墨西哥,11,9473
202602,福建省,美国,90,372
202602,福建省,中国香港,22,44641
202602,福建省,日本,51,76477
202602,福建省,荷兰,3,2502
202602,福建省,其他,686,279106
202602,贵州省,马来西亚,0,41
202602,贵州省,泰国,9,2264
202602,贵州省,中国香港,6,1566
202602,贵州省,荷兰,1,50
202602,贵州省,其他,205,114523
202602,辽宁省,其他,141,244078
202602,重庆市,泰国,9,3440
202602,重庆市,墨西哥,4,14650
202602,重庆市,美国,160,10262
202602,陕西省,其他,3,8333
202602,黑龙江省,其他,56,7500
202603,上海市,马来西亚,372,606365
202603,上海市,中国台湾,29,47181
202603,上海市,泰国,4005,10372261
202603,上海市,墨西哥,772,1509576
202603,上海市,美国,360,1002289
202603,上海市,中国香港,189,1317801
202603,上海市,新加坡,431,460660
202603,上海市,荷兰,123,187241
202603,上海市,其他,3659,2949627
202603,云南省,泰国,1,4125
202603,云南省,其他,18,607
202603,内蒙古自治区,新加坡,0,454
202603,北京市,马来西亚,475,558033
202603,北京市,中国台湾,0,229
202603,北京市,泰国,4,951
202603,北京市,美国,179,257244
202603,北京市,中国香港,1,52
202603,北京市,新加坡,69,26644
202603,北京市,其他,88,60740
202603,吉林省,美国,5,3181
202603,吉林省,其他,145,17509
202603,四川省,马来西亚,215,491670
202603,四川省,中国台湾,30771,45499906
202603,四川省,泰国,6745,25753424
202603,四川省,墨西哥,1165,2149358
202603,四川省,美国,1245,2955303
202603,四川省,中国香港,486,563589
202603,四川省,新加坡,314,594852
202603,四川省,荷兰,1071,1099626
202603,四川省,其他,6872,5289083
202603,天津市,其他,4,1828
202603,安徽省,马来西亚,0,672
202603,安徽省,中国台湾,95,28364
202603,安徽省,泰国,2,708
202603,安徽省,美国,4,16306
202603,安徽省,中国香港,243,35077
202603,安徽省,新加坡,0,44
202603,安徽省,其他,1309,340044
202603,山东省,马来西亚,1528,1897237
202603,山东省,中国台湾,674,171426
202603,山东省,泰国,358,1562554
202603,山东省,美国,65,238743
202603,山东省,中国香港,72,134340
202603,山东省,新加坡,52,12722
202603,山东省,荷兰,80,59426
202603,山东省,其他,895,1316973
202603,广东省,马来西亚,8459,9664671
202603,广东省,中国台湾,3007,3762039
202603,广东省,泰国,4878,6155810
202603,广东省,墨西哥,9109,33044329
202603,广东省,美国,11069,9239488
202603,广东省,中国香港,5207,5757695
202603,广东省,新加坡,2474,1234195
202603,广东省,荷兰,2692,1780341
202603,广东省,其他,46614,36806894
202603,广西壮族自治区,马来西亚,6,520
202603,广西壮族自治区,美国,0,47
202603,广西壮族自治区,其他,39,9518
202603,新疆维吾尔自治区,马来西亚,4,1027
202603,新疆维吾尔自治区,泰国,2,638
202603,新疆维吾尔自治区,墨西哥,0,7
202603,新疆维吾尔自治区,美国,3,507
202603,新疆维吾尔自治区,新加坡,66,7611
202603,新疆维吾尔自治区,荷兰,1,877
202603,新疆维吾尔自治区,其他,30,3683
202603,江苏省,马来西亚,49287,159921622
202603,江苏省,中国台湾,396,259771
202603,江苏省,泰国,1454,1124419
202603,江苏省,墨西哥,423,1430260
202603,江苏省,美国,3211,6196470
202603,江苏省,中国香港,4154,9009822
202603,江苏省,新加坡,1123,974449
202603,江苏省,荷兰,824,1516019
202603,江苏省,其他,10613,10664804
202603,江西省,美国,0,592
202603,江西省,其他,0,958
202603,河北省,中国台湾,107,21186
202603,河北省,其他,69,17621
202603,河南省,马来西亚,121,43036
202603,河南省,墨西哥,0,125
202603,河南省,中国香港,2,1075
202603,河南省,其他,291,370901
202603,浙江省,马来西亚,215,190615
202603,浙江省,中国台湾,9676,16521138
202603,浙江省,泰国,45,58849
202603,浙江省,墨西哥,79,30016
202603,浙江省,美国,1351,1876095
202603,浙江省,中国香港,433,654788
202603,浙江省,新加坡,956,881002
202603,浙江省,荷兰,435,944131
202603,浙江省,其他,1727,1176642
202603,海南省,美国,48,8670
202603,海南省,中国香港,1,1313
202603,海南省,新加坡,18,1283
202603,海南省,荷兰,3,200
202603,海南省,其他,1572,684980
202603,湖北省,马来西亚,14592,26758301
202603,湖北省,中国台湾,1162,2745284
202603,湖北省,泰国,6851,2812376
202603,湖北省,墨西哥,2203,3987874
202603,湖北省,美国,4096,8363631
202603,湖北省,中国香港,1297,854523
202603,湖北省,新加坡,1952,7504857
202603,湖北省,荷兰,4770,3672932
202603,湖北省,其他,13096,10783601
202603,湖南省,马来西亚,47,28770
202603,湖南省,中国台湾,13,27198
202603,湖南省,中国香港,222,440545
202603,湖南省,其他,72,8522
202603,甘肃省,新加坡,0,13
202603,甘肃省,其他,6,570
202603,福建省,马来西亚,252,342522
202603,福建省,中国台湾,31,78010
202603,福建省,泰国,69,12681
202603,福建省,墨西哥,5,4657
202603,福建省,美国,1,431
202603,福建省,中国香港,12,25801
202603,福建省,新加坡,47,73991
202603,福建省,荷兰,4,3124
202603,福建省,其他,403,286973
202603,贵州省,泰国,0,404
202603,贵州省,中国香港,10,3398
202603,贵州省,新加坡,82,59619
202603,贵州省,其他,77,25705
202603,辽宁省,中国台湾,0,2280
202603,辽宁省,泰国,2,36
202603,辽宁省,中国香港,0,48366
202603,辽宁省,新加坡,0,3170
202603,辽宁省,其他,252,322527
202603,重庆市,泰国,29,12083
202603,重庆市,墨西哥,2,8520
202603,重庆市,新加坡,0,655
202603,重庆市,其他,9,34832
202603,陕西省,其他,27,9203
202603,黑龙江省,中国香港,0,108
202603,黑龙江省,其他,158,4648
202604,上海市,马来西亚,1908,1139562
202604,上海市,中国台湾,40,41820
202604,上海市,墨西哥,1058,2482347
202604,上海市,美国,1042,2178482
202604,上海市,中国香港,1744,5684149
202604,上海市,泰国,646,1825647
202604,上海市,德国,191,79786
202604,上海市,荷兰,251,331778
202604,上海市,其他,1639,2104344
202604,云南省,其他,59,7332
202604,内蒙古自治区,其他,20,1412
202604,北京市,马来西亚,2273,2581547
202604,北京市,中国台湾,13,6941
202604,北京市,美国,1,369
202604,北京市,中国香港,547,464498
202604,北京市,泰国,2,1012
202604,北京市,荷兰,0,932
202604,北京市,其他,616,387976
202604,吉林省,其他,25,2474
202604,四川省,马来西亚,1848,2516763
202604,四川省,中国台湾,32441,54014652
202604,四川省,墨西哥,1648,2644832
202604,四川省,美国,2738,6640267
202604,四川省,中国香港,1018,1446059
202604,四川省,泰国,5905,21030081
202604,四川省,德国,2386,1104180
202604,四川省,荷兰,1551,1881521
202604,四川省,其他,7108,7623968
202604,天津市,马来西亚,0,60
202604,天津市,中国香港,0,27
202604,天津市,其他,10,42623
202604,安徽省,中国台湾,62,14880
202604,安徽省,美国,0,1785
202604,安徽省,中国香港,324,114098
202604,安徽省,其他,1227,188143
202604,山东省,马来西亚,898,1720647
202604,山东省,中国台湾,440,222133
202604,山东省,美国,48,175211
202604,山东省,中国香港,907,1691288
202604,山东省,泰国,521,1340331
202604,山东省,德国,1,379
202604,山东省,荷兰,0,15
202604,山东省,其他,506,527429
202604,山西省,其他,172,4857
202604,广东省,马来西亚,5401,6236102
202604,广东省,中国台湾,3370,2182238
202604,广东省,墨西哥,8676,33935255
202604,广东省,美国,15835,13505247
202604,广东省,中国香港,5791,10607794
202604,广东省,泰国,3817,4341821
202604,广东省,德国,5984,2577114
202604,广东省,荷兰,3795,1625667
202604,广东省,其他,52721,33114426
202604,广西壮族自治区,美国,0,19
202604,广西壮族自治区,泰国,105,36159
202604,广西壮族自治区,其他,108,43385
202604,新疆维吾尔自治区,马来西亚,0,69
202604,新疆维吾尔自治区,美国,3,302
202604,新疆维吾尔自治区,泰国,0,56
202604,新疆维吾尔自治区,荷兰,0,23
202604,新疆维吾尔自治区,其他,390,77241
202604,江苏省,马来西亚,78909,259338378
202604,江苏省,中国台湾,463,157181
202604,江苏省,墨西哥,743,1881098
202604,江苏省,美国,4521,7691915
202604,江苏省,中国香港,7886,13822473
202604,江苏省,泰国,1823,1434931
202604,江苏省,德国,264,1174004
202604,江苏省,荷兰,520,778512
202604,江苏省,其他,13274,12833988
202604,江西省,马来西亚,2,4471
202604,江西省,美国,7,18292
202604,江西省,其他,8,1362
202604,河北省,中国台湾,254,48818
202604,河北省,其他,17,10147
202604,河南省,马来西亚,1,226
202604,河南省,中国香港,4,1768
202604,河南省,其他,1123,453248
202604,浙江省,马来西亚,1127,1011933
202604,浙江省,中国台湾,11732,20484397
202604,浙江省,墨西哥,8,13426
202604,浙江省,美国,1754,1721567
202604,浙江省,中国香港,325,509045
202604,浙江省,泰国,57,86026
202604,浙江省,德国,144,268288
202604,浙江省,荷兰,366,479463
202604,浙江省,其他,4257,2494534
202604,海南省,马来西亚,165,2680
202604,海南省,美国,91,2859
202604,海南省,德国,9,1514
202604,海南省,其他,3691,297090
202604,湖北省,马来西亚,13743,19743788
202604,湖北省,中国台湾,910,2447216
202604,湖北省,墨西哥,683,767657
202604,湖北省,美国,5226,7746115
202604,湖北省,中国香港,1103,701483
202604,湖北省,泰国,2929,1738244
202604,湖北省,德国,2577,2899176
202604,湖北省,荷兰,3585,2820679
202604,湖北省,其他,12484,15163265
202604,湖南省,马来西亚,48,29700
202604,湖南省,中国台湾,63,31725
202604,湖南省,中国香港,221,419176
202604,湖南省,荷兰,1,50
202604,湖南省,其他,198,222245
202604,甘肃省,马来西亚,47,3281
202604,甘肃省,泰国,13,527
202604,福建省,马来西亚,64,22154
202604,福建省,中国台湾,26,22093
202604,福建省,墨西哥,10,19648
202604,福建省,美国,0,709
202604,福建省,中国香港,15,17175
202604,福建省,泰国,22,170955
202604,福建省,德国,0,101
202604,福建省,荷兰,5,5140
202604,福建省,其他,461,350427
202604,贵州省,中国香港,32,8115
202604,贵州省,泰国,6,1109
202604,贵州省,德国,1,64
202604,贵州省,其他,321,181293
202604,辽宁省,中国台湾,0,2360
202604,辽宁省,中国香港,0,60037
202604,辽宁省,其他,121,207986
202604,重庆市,墨西哥,5,29820
202604,重庆市,泰国,2,882
202604,重庆市,其他,129,10563
202604,陕西省,德国,1,1800
202604,陕西省,其他,20,13034
202604,黑龙江省,中国香港,230,371
202604,黑龙江省,其他,20,27347
202605,上海市,马来西亚,1882,1065970
202605,上海市,中国台湾,50,103122
202605,上海市,泰国,13248,33718701
202605,上海市,美国,572,1480328
202605,上海市,墨西哥,360,265746
202605,上海市,中国香港,294,2808629
202605,上海市,印度尼西亚,46,25380
202605,上海市,荷兰,154,165197
202605,上海市,其他,4279,2156103
202605,内蒙古自治区,其他,15,20866
202605,北京市,马来西亚,6,10913
202605,北京市,中国台湾,8,2599
202605,北京市,泰国,492,25977
202605,北京市,美国,1501,748251
202605,北京市,中国香港,317,117374
202605,北京市,荷兰,20,6813
202605,北京市,其他,621,195125
202605,吉林省,其他,130,2631
202605,四川省,马来西亚,627,1211471
202605,四川省,中国台湾,37831,66585100
202605,四川省,泰国,9035,37217213
202605,四川省,美国,6450,20250833
202605,四川省,墨西哥,1456,3819181
202605,四川省,中国香港,308,367282
202605,四川省,印度尼西亚,5,11900
202605,四川省,荷兰,1270,1322517
202605,四川省,其他,7832,5619130
202605,天津市,泰国,13,13961
202605,天津市,墨西哥,1,1280
202605,天津市,其他,14,111131
202605,安徽省,中国台湾,56,142824
202605,安徽省,美国,3,7383
202605,安徽省,中国香港,585,310140
202605,安徽省,其他,831,137302
202605,山东省,马来西亚,497,310298
202605,山东省,中国台湾,171,158319
202605,山东省,泰国,438,2027524
202605,山东省,美国,112,386226
202605,山东省,墨西哥,0,24
202605,山东省,中国香港,17,4270
202605,山东省,其他,1940,2629591
202605,广东省,马来西亚,12167,17635446
202605,广东省,中国台湾,3765,6796850
202605,广东省,泰国,2580,2858694
202605,广东省,美国,14957,13062505
202605,广东省,墨西哥,11405,43606724
202605,广东省,中国香港,7456,16334684
202605,广东省,印度尼西亚,3307,4350674
202605,广东省,荷兰,3730,2128407
202605,广东省,其他,52122,35160838
202605,广西壮族自治区,其他,299,112075
202605,新疆维吾尔自治区,其他,326,231803
202605,江苏省,马来西亚,74983,223038532
202605,江苏省,中国台湾,203,121093
202605,江苏省,泰国,1477,1121066
202605,江苏省,美国,4746,9955905
202605,江苏省,墨西哥,674,1382725
202605,江苏省,中国香港,9087,16303576
202605,江苏省,印度尼西亚,810,209134
202605,江苏省,荷兰,869,1179130
202605,江苏省,其他,18708,15210372
202605,江西省,美国,2,900
202605,江西省,中国香港,0,9
202605,江西省,其他,16,1210
202605,河北省,中国台湾,144,45774
202605,河北省,泰国,2,4590
202605,河北省,其他,76,814
202605,河南省,美国,10,52920
202605,河南省,中国香港,2,1258
202605,河南省,印度尼西亚,0,120
202605,河南省,其他,47,34004
202605,浙江省,马来西亚,1233,1129519
202605,浙江省,中国台湾,11278,19131022
202605,浙江省,泰国,80,50321
202605,浙江省,美国,6027,1806741
202605,浙江省,墨西哥,10,44249
202605,浙江省,中国香港,1080,1327402
202605,浙江省,印度尼西亚,18,14754
202605,浙江省,荷兰,467,640610
202605,浙江省,其他,2837,2399962
202605,海南省,美国,13,6632
202605,海南省,中国香港,12,8741
202605,海南省,印度尼西亚,6,930
202605,海南省,其他,1569,264295
202605,湖北省,马来西亚,11887,14287876
202605,湖北省,中国台湾,2486,7591921
202605,湖北省,泰国,4811,6331284
202605,湖北省,美国,4284,6357800
202605,湖北省,墨西哥,1008,1026252
202605,湖北省,中国香港,1944,2350135
202605,湖北省,印度尼西亚,323,3587731
202605,湖北省,荷兰,3175,2495962
202605,湖北省,其他,13633,11585700
202605,湖南省,马来西亚,68,45100
202605,湖南省,中国台湾,45,21745
202605,湖南省,中国香港,102,201169
202605,湖南省,其他,131,38754
202605,甘肃省,马来西亚,4,795
202605,甘肃省,中国香港,4,355
202605,福建省,马来西亚,223,268814
202605,福建省,中国台湾,9,13809
202605,福建省,泰国,30,121322
202605,福建省,美国,2,4027
202605,福建省,墨西哥,8,8962
202605,福建省,中国香港,47,152301
202605,福建省,印度尼西亚,19,25727
202605,福建省,荷兰,1,1471
202605,福建省,其他,242,336232
202605,贵州省,中国香港,67,27933
202605,贵州省,印度尼西亚,21,7812
202605,贵州省,其他,111,40334
202605,辽宁省,中国台湾,0,380
202605,辽宁省,中国香港,0,262292
202605,辽宁省,其他,210,212583
202605,重庆市,泰国,4,1544
202605,重庆市,美国,0,91
202605,重庆市,墨西哥,6,42600
202605,重庆市,其他,37,37068
202605,陕西省,墨西哥,0,207
202605,陕西省,荷兰,1,611
202605,陕西省,其他,59,38584
202605,黑龙江省,其他,26,17984
202606,上海市,马来西亚,1261,2901063
202606,上海市,中国台湾,564,226666
202606,上海市,泰国,5045,12861790
202606,上海市,美国,610,1663285
202606,上海市,墨西哥,2657,6700781
202606,上海市,中国香港,280,1908627
202606,上海市,德国,146,215938
202606,上海市,荷兰,16,124663
202606,上海市,其他,1386,1331813
202606,云南省,德国,2,990
202606,云南省,其他,20,41172
202606,内蒙古自治区,其他,669,1918206
202606,北京市,马来西亚,222,172921
202606,北京市,泰国,13,12098
202606,北京市,美国,94,64725
202606,北京市,墨西哥,3,6718
202606,北京市,中国香港,409,256527
202606,北京市,德国,149,70230
202606,北京市,荷兰,291,113699
202606,北京市,其他,1942,2715551
202606,吉林省,美国,6,4061
202606,吉林省,其他,13,5282
202606,四川省,马来西亚,1085,565926
202606,四川省,中国台湾,42790,77198460
202606,四川省,泰国,12103,50467422
202606,四川省,美国,7471,24803838
202606,四川省,墨西哥,1977,3945253
202606,四川省,中国香港,542,610608
202606,四川省,德国,2455,1108125
202606,四川省,荷兰,1769,1923191
202606,四川省,其他,5952,7047616
202606,天津市,马来西亚,0,8
202606,天津市,其他,36,72324
202606,安徽省,马来西亚,1,7200
202606,安徽省,中国台湾,14,5952
202606,安徽省,美国,76,116660
202606,安徽省,中国香港,208,509352
202606,安徽省,德国,0,3
202606,安徽省,其他,1060,173289
202606,山东省,马来西亚,207,177083
202606,山东省,中国台湾,89,69353
202606,山东省,泰国,700,2392759
202606,山东省,美国,1063,150132
202606,山东省,墨西哥,1,519
202606,山东省,中国香港,226,138599
202606,山东省,其他,2389,1292440
202606,山西省,其他,46,1409
202606,广东省,马来西亚,14996,20839680
202606,广东省,中国台湾,3525,6859918
202606,广东省,泰国,6207,9350051
202606,广东省,美国,13846,12118672
202606,广东省,墨西哥,11487,43522323
202606,广东省,中国香港,13748,25529853
202606,广东省,德国,3536,3176389
202606,广东省,荷兰,3464,1261772
202606,广东省,其他,52770,35111966
202606,广西壮族自治区,泰国,187,61477
202606,广西壮族自治区,其他,395,100828
202606,新疆维吾尔自治区,马来西亚,12,4572
202606,新疆维吾尔自治区,泰国,9,398
202606,新疆维吾尔自治区,美国,8,143
202606,新疆维吾尔自治区,中国香港,0,233
202606,新疆维吾尔自治区,其他,90,70766
202606,江苏省,马来西亚,77433,221642573
202606,江苏省,中国台湾,376,197243
202606,江苏省,泰国,1551,1500918
202606,江苏省,美国,3810,8669498
202606,江苏省,墨西哥,947,1916061
202606,江苏省,中国香港,5790,11920623
202606,江苏省,德国,186,869256
202606,江苏省,荷兰,217,650188
202606,江苏省,其他,19931,11747080
202606,江西省,其他,13,776
202606,河北省,中国台湾,28,5822
202606,河北省,美国,1,182
202606,河北省,其他,141,69326
202606,河南省,墨西哥,0,103
202606,河南省,中国香港,3,1014
202606,河南省,德国,7,10105
202606,河南省,其他,175,310506
202606,浙江省,马来西亚,1487,1084437
202606,浙江省,中国台湾,13239,22336239
202606,浙江省,泰国,66,91801
202606,浙江省,美国,815,3511202
202606,浙江省,墨西哥,32,24973
202606,浙江省,中国香港,3616,6040045
202606,浙江省,德国,319,294608
202606,浙江省,荷兰,362,337433
202606,浙江省,其他,4307,3462136
202606,海南省,泰国,53,4247
202606,海南省,美国,780,3641
202606,海南省,中国香港,280,1278
202606,海南省,德国,32,7944
202606,海南省,其他,1276,140120
202606,湖北省,马来西亚,13488,12527748
202606,湖北省,中国台湾,1224,1156937
202606,湖北省,泰国,3828,2680792
202606,湖北省,美国,7607,10461058
202606,湖北省,墨西哥,1043,1093846
202606,湖北省,中国香港,1985,2460324
202606,湖北省,德国,2874,3446473
202606,湖北省,荷兰,4862,3253326
202606,湖北省,其他,14045,10780300
202606,湖南省,马来西亚,87,60940
202606,湖南省,中国台湾,69,41923
202606,湖南省,泰国,0,344
202606,湖南省,美国,7,19900
202606,湖南省,中国香港,121,365044
202606,湖南省,德国,3,11085
202606,湖南省,其他,303,172419
202606,甘肃省,马来西亚,28,1373
202606,甘肃省,其他,0,293
202606,福建省,马来西亚,270,445818
202606,福建省,中国台湾,2,2800
202606,福建省,泰国,59,125352
202606,福建省,美国,28,14522
202606,福建省,墨西哥,14,9460
202606,福建省,中国香港,66,134258
202606,福建省,德国,3,1176
202606,福建省,其他,250,338210
202606,西藏自治区,其他,2,1148
202606,贵州省,泰国,43,11275
202606,贵州省,中国香港,5,2749
202606,贵州省,其他,340,188495
202606,辽宁省,中国台湾,1,10815
202606,辽宁省,美国,0,504
202606,辽宁省,中国香港,0,74870
202606,辽宁省,其他,180,247747
202606,重庆市,墨西哥,7,29110
202606,重庆市,其他,2,5191
202606,陕西省,美国,1,275
202606,陕西省,德国,1,590
202606,陕西省,其他,46,65416
202606,黑龙江省,美国,0,15
202606,黑龙江省,中国香港,0,432
202606,黑龙江省,德国,1,566
202606,黑龙江省,其他,80,29067
