edge_id,供方,需方,year,pct_or_amt,observe_type
E001,Fabrinet,NVIDIA,2025,27.6%,observed
E002,Fabrinet,NVIDIA,2024,35.1%,observed
E003,Fabrinet,Cisco,2025,18.2%,observed
E004,Fabrinet,Cisco,2024,13.4%,observed
E005,Fabrinet,Lumentum,2020,19%,observed
E006,Fabrinet,Acacia,2020,10%,observed
E007,Fabrinet,Infinera,2020,10%,observed
E008,NeoPhotonics,华为+海思,2017,40%,first_observed
E008,NeoPhotonics,华为+海思,2018,46%,observed
E008,NeoPhotonics,华为+海思,2019,41%,observed
E008,NeoPhotonics,华为+海思,2020,40%,last_observed
E008,NeoPhotonics,华为+海思,2021,归零,confirmed_ended
E009,NeoPhotonics,Ciena,2017,16%,first_observed
E009,NeoPhotonics,Ciena,2018,24%,observed
E009,NeoPhotonics,Ciena,2019,29%,last_observed
E010,猎奇智能,中际旭创(作为客户),2024,58.85%,observed
E011,ficonTEC(罗博特科),博通(客户),2024,已交付14台CPO耦合设备,observed
E012,ficonTEC(罗博特科),NVIDIA(客户),2024,在手订单2433.83万欧元(至2024-07-31),observed
E013,派克新材,等离子体所(客户),2025-09,815万元中标,observed
E014,凯格精机,Fabrinet(疑似客户),2025,800G/1.6T组装产线交付,observed
E015,新易盛,客户一(匿名),2023,36.79%(1139711326.47元),observed
E016,新易盛,浙江粮油(出口代理),2023-2025,收入确认政策点名,observed
E017,AAOI,Microsoft,2021,14.1%,first_observed
E017,AAOI,Microsoft,2022,18.4%,observed
E017,AAOI,Microsoft,2023,46.6%,last_observed
E018,AAOI,Microsoft,2024,43.7%,observed
E019,AAOI,Microsoft,2025,28.8%,observed
E020,AAOI,Oracle,2022,5.9%,first_observed
E020,AAOI,Oracle,2023,8.8%,observed
E020,AAOI,Oracle,2024,12.4%,last_observed
E021,AAOI,ATX Networks,2021,25.6%,first_observed
E021,AAOI,ATX Networks,2022,47.3%,last_observed
E022,AAOI,ATX Networks,2023,15.6%,observed
E022,AAOI,ATX Networks,2024,归零,censored
E023,AAOI,Digicomm,2021,0%,first_observed
E023,AAOI,Digicomm,2022,0%,observed
E023,AAOI,Digicomm,2023,11.3%,last_observed
E024,AAOI,Digicomm,2024,34.1%,observed
E025,AAOI,Digicomm,2025,53.1%,observed
E026,Lumentum,Apple,2021,30.2%,observed
E027,Lumentum,Apple,2022,28.7%,observed
E028,Lumentum,Apple,2023,12.1%,observed
E028,Lumentum,Apple,2024,<10%退出表,censored
E029,Lumentum,Ciena,2021,10.1%,observed
E030,Lumentum,Ciena,2022,12.6%,observed
E031,Lumentum,Ciena,2023,15.3%,observed
E032,Lumentum,Ciena,2024,11.4%,observed
E033,Lumentum,华为,2021,10.8%,observed
E033,Lumentum,华为,2022,<10%退出表,censored
E034,Lumentum,Nokia,2023,10.5%,observed
E035,Lumentum,Google,2024,18.9%,observed
E036,Lumentum,Ciena(解匿),2025,16.0%,observed
E037,Lumentum,Google(解匿),2025,15.4%,observed
E038,Fabrinet(解匿),Lumentum,2023,42.5%,first_observed
E038,Fabrinet(解匿),Lumentum,2024,30.3%,observed
E038,Fabrinet(解匿),Lumentum,2025,25.1%,last_observed
E039,Coherent,匿名客户(FY2023),2023,10%,observed
E040,Coherent,匿名客户(FY2024),2024,10%,observed
E041,Coherent,匿名客户1(FY2025),2025,12%,observed
E042,Coherent,匿名客户2(FY2025),2025,10%,observed
E043,天孚通信,Fabrinet,2025,63.31%(3268843594.94元),observed
E044,中际旭创,PINEWAVE(关联方),2025,43378万美元(占同类关联交易100%),observed
E045,猎奇智能,中际旭创,2023,62.19%,first_observed
E045,猎奇智能,中际旭创,2024,58.85%,observed
E045,猎奇智能,中际旭创,2025,53.42%,last_observed
E046,猎奇智能,索恩格,2023,6.89%,first_observed
E046,猎奇智能,索恩格,2024,6.27%,observed
E046,猎奇智能,索恩格,2025,10.12%(7059.21万元),last_observed
E047,猎奇智能,索尔思(Source Photonics),2025,6.55%(4569.15万元),observed
E048,猎奇智能,光迅科技,2024,11.23%(6097.74万元),observed
E048,猎奇智能,光迅科技,2025,跌出前五,censored
E049,猎奇智能,源杰科技,2023,10.77%(3115.80万元),observed
E049,猎奇智能,源杰科技,2024,跌出前五,censored
E049,猎奇智能,源杰科技,2025,跌出前五,censored
E050,猎奇智能,苏世博,2024,3.00%,first_observed
E050,猎奇智能,苏世博,2025,5.58%(3890.49万元),last_observed
E051,星微科技,猎奇智能,2023,10.41%(2710.62万元),first_observed
E051,星微科技,猎奇智能,2024,6.54%,observed
E051,星微科技,猎奇智能,2025,4.63%,last_observed
E052,奥普瑞,猎奇智能,2023,4.32%,first_observed
E052,奥普瑞,猎奇智能,2024,5.81%,observed
E052,奥普瑞,猎奇智能,2025,5.85%(5040.29万元),last_observed
E053,南央国际,猎奇智能,2025,3.00%(2586.96万元),observed
E054,津微光电,猎奇智能,2024,3.69%(1007.62万元),observed
E055,中际旭创,客户A(匿名),2025,24.06%(9201495755.91元),observed
E056,中际旭创,客户B(匿名),2025,18.26%(6981202208.21元),observed
E057,中际旭创,客户C(匿名),2025,14.22%(5438189570.59元),observed
E058,中际旭创,客户D(匿名),2025,11.34%(4337902496.40元),observed
E059,供应商A(匿名),中际旭创,2025,35.76%(8885926791.46元),observed
E060,新易盛,客户第一名(匿名),2024,31.74%,first_observed
E060,新易盛,客户第一名(匿名),2025,22.97%(5706560719.37元),last_observed
E061,新易盛,客户第二名(匿名),2024,12.39%,first_observed
E061,新易盛,客户第二名(匿名),2025,16.64%(4133465492.45元),last_observed
E062,新易盛,客户第三名(匿名),2024,12.15%,first_observed
E062,新易盛,客户第三名(匿名),2025,15.63%(3881540609.61元),last_observed
E063,新易盛,客户第四名(匿名),2025,10.96%(2721814735.32元),observed
E064,供应商第一名(匿名),新易盛,2023,15.03%,first_observed
E064,供应商第一名(匿名),新易盛,2024,23.57%,observed
E064,供应商第一名(匿名),新易盛,2025,23.87%(3666795583.83元),last_observed
E065,天孚通信,客户2(匿名),2025,11.66%(601931536.36元),observed
E066,供应商1(匿名),天孚通信,2025,34.81%(832889806.30元),observed
E067,猎奇智能,客户五(匿名),2023,11.32%(3273.09万元),first_observed
E067,猎奇智能,客户五(匿名),2024,3.48%,observed
E067,猎奇智能,客户五(匿名),2025,3.74%,last_observed
E068,Fabrinet,Lumentum,2021,13.6%,first_observed
E068,Fabrinet,Lumentum,2022,10.3%,observed
E068,Fabrinet,Lumentum,2023,15.4%,last_observed
E069,Fabrinet,NVIDIA,2023,12.5%,observed
E070,Fabrinet,Cisco,2021,10.7%,first_observed
E070,Fabrinet,Cisco,2022,25.4%,observed
E070,Fabrinet,Cisco,2023,15.6%,last_observed
E071,Fabrinet,Infinera,2021,11.6%,first_observed
E071,Fabrinet,Infinera,2022,12.5%,observed
E071,Fabrinet,Infinera,2023,12.4%,last_observed
E072,天孚通信,Fabrinet,2023,53.61%(1039308855.95元),observed
E073,天孚通信,Fabrinet,2024,61.69%(2005917035.59元),observed
E074,光迅科技,烽火通信,2023,5.59%(369224117.92元),observed
E074,光迅科技,烽火通信,2024,跌出前五,censored
E074,光迅科技,烽火通信,2025,跌出前五,censored
E075,光迅科技,客户1(匿名),2023,15.24%,first_observed
E075,光迅科技,客户1(匿名),2024,12.42%,observed
E075,光迅科技,客户1(匿名),2025,15.16%(1807934600.51元),last_observed
E076,罗博特科,客户一(匿名),2025,19.35%(183805309.74元),observed
E077,凯格精机,第一名(匿名),2025,8.51%(94811977.48元),observed
E078,快克智能,客户一(匿名),2025,12.13%(131019640.80元),observed
E079,普源精电,客户1(匿名),2025,12.73%(112631500.00元),observed
E080,奥特维,客户1(匿名),2025,15.35%(981740400.00元),observed
E081,博众精工,客户一(匿名),2025,32.82%(2154855900.00元),observed
E082,联讯仪器,Power Master,2025Q1,9.06%(1821.39万元),observed
E083,联讯仪器,新易盛,2025Q1,8.29%(1668.10万元),observed
E084,联讯仪器,讯速信远,2025Q1,5.47%(1100.78万元),observed
E085,联讯仪器,光迅科技,2024,7.57%,observed
E086,联讯仪器,士兰微,2024,6.92%,observed
E087,联讯仪器,海信集团,2024,6.54%,observed
E088,联讯仪器,中际旭创,2024,6.26%,observed
E089,联讯仪器,海信集团,2023,15.33%(4227.19万元),observed
E090,联讯仪器,中际旭创,2023,14.75%(4068.26万元),observed
E091,联讯仪器,三安光电,2023,6.81%(1876.87万元),observed
E092,联讯仪器,海信集团,2022,14.02%(3005.18万元),observed
E093,联讯仪器,光迅科技,2022,11.53%(2471.91万元),observed
E094,联讯仪器,Broadcom,2022,6.11%(1310.23万元),observed
E095,联讯仪器,三安光电,2022,5.06%(1084.04万元),observed
E096,联讯仪器,集团一(匿名),2023,9.90%,first_observed
E096,联讯仪器,集团一(匿名),2024,16.92%,observed
E096,联讯仪器,集团一(匿名),2025Q1,35.51%(7140.45万元),last_observed
E097,联讯仪器,集团一(匿名),2024,16.92%,observed
E098,联讯仪器,集团一(匿名),2023,9.90%(2730.72万元),observed
E099,联讯仪器,集团二(匿名),2023,6.03%,observed
