月份,贸易伙伴,贸易方式,出口量kg,金额USD
202501,美国,一般贸易,57854,133634008
202501,美国,进料加工贸易,53084,41470218
202501,美国,海关特殊监管区域物流货物,11467,18291911
202501,美国,保税监管场所进出境货物,2445,393192
202501,美国,其他,3,8624
202501,马来西亚,进料加工贸易,26432,65085180
202501,马来西亚,一般贸易,11543,8042353
202501,马来西亚,海关特殊监管区域物流货物,29,23843
202501,马来西亚,保税监管场所进出境货物,5,1607
202501,马来西亚,其他,2,640
202501,泰国,一般贸易,21800,26174570
202501,泰国,进料加工贸易,874,11724388
202501,泰国,海关特殊监管区域物流货物,155,65102
202501,泰国,其他,12,10744
202501,泰国,保税监管场所进出境货物,13,6607
202501,中国台湾,进料加工贸易,10085,12297181
202501,中国台湾,一般贸易,9776,11400638
202501,中国台湾,海关特殊监管区域物流货物,250,462508
202501,中国台湾,保税监管场所进出境货物,1,467
202501,墨西哥,一般贸易,9147,15155209
202501,墨西哥,进料加工贸易,1229,2250433
202501,墨西哥,海关特殊监管区域物流货物,34,43708
202501,墨西哥,保税监管场所进出境货物,1,12208
202501,中国香港,一般贸易,7361,12878480
202501,中国香港,进料加工贸易,1021,2490390
202501,中国香港,海关特殊监管区域物流货物,2007,1433599
202501,中国香港,保税监管场所进出境货物,15,22560
202501,荷兰,一般贸易,13622,8553309
202501,荷兰,进料加工贸易,903,1163508
202501,荷兰,海关特殊监管区域物流货物,75,173384
202501,新加坡,一般贸易,3977,6141921
202501,新加坡,进料加工贸易,2274,3519022
202501,新加坡,海关特殊监管区域物流货物,31,50940
202501,新加坡,其他,96,936
202501,其他,一般贸易,86939,53645291
202501,其他,进料加工贸易,7206,6865859
202501,其他,海关特殊监管区域物流货物,9125,4679974
202501,其他,保税监管场所进出境货物,836,435272
202501,其他,对外承包工程出口货物,73,109199
202501,其他,其他,947,68781
202502,美国,一般贸易,30698,79657341
202502,美国,进料加工贸易,31428,23118173
202502,美国,海关特殊监管区域物流货物,2090,15544430
202502,美国,保税监管场所进出境货物,1233,203922
202502,美国,其他,0,785
202502,马来西亚,进料加工贸易,42073,78500182
202502,马来西亚,一般贸易,10168,12147403
202502,马来西亚,海关特殊监管区域物流货物,34,14719
202502,马来西亚,其他,2,735
202502,泰国,一般贸易,17939,22615620
202502,泰国,进料加工贸易,453,4396503
202502,泰国,海关特殊监管区域物流货物,443,115511
202502,泰国,其他,0,1393
202502,中国台湾,进料加工贸易,9440,11821857
202502,中国台湾,一般贸易,8616,6683820
202502,中国台湾,海关特殊监管区域物流货物,113,40238
202502,墨西哥,一般贸易,4633,8690186
202502,墨西哥,进料加工贸易,575,1271362
202502,墨西哥,其他,1,10774
202502,墨西哥,海关特殊监管区域物流货物,8,8430
202502,墨西哥,保税监管场所进出境货物,3,1347
202502,中国香港,一般贸易,3381,5034336
202502,中国香港,进料加工贸易,1280,2908089
202502,中国香港,海关特殊监管区域物流货物,825,669766
202502,中国香港,保税监管场所进出境货物,0,144
202502,荷兰,一般贸易,7139,5322526
202502,荷兰,进料加工贸易,846,901410
202502,荷兰,海关特殊监管区域物流货物,19,159491
202502,荷兰,保税监管场所进出境货物,2,1020
202502,新加坡,一般贸易,5291,3008683
202502,新加坡,进料加工贸易,1870,2525593
202502,新加坡,保税监管场所进出境货物,41,15694
202502,新加坡,海关特殊监管区域物流货物,22,7908
202502,其他,一般贸易,59584,37027936
202502,其他,进料加工贸易,4375,4144220
202502,其他,海关特殊监管区域物流货物,6516,2786942
202502,其他,保税监管场所进出境货物,2631,1301526
202502,其他,其他,45,1179896
202502,其他,边境小额贸易,20,12569
202502,其他,对外承包工程出口货物,18,42
202503,美国,一般贸易,47771,108502573
202503,美国,海关特殊监管区域物流货物,19362,49355700
202503,美国,进料加工贸易,39606,24216756
202503,美国,保税监管场所进出境货物,1061,162308
202503,美国,其他,6,12150
202503,马来西亚,进料加工贸易,63417,117339291
202503,马来西亚,一般贸易,43986,49877043
202503,马来西亚,海关特殊监管区域物流货物,36,31557
202503,马来西亚,其他,3,1721
202503,爱尔兰,一般贸易,16262,44827524
202503,爱尔兰,进料加工贸易,8329,2365865
202503,爱尔兰,海关特殊监管区域物流货物,1783,421987
202503,中国香港,一般贸易,6094,16258461
202503,中国香港,进料加工贸易,3850,10044944
202503,中国香港,海关特殊监管区域物流货物,1866,2517850
202503,中国香港,保税监管场所进出境货物,13,4141
202503,中国香港,其他,1,56
202503,泰国,一般贸易,14889,20193693
202503,泰国,进料加工贸易,601,6902325
202503,泰国,海关特殊监管区域物流货物,337,99345
202503,泰国,其他,0,594
202503,泰国,保税监管场所进出境货物,0,34
202503,中国台湾,一般贸易,13735,13872010
202503,中国台湾,进料加工贸易,9553,11338292
202503,中国台湾,海关特殊监管区域物流货物,192,59085
202503,中国台湾,保税监管场所进出境货物,131,338
202503,中国台湾,其他,0,84
202503,荷兰,一般贸易,11553,17221585
202503,荷兰,进料加工贸易,1614,1028662
202503,荷兰,海关特殊监管区域物流货物,251,308377
202503,荷兰,保税监管场所进出境货物,15,2317
202503,新加坡,一般贸易,7144,11654051
202503,新加坡,进料加工贸易,3262,5040171
202503,新加坡,海关特殊监管区域物流货物,534,276087
202503,新加坡,保税监管场所进出境货物,182,19776
202503,新加坡,其他,1,135
202503,其他,一般贸易,122508,70992319
202503,其他,海关特殊监管区域物流货物,10376,7800803
202503,其他,进料加工贸易,3635,6598640
202503,其他,保税监管场所进出境货物,937,354521
202503,其他,对外承包工程出口货物,8,288150
202503,其他,边境小额贸易,803,283081
202503,其他,其他,95,118959
202504,马来西亚,进料加工贸易,35877,90164192
202504,马来西亚,一般贸易,27673,32798950
202504,马来西亚,海关特殊监管区域物流货物,29,8817
202504,马来西亚,其他,6,2266
202504,马来西亚,保税监管场所进出境货物,2,654
202504,美国,一般贸易,37887,68519992
202504,美国,海关特殊监管区域物流货物,18767,21816994
202504,美国,进料加工贸易,3050,4908060
202504,美国,保税监管场所进出境货物,68,23465
202504,美国,其他,185,1217
202504,泰国,一般贸易,39964,71824448
202504,泰国,进料加工贸易,176,4615786
202504,泰国,保税监管场所进出境货物,366,2239016
202504,泰国,海关特殊监管区域物流货物,474,116007
202504,泰国,其他,11,22430
202504,中国香港,海关特殊监管区域物流货物,3602,10819863
202504,中国香港,进料加工贸易,3021,6159142
202504,中国香港,一般贸易,3639,6063275
202504,中国香港,保税监管场所进出境货物,59,10394
202504,中国香港,其他,0,16
202504,中国台湾,一般贸易,11534,11415840
202504,中国台湾,进料加工贸易,9734,9880707
202504,中国台湾,海关特殊监管区域物流货物,39,22314
202504,中国台湾,保税监管场所进出境货物,2,289
202504,墨西哥,一般贸易,6707,19173101
202504,墨西哥,进料加工贸易,730,1609833
202504,墨西哥,海关特殊监管区域物流货物,26,26985
202504,墨西哥,保税监管场所进出境货物,2,624
202504,墨西哥,对外承包工程出口货物,1,369
202504,荷兰,一般贸易,12918,11240796
202504,荷兰,进料加工贸易,641,1373054
202504,荷兰,海关特殊监管区域物流货物,43,289290
202504,新加坡,进料加工贸易,10244,6415313
202504,新加坡,一般贸易,5288,5878761
202504,新加坡,海关特殊监管区域物流货物,822,296762
202504,新加坡,其他,4,4475
202504,新加坡,保税监管场所进出境货物,4,3448
202504,其他,一般贸易,97605,52806464
202504,其他,海关特殊监管区域物流货物,11917,5687848
202504,其他,对外承包工程出口货物,4540,5440518
202504,其他,进料加工贸易,7158,5319241
202504,其他,保税监管场所进出境货物,3102,264292
202504,其他,边境小额贸易,25,36181
202504,其他,其他,26,21405
202505,马来西亚,进料加工贸易,45757,121626633
202505,马来西亚,一般贸易,17889,17273680
202505,马来西亚,海关特殊监管区域物流货物,67,85733
202505,马来西亚,其他,14,10824
202505,马来西亚,保税监管场所进出境货物,1,248
202505,泰国,一般贸易,27427,59237151
202505,泰国,海关特殊监管区域物流货物,472,109813
202505,泰国,进料加工贸易,195,73456
202505,泰国,其他,0,2139
202505,美国,一般贸易,29008,32186415
202505,美国,海关特殊监管区域物流货物,13125,5905376
202505,美国,进料加工贸易,1882,2554791
202505,美国,保税监管场所进出境货物,1,1672
202505,美国,其他,30,166
202505,中国香港,一般贸易,5696,16171558
202505,中国香港,进料加工贸易,4998,12409544
202505,中国香港,海关特殊监管区域物流货物,2470,3174854
202505,中国香港,其他,3,262
202505,中国台湾,一般贸易,10626,16848853
202505,中国台湾,进料加工贸易,12533,12510776
202505,中国台湾,海关特殊监管区域物流货物,4,1430
202505,墨西哥,一般贸易,8028,27801614
202505,墨西哥,进料加工贸易,931,1333620
202505,墨西哥,海关特殊监管区域物流货物,31,26796
202505,墨西哥,保税监管场所进出境货物,2,5360
202505,爱尔兰,一般贸易,8029,22296507
202505,爱尔兰,进料加工贸易,9381,2364157
202505,爱尔兰,海关特殊监管区域物流货物,2,427
202505,荷兰,一般贸易,13244,20992174
202505,荷兰,进料加工贸易,531,1163937
202505,荷兰,海关特殊监管区域物流货物,10,116341
202505,其他,一般贸易,89258,60776465
202505,其他,进料加工贸易,11417,9049842
202505,其他,海关特殊监管区域物流货物,8721,5300091
202505,其他,保税监管场所进出境货物,821,275395
202505,其他,边境小额贸易,98,109501
202505,其他,其他,695,75071
202505,其他,对外承包工程出口货物,25,17970
202505,其他,国家间、国际组织无偿援助和赠送的物资,17,463
202506,马来西亚,进料加工贸易,60166,126863849
202506,马来西亚,一般贸易,27701,36654308
202506,马来西亚,海关特殊监管区域物流货物,302,151591
202506,马来西亚,其他,47,4916
202506,马来西亚,保税监管场所进出境货物,6,3605
202506,马来西亚,对外承包工程出口货物,1,418
202506,美国,一般贸易,24656,40391299
202506,美国,进料加工贸易,3449,3870681
202506,美国,海关特殊监管区域物流货物,74,49727
202506,美国,保税监管场所进出境货物,153,25854
202506,美国,其他,76,17814
202506,中国香港,一般贸易,7593,15933762
202506,中国香港,进料加工贸易,5245,12872293
202506,中国香港,海关特殊监管区域物流货物,3031,8115237
202506,中国香港,保税监管场所进出境货物,120,1153338
202506,中国台湾,一般贸易,10417,17342439
202506,中国台湾,进料加工贸易,12483,13578960
202506,中国台湾,海关特殊监管区域物流货物,232,46264
202506,中国台湾,其他,10,4443
202506,中国台湾,保税监管场所进出境货物,3,923
202506,泰国,一般贸易,14514,27790537
202506,泰国,进料加工贸易,646,517458
202506,泰国,海关特殊监管区域物流货物,459,103677
202506,泰国,保税监管场所进出境货物,5,963
202506,墨西哥,一般贸易,5657,14668529
202506,墨西哥,进料加工贸易,730,1625009
202506,墨西哥,海关特殊监管区域物流货物,77,70438
202506,墨西哥,保税监管场所进出境货物,8,7228
202506,荷兰,一般贸易,8688,9762508
202506,荷兰,进料加工贸易,1584,2080870
202506,荷兰,海关特殊监管区域物流货物,12,27390
202506,荷兰,保税监管场所进出境货物,2,2485
202506,爱尔兰,一般贸易,2077,5661338
202506,爱尔兰,进料加工贸易,14387,3288936
202506,其他,一般贸易,90711,52153918
202506,其他,海关特殊监管区域物流货物,10168,7102668
202506,其他,进料加工贸易,6680,6337487
202506,其他,保税监管场所进出境货物,1896,559656
202506,其他,对外承包工程出口货物,20,110546
202506,其他,边境小额贸易,366,89442
202506,其他,其他,356,28807
202506,其他,国家间、国际组织无偿援助和赠送的物资,1,1203
202507,马来西亚,进料加工贸易,46672,125194153
202507,马来西亚,一般贸易,22546,29124841
202507,马来西亚,海关特殊监管区域物流货物,39,45283
202507,马来西亚,保税监管场所进出境货物,2,654
202507,美国,一般贸易,22231,28652936
202507,美国,进料加工贸易,1992,3129026
202507,美国,海关特殊监管区域物流货物,238,200699
202507,美国,保税监管场所进出境货物,222,21397
202507,美国,其他,1,6075
202507,泰国,一般贸易,15031,31302409
202507,泰国,进料加工贸易,318,125128
202507,泰国,海关特殊监管区域物流货物,391,77661
202507,泰国,其他,0,3970
202507,中国台湾,进料加工贸易,15931,19016505
202507,中国台湾,一般贸易,8022,12091266
202507,中国台湾,海关特殊监管区域物流货物,14,20245
202507,中国香港,进料加工贸易,6013,12325687
202507,中国香港,一般贸易,5592,10491645
202507,中国香港,海关特殊监管区域物流货物,2200,1606204
202507,中国香港,保税监管场所进出境货物,43,7609
202507,中国香港,其他,5,2980
202507,墨西哥,一般贸易,5366,11572389
202507,墨西哥,进料加工贸易,1211,1683951
202507,墨西哥,保税监管场所进出境货物,20,133521
202507,墨西哥,海关特殊监管区域物流货物,2,714
202507,新加坡,一般贸易,5504,8033335
202507,新加坡,进料加工贸易,6828,4155284
202507,新加坡,海关特殊监管区域物流货物,29,16549
202507,新加坡,保税监管场所进出境货物,41,227
202507,德国,一般贸易,9446,5375004
202507,德国,海关特殊监管区域物流货物,1868,2812103
202507,德国,进料加工贸易,170,1098044
202507,其他,一般贸易,92272,54298024
202507,其他,海关特殊监管区域物流货物,9841,3794212
202507,其他,进料加工贸易,5564,3755495
202507,其他,保税监管场所进出境货物,1614,543191
202507,其他,边境小额贸易,128,20400
202507,其他,其他,32,5538
202507,其他,国家间、国际组织无偿援助和赠送的物资,9,3211
202507,其他,对外承包工程出口货物,3,587
202508,马来西亚,进料加工贸易,45516,128237228
202508,马来西亚,一般贸易,16022,17029892
202508,马来西亚,海关特殊监管区域物流货物,50,54512
202508,马来西亚,保税监管场所进出境货物,11,4813
202508,马来西亚,其他,4,293
202508,中国台湾,进料加工贸易,20988,23222549
202508,中国台湾,一般贸易,9685,15466094
202508,中国台湾,海关特殊监管区域物流货物,26,27550
202508,中国台湾,保税监管场所进出境货物,5,2569
202508,美国,一般贸易,25731,32094295
202508,美国,进料加工贸易,2521,3341551
202508,美国,海关特殊监管区域物流货物,59,57433
202508,美国,其他,7,31025
202508,泰国,一般贸易,13968,24884067
202508,泰国,进料加工贸易,373,166377
202508,泰国,保税监管场所进出境货物,27,9673
202508,泰国,其他,0,593
202508,泰国,海关特殊监管区域物流货物,0,553
202508,中国香港,进料加工贸易,8082,11484687
202508,中国香港,一般贸易,4876,9213103
202508,中国香港,海关特殊监管区域物流货物,2297,3810845
202508,中国香港,保税监管场所进出境货物,25,27790
202508,墨西哥,一般贸易,5732,17119814
202508,墨西哥,进料加工贸易,1255,2196394
202508,墨西哥,保税监管场所进出境货物,25,205737
202508,墨西哥,海关特殊监管区域物流货物,4,7032
202508,新加坡,一般贸易,4851,5917851
202508,新加坡,进料加工贸易,2826,4351774
202508,新加坡,海关特殊监管区域物流货物,317,296350
202508,新加坡,保税监管场所进出境货物,67,8486
202508,德国,一般贸易,6167,4340009
202508,德国,海关特殊监管区域物流货物,1417,2464595
202508,德国,进料加工贸易,48,393664
202508,德国,其他,1,13503
202508,德国,保税监管场所进出境货物,17,1750
202508,其他,一般贸易,102258,50944726
202508,其他,海关特殊监管区域物流货物,13148,5521983
202508,其他,进料加工贸易,3854,3807625
202508,其他,保税监管场所进出境货物,1949,1035986
202508,其他,对外承包工程出口货物,214,153153
202508,其他,其他,14,31412
202508,其他,边境小额贸易,580,608
202509,马来西亚,进料加工贸易,44968,111613500
202509,马来西亚,一般贸易,37363,46913457
202509,马来西亚,海关特殊监管区域物流货物,46,49148
202509,马来西亚,保税监管场所进出境货物,2,557
202509,泰国,一般贸易,22721,63184608
202509,泰国,进料加工贸易,668,927497
202509,泰国,其他,0,1346
202509,美国,一般贸易,23461,39013437
202509,美国,进料加工贸易,2864,3282050
202509,美国,海关特殊监管区域物流货物,52,171136
202509,美国,其他,6,40563
202509,中国台湾,进料加工贸易,19485,23218490
202509,中国台湾,一般贸易,11305,18424465
202509,中国台湾,海关特殊监管区域物流货物,310,126402
202509,中国香港,进料加工贸易,6148,12710872
202509,中国香港,一般贸易,4304,7441644
202509,中国香港,海关特殊监管区域物流货物,2463,4466543
202509,中国香港,保税监管场所进出境货物,76,486562
202509,中国香港,其他,3,4900
202509,墨西哥,一般贸易,5516,15250471
202509,墨西哥,进料加工贸易,1585,1951723
202509,墨西哥,保税监管场所进出境货物,5,9528
202509,墨西哥,海关特殊监管区域物流货物,0,1533
202509,荷兰,一般贸易,8696,6414522
202509,荷兰,进料加工贸易,483,958055
202509,荷兰,海关特殊监管区域物流货物,537,252346
202509,荷兰,保税监管场所进出境货物,4,915
202509,德国,一般贸易,6639,5123765
202509,德国,海关特殊监管区域物流货物,1347,1721556
202509,德国,进料加工贸易,56,481333
202509,德国,保税监管场所进出境货物,0,138
202509,其他,一般贸易,80802,55443867
202509,其他,海关特殊监管区域物流货物,12621,6574045
202509,其他,进料加工贸易,9084,5424514
202509,其他,保税监管场所进出境货物,1140,376712
202509,其他,对外承包工程出口货物,11,21129
202509,其他,边境小额贸易,130,16297
202509,其他,其他,110,3379
202510,马来西亚,进料加工贸易,48332,129188824
202510,马来西亚,一般贸易,21195,30619690
202510,马来西亚,海关特殊监管区域物流货物,37,61659
202510,马来西亚,保税监管场所进出境货物,3,1044
202510,泰国,一般贸易,17904,43772364
202510,泰国,进料加工贸易,220,172285
202510,泰国,海关特殊监管区域物流货物,4,1104
202510,泰国,其他,0,957
202510,中国台湾,进料加工贸易,22875,27510283
202510,中国台湾,一般贸易,10156,14922588
202510,中国台湾,海关特殊监管区域物流货物,105,39109
202510,中国台湾,其他,0,852
202510,中国台湾,保税监管场所进出境货物,0,142
202510,美国,一般贸易,24054,36921593
202510,美国,进料加工贸易,1992,3022376
202510,美国,海关特殊监管区域物流货物,147,170455
202510,中国香港,一般贸易,4178,7319968
202510,中国香港,进料加工贸易,3668,4788544
202510,中国香港,海关特殊监管区域物流货物,2090,1510972
202510,中国香港,保税监管场所进出境货物,23,3635
202510,墨西哥,一般贸易,4891,8825198
202510,墨西哥,进料加工贸易,1603,2651297
202510,墨西哥,保税监管场所进出境货物,25,301384
202510,墨西哥,海关特殊监管区域物流货物,81,22525
202510,荷兰,一般贸易,10021,6597526
202510,荷兰,进料加工贸易,450,786495
202510,荷兰,海关特殊监管区域物流货物,73,48487
202510,荷兰,其他,4,25
202510,印度尼西亚,一般贸易,6536,6914756
202510,印度尼西亚,海关特殊监管区域物流货物,315,95272
202510,印度尼西亚,保税监管场所进出境货物,1,616
202510,印度尼西亚,进料加工贸易,0,587
202510,其他,一般贸易,87498,47515368
202510,其他,海关特殊监管区域物流货物,11959,6234187
202510,其他,进料加工贸易,4571,4143871
202510,其他,保税监管场所进出境货物,2345,826619
202510,其他,对外承包工程出口货物,54,77555
202510,其他,边境小额贸易,294,17758
202510,其他,来料加工贸易,4,5765
202510,其他,其他,36,4700
202511,马来西亚,进料加工贸易,52772,137058392
202511,马来西亚,一般贸易,25435,31954272
202511,马来西亚,海关特殊监管区域物流货物,56,72863
202511,马来西亚,保税监管场所进出境货物,0,27
202511,中国台湾,进料加工贸易,27833,37462204
202511,中国台湾,一般贸易,6533,8899377
202511,中国台湾,海关特殊监管区域物流货物,23,27141
202511,中国台湾,其他,1,1800
202511,中国台湾,保税监管场所进出境货物,2,489
202511,美国,一般贸易,22941,32021985
202511,美国,进料加工贸易,3323,6330335
202511,美国,海关特殊监管区域物流货物,37,124751
202511,美国,保税监管场所进出境货物,3,2124
202511,泰国,一般贸易,22903,35968298
202511,泰国,进料加工贸易,526,292739
202511,泰国,海关特殊监管区域物流货物,7,1727
202511,泰国,其他,0,265
202511,墨西哥,一般贸易,9187,26755356
202511,墨西哥,进料加工贸易,833,1565259
202511,墨西哥,保税监管场所进出境货物,7,16310
202511,墨西哥,海关特殊监管区域物流货物,11,2825
202511,中国香港,一般贸易,5354,6042516
202511,中国香港,进料加工贸易,1633,3125948
202511,中国香港,海关特殊监管区域物流货物,2307,1719839
202511,中国香港,保税监管场所进出境货物,0,5127
202511,中国香港,其他,2,1721
202511,荷兰,一般贸易,10605,8023492
202511,荷兰,进料加工贸易,897,1153553
202511,荷兰,海关特殊监管区域物流货物,105,62935
202511,荷兰,保税监管场所进出境货物,7,1050
202511,韩国,一般贸易,6001,7433218
202511,韩国,进料加工贸易,50,78481
202511,韩国,海关特殊监管区域物流货物,8,12572
202511,韩国,其他,7,10167
202511,韩国,保税监管场所进出境货物,0,30
202511,其他,一般贸易,91425,69978067
202511,其他,进料加工贸易,8464,6584538
202511,其他,海关特殊监管区域物流货物,11389,6317114
202511,其他,保税监管场所进出境货物,2205,1354327
202511,其他,其他,4225,319732
202511,其他,对外承包工程出口货物,35,152300
202511,其他,边境小额贸易,14,35136
202511,其他,国家间、国际组织无偿援助和赠送的物资,4,1460
202512,马来西亚,进料加工贸易,75447,190082807
202512,马来西亚,一般贸易,43831,62728473
202512,马来西亚,海关特殊监管区域物流货物,201,228578
202512,中国台湾,进料加工贸易,26199,40226215
202512,中国台湾,一般贸易,12361,23422838
202512,中国台湾,海关特殊监管区域物流货物,20,18599
202512,中国台湾,保税监管场所进出境货物,0,232
202512,泰国,一般贸易,14227,32442211
202512,泰国,保税监管场所进出境货物,629,2907523
202512,泰国,海关特殊监管区域物流货物,670,2449763
202512,泰国,进料加工贸易,320,304535
202512,泰国,其他,0,68
202512,墨西哥,一般贸易,8915,23051103
202512,中国香港,一般贸易,10397,13986214
202512,中国香港,进料加工贸易,4421,6888775
202512,中国香港,海关特殊监管区域物流货物,1385,1113203
202512,中国香港,保税监管场所进出境货物,6,15809
202512,新加坡,一般贸易,5402,8688617
202512,新加坡,保税监管场所进出境货物,256,2808604
202512,新加坡,进料加工贸易,2396,1723523
202512,新加坡,海关特殊监管区域物流货物,68,50156
202512,新加坡,对外承包工程出口货物,0,1993
202512,新加坡,其他,2,1400
202512,荷兰,一般贸易,9585,10328170
202512,荷兰,进料加工贸易,8293,2467803
202512,荷兰,海关特殊监管区域物流货物,111,102707
202512,德国,一般贸易,11110,6747408
202512,德国,海关特殊监管区域物流货物,259,260785
202512,德国,进料加工贸易,19,163348
202512,德国,保税监管场所进出境货物,46,3850
202512,其他,一般贸易,71037,54304177
202512,其他,对外承包工程出口货物,392,5020597
202512,其他,海关特殊监管区域物流货物,10139,4922191
202512,其他,进料加工贸易,12672,4706016
202512,其他,保税监管场所进出境货物,2297,874856
202512,其他,其他,634,62627
202512,其他,边境小额贸易,250,627
202601,马来西亚,进料加工贸易,68112,173145941
202601,马来西亚,一般贸易,43990,46273087
202601,马来西亚,海关特殊监管区域物流货物,326,4113237
202601,马来西亚,对外承包工程出口货物,123,84790
202601,马来西亚,保税监管场所进出境货物,17,16547
202601,中国台湾,进料加工贸易,27986,49471926
202601,中国台湾,一般贸易,13753,30418650
202601,中国台湾,海关特殊监管区域物流货物,12,8112
202601,中国台湾,保税监管场所进出境货物,4,1930
202601,泰国,一般贸易,24032,35922891
202601,泰国,海关特殊监管区域物流货物,106,194565
202601,泰国,进料加工贸易,245,142106
202601,泰国,保税监管场所进出境货物,4,405
202601,美国,一般贸易,23173,22317436
202601,美国,进料加工贸易,4543,7223632
202601,美国,保税监管场所进出境货物,81,50030
202601,美国,海关特殊监管区域物流货物,48,41825
202601,美国,其他,3,16
202601,中国香港,一般贸易,7241,12293276
202601,中国香港,进料加工贸易,4473,8405025
202601,中国香港,海关特殊监管区域物流货物,2486,1826569
202601,中国香港,保税监管场所进出境货物,19,2453
202601,墨西哥,一般贸易,5683,14057669
202601,墨西哥,进料加工贸易,841,1586120
202601,墨西哥,保税监管场所进出境货物,3,2692
202601,墨西哥,海关特殊监管区域物流货物,0,1168
202601,荷兰,一般贸易,11112,8862715
202601,荷兰,进料加工贸易,2083,1646724
202601,荷兰,海关特殊监管区域物流货物,227,102363
202601,德国,一般贸易,6954,5339130
202601,德国,海关特殊监管区域物流货物,1461,1489536
202601,德国,进料加工贸易,120,845425
202601,德国,保税监管场所进出境货物,9,1105
202601,其他,一般贸易,75477,61497633
202601,其他,进料加工贸易,10904,5463401
202601,其他,海关特殊监管区域物流货物,8146,4755746
202601,其他,对外承包工程出口货物,176,1029981
202601,其他,保税监管场所进出境货物,637,374729
202601,其他,其他,238,128819
202602,马来西亚,进料加工贸易,53938,164919871
202602,马来西亚,一般贸易,18730,26632970
202602,马来西亚,海关特殊监管区域物流货物,493,3106881
202602,马来西亚,保税监管场所进出境货物,5,6505
202602,马来西亚,其他,3,6007
202602,中国台湾,进料加工贸易,21842,41832496
202602,中国台湾,一般贸易,6010,12171249
202602,中国台湾,其他,33,24000
202602,中国台湾,保税监管场所进出境货物,0,130
202602,中国台湾,海关特殊监管区域物流货物,1,91
202602,泰国,一般贸易,12031,29112263
202602,泰国,进料加工贸易,282,220947
202602,泰国,海关特殊监管区域物流货物,40,23900
202602,泰国,其他,0,295
202602,墨西哥,一般贸易,7684,23492051
202602,墨西哥,进料加工贸易,917,1336588
202602,墨西哥,海关特殊监管区域物流货物,12,11990
202602,美国,一般贸易,16939,18056070
202602,美国,进料加工贸易,1068,2098268
202602,美国,海关特殊监管区域物流货物,33,100749
202602,美国,其他,26,7394
202602,美国,保税监管场所进出境货物,0,1678
202602,中国香港,一般贸易,5584,9486574
202602,中国香港,进料加工贸易,3384,5606294
202602,中国香港,海关特殊监管区域物流货物,1767,1638145
202602,中国香港,保税监管场所进出境货物,213,11968
202602,日本,一般贸易,4580,7999415
202602,日本,进料加工贸易,368,917306
202602,日本,海关特殊监管区域物流货物,237,496746
202602,荷兰,一般贸易,7608,6087302
202602,荷兰,进料加工贸易,383,795345
202602,荷兰,海关特殊监管区域物流货物,20,69485
202602,其他,一般贸易,86414,51981795
202602,其他,进料加工贸易,24682,6223344
202602,其他,海关特殊监管区域物流货物,8292,4974534
202602,其他,保税监管场所进出境货物,768,180545
202602,其他,其他,6,25280
202602,其他,对外承包工程出口货物,86,24120
202602,其他,边境小额贸易,4,26
202603,马来西亚,进料加工贸易,50326,160809430
202603,马来西亚,一般贸易,23511,36806625
202603,马来西亚,海关特殊监管区域物流货物,1700,2879898
202603,马来西亚,保税监管场所进出境货物,36,9108
202603,中国台湾,进料加工贸易,36633,53208000
202603,中国台湾,一般贸易,9172,15876355
202603,中国台湾,海关特殊监管区域物流货物,156,78780
202603,中国台湾,保税监管场所进出境货物,0,877
202603,泰国,一般贸易,20226,42775891
202603,泰国,海关特殊监管区域物流货物,3634,4708445
202603,泰国,进料加工贸易,575,385447
202603,泰国,其他,10,1536
202603,墨西哥,一般贸易,12710,40321881
202603,墨西哥,进料加工贸易,989,1777228
202603,墨西哥,保税监管场所进出境货物,4,46974
202603,墨西哥,海关特殊监管区域物流货物,55,18639
202603,美国,一般贸易,18920,26298493
202603,美国,进料加工贸易,2130,3592575
202603,美国,海关特殊监管区域物流货物,189,142557
202603,美国,保税监管场所进出境货物,370,85955
202603,美国,来料加工贸易,28,37148
202603,美国,其他,0,2269
202603,中国香港,一般贸易,5885,7821929
202603,中国香港,进料加工贸易,3437,7760912
202603,中国香港,海关特殊监管区域物流货物,2941,3124803
202603,中国香港,其他,66,140649
202603,新加坡,海关特殊监管区域物流货物,681,6702723
202603,新加坡,一般贸易,5024,4183742
202603,新加坡,进料加工贸易,1869,944553
202603,新加坡,保税监管场所进出境货物,10,5085
202603,新加坡,其他,0,118
202603,荷兰,一般贸易,9106,7936312
202603,荷兰,进料加工贸易,617,1174016
202603,荷兰,海关特殊监管区域物流货物,266,151557
202603,荷兰,保税监管场所进出境货物,14,2032
202603,其他,一般贸易,73613,55812225
202603,其他,海关特殊监管区域物流货物,9944,9719853
202603,其他,进料加工贸易,3831,5136945
202603,其他,保税监管场所进出境货物,609,472573
202603,其他,对外承包工程出口货物,17,24883
202603,其他,其他,31,22514
202604,马来西亚,进料加工贸易,81983,262636603
202604,马来西亚,一般贸易,24059,30302672
202604,马来西亚,海关特殊监管区域物流货物,392,1412081
202604,马来西亚,保税监管场所进出境货物,0,5
202604,中国台湾,进料加工贸易,41337,66483663
202604,中国台湾,一般贸易,8456,13191233
202604,中国台湾,海关特殊监管区域物流货物,21,1558
202604,墨西哥,一般贸易,11137,39146870
202604,墨西哥,进料加工贸易,1551,2469995
202604,墨西哥,海关特殊监管区域物流货物,133,128758
202604,墨西哥,保税监管场所进出境货物,10,28460
202604,美国,一般贸易,26261,28877623
202604,美国,进料加工贸易,3344,9086975
202604,美国,海关特殊监管区域物流货物,611,1527051
202604,美国,保税监管场所进出境货物,1050,189853
202604,美国,其他,0,1637
202604,中国香港,一般贸易,9157,14939319
202604,中国香港,进料加工贸易,7683,14494249
202604,中国香港,海关特殊监管区域物流货物,3251,6014838
202604,中国香港,其他,47,98160
202604,中国香港,保税监管场所进出境货物,9,990
202604,泰国,一般贸易,12937,28671689
202604,泰国,海关特殊监管区域物流货物,2513,3092306
202604,泰国,进料加工贸易,396,242833
202604,泰国,其他,0,803
202604,泰国,保税监管场所进出境货物,2,150
202604,德国,一般贸易,10018,5392976
202604,德国,海关特殊监管区域物流货物,1441,1999787
202604,德国,进料加工贸易,98,713053
202604,德国,保税监管场所进出境货物,1,590
202604,荷兰,一般贸易,9427,7042133
202604,荷兰,进料加工贸易,440,707403
202604,荷兰,海关特殊监管区域物流货物,207,174244
202604,其他,一般贸易,82430,64149795
202604,其他,进料加工贸易,3989,7385661
202604,其他,海关特殊监管区域物流货物,8125,4348590
202604,其他,保税监管场所进出境货物,1632,455475
202604,其他,其他,4299,40648
202604,其他,边境小额贸易,167,9258
202604,其他,对外承包工程出口货物,83,2712
202605,马来西亚,进料加工贸易,76025,224049514
202605,马来西亚,一般贸易,22223,25252281
202605,马来西亚,海关特殊监管区域物流货物,5284,9659317
202605,马来西亚,保税监管场所进出境货物,26,43394
202605,马来西亚,其他,19,228
202605,中国台湾,进料加工贸易,46991,80524217
202605,中国台湾,一般贸易,8980,20161266
202605,中国台湾,海关特殊监管区域物流货物,73,15841
202605,中国台湾,其他,2,13082
202605,中国台湾,保税监管场所进出境货物,0,152
202605,泰国,一般贸易,30466,81376720
202605,泰国,海关特殊监管区域物流货物,1077,1828962
202605,泰国,进料加工贸易,667,286471
202605,泰国,保税监管场所进出境货物,0,44
202605,美国,一般贸易,29803,31512939
202605,美国,进料加工贸易,6992,22167205
202605,美国,保税监管场所进出境货物,1795,374245
202605,美国,海关特殊监管区域物流货物,75,62607
202605,美国,其他,14,3546
202605,墨西哥,一般贸易,11419,38007029
202605,墨西哥,进料加工贸易,3481,12150106
202605,墨西哥,海关特殊监管区域物流货物,25,26951
202605,墨西哥,保税监管场所进出境货物,2,10866
202605,墨西哥,其他,1,2998
202605,中国香港,一般贸易,10371,22816416
202605,中国香港,进料加工贸易,8874,16073504
202605,中国香港,海关特殊监管区域物流货物,2067,1537207
202605,中国香港,保税监管场所进出境货物,10,150423
202605,印度尼西亚,一般贸易,2084,4782165
202605,印度尼西亚,海关特殊监管区域物流货物,2468,3449829
202605,印度尼西亚,进料加工贸易,1,2091
202605,印度尼西亚,其他,2,77
202605,荷兰,一般贸易,8762,6582711
202605,荷兰,进料加工贸易,754,1247333
202605,荷兰,海关特殊监管区域物流货物,171,110674
202605,其他,一般贸易,85485,60760372
202605,其他,进料加工贸易,6924,9274070
202605,其他,海关特殊监管区域物流货物,12829,6393734
202605,其他,保税监管场所进出境货物,786,147923
202605,其他,其他,69,17405
202605,其他,对外承包工程出口货物,18,987
202606,马来西亚,进料加工贸易,78425,222295216
202606,马来西亚,一般贸易,23992,25589655
202606,马来西亚,海关特殊监管区域物流货物,8046,12472532
202606,马来西亚,对外承包工程出口货物,107,64784
202606,马来西亚,其他,4,8270
202606,马来西亚,保税监管场所进出境货物,3,885
202606,中国台湾,进料加工贸易,54416,96562374
202606,中国台湾,一般贸易,7328,11488253
202606,中国台湾,海关特殊监管区域物流货物,176,44805
202606,中国台湾,其他,1,16072
202606,中国台湾,保税监管场所进出境货物,0,624
202606,泰国,一般贸易,24698,71035822
202606,泰国,海关特殊监管区域物流货物,4343,7661148
202606,泰国,进料加工贸易,791,780254
202606,泰国,其他,32,83500
202606,美国,一般贸易,27309,34762070
202606,美国,进料加工贸易,8535,26640757
202606,美国,海关特殊监管区域物流货物,59,95533
202606,美国,保税监管场所进出境货物,303,62371
202606,美国,其他,17,41582
202606,墨西哥,一般贸易,13568,41512993
202606,墨西哥,进料加工贸易,4176,15186929
202606,墨西哥,海关特殊监管区域物流货物,364,319988
202606,墨西哥,保税监管场所进出境货物,60,229237
202606,中国香港,一般贸易,20210,36332766
202606,中国香港,进料加工贸易,5145,11351919
202606,中国香港,海关特殊监管区域物流货物,1922,2267951
202606,中国香港,保税监管场所进出境货物,2,1800
202606,德国,一般贸易,7768,5978217
202606,德国,海关特殊监管区域物流货物,1845,2508805
202606,德国,进料加工贸易,90,724931
202606,德国,保税监管场所进出境货物,11,1525
202606,荷兰,一般贸易,10787,7073215
202606,荷兰,进料加工贸易,184,541541
202606,荷兰,海关特殊监管区域物流货物,10,49516
202606,其他,一般贸易,85414,62081642
202606,其他,海关特殊监管区域物流货物,15510,7849586
202606,其他,进料加工贸易,4414,4604254
202606,其他,对外承包工程出口货物,827,2343537
202606,其他,保税监管场所进出境货物,1260,517285
202606,其他,其他,429,43456
202606,其他,国家间、国际组织无偿援助和赠送的物资,3,971
202606,其他,边境小额贸易,2,161
