link_id,公司,公司代码,产品线,速率档,HS编码,出口相关性(直接/间接/无),去向佐证(伙伴国),证据锚点,备注
LNK001,中际旭创,300308.SZ,100G-QSFP28,100G,85177950,直接,,海关商品名“光通信设备的激光收发模块”（HS 85177950；数据：flows/out/customs-partners.csv） | 产品目录页：https://www.innolight.com/en/goods/solution.html,目录记录INN-01与HS商品名的产品级连接；海关数据不分公司，不代表该公司出口事实、出口份额或具体去向。
LNK002,中际旭创,300308.SZ,200G-QSFP56,200G,85177950,直接,,海关商品名“光通信设备的激光收发模块”（HS 85177950；数据：flows/out/customs-partners.csv） | 产品目录页：https://www.innolight.com/en/goods/solution.html,目录记录INN-02与HS商品名的产品级连接；海关数据不分公司，不代表该公司出口事实、出口份额或具体去向。
LNK003,中际旭创,300308.SZ,400G-QSFP56-DD,400G,85177950,直接,,海关商品名“光通信设备的激光收发模块”（HS 85177950；数据：flows/out/customs-partners.csv） | 产品目录页：https://www.innolight.com/en/goods/solution.html,目录记录INN-03与HS商品名的产品级连接；海关数据不分公司，不代表该公司出口事实、出口份额或具体去向。
LNK004,中际旭创,300308.SZ,400G-QSFP112,400G,85177950,直接,,海关商品名“光通信设备的激光收发模块”（HS 85177950；数据：flows/out/customs-partners.csv） | 产品目录页：https://www.innolight.com/en/goods/solution.html,目录记录INN-04与HS商品名的产品级连接；海关数据不分公司，不代表该公司出口事实、出口份额或具体去向。
LNK005,中际旭创,300308.SZ,400G-OSFP56,400G,85177950,直接,,海关商品名“光通信设备的激光收发模块”（HS 85177950；数据：flows/out/customs-partners.csv） | 产品目录页：https://www.innolight.com/en/goods/solution.html,目录记录INN-05与HS商品名的产品级连接；海关数据不分公司，不代表该公司出口事实、出口份额或具体去向。
LNK006,中际旭创,300308.SZ,400G-OSFP112,400G,85177950,直接,,海关商品名“光通信设备的激光收发模块”（HS 85177950；数据：flows/out/customs-partners.csv） | 产品目录页：https://www.innolight.com/en/goods/solution.html,目录记录INN-06与HS商品名的产品级连接；海关数据不分公司，不代表该公司出口事实、出口份额或具体去向。
LNK007,中际旭创,300308.SZ,800G-QSFP112-DD,800G,85177950,直接,,海关商品名“光通信设备的激光收发模块”（HS 85177950；数据：flows/out/customs-partners.csv） | 产品目录页：https://www.innolight.com/en/goods/solution.html,目录记录INN-07与HS商品名的产品级连接；海关数据不分公司，不代表该公司出口事实、出口份额或具体去向。
LNK008,中际旭创,300308.SZ,800G-OSFP224,800G,85177950,直接,,海关商品名“光通信设备的激光收发模块”（HS 85177950；数据：flows/out/customs-partners.csv） | 产品目录页：https://www.innolight.com/en/goods/solution.html,目录记录INN-08与HS商品名的产品级连接；海关数据不分公司，不代表该公司出口事实、出口份额或具体去向。
LNK009,中际旭创,300308.SZ,800G-OSFP112,800G,85177950,直接,,海关商品名“光通信设备的激光收发模块”（HS 85177950；数据：flows/out/customs-partners.csv） | 产品目录页：https://www.innolight.com/en/goods/solution.html,目录记录INN-09与HS商品名的产品级连接；海关数据不分公司，不代表该公司出口事实、出口份额或具体去向。
LNK010,中际旭创,300308.SZ,1.6T-OSFP224,1.6T,85177950,直接,,海关商品名“光通信设备的激光收发模块”（HS 85177950；数据：flows/out/customs-partners.csv） | 产品目录页：https://www.innolight.com/en/goods/solution.html,目录记录INN-10与HS商品名的产品级连接；海关数据不分公司，不代表该公司出口事实、出口份额或具体去向。
LNK011,新易盛,300502.SZ,400G Coherent QSFP56-DD,400G,85177950,直接,,海关商品名“光通信设备的激光收发模块”（HS 85177950；数据：flows/out/customs-partners.csv） | 产品目录页：https://www.eoptolink.com/product-solutions/400g,目录记录EO-01与HS商品名的产品级连接；海关数据不分公司，不代表该公司出口事实、出口份额或具体去向。
LNK012,新易盛,300502.SZ,400G QSFP56-DD,400G,85177950,直接,,海关商品名“光通信设备的激光收发模块”（HS 85177950；数据：flows/out/customs-partners.csv） | 产品目录页：https://www.eoptolink.com/product-solutions/400g,目录记录EO-02与HS商品名的产品级连接；海关数据不分公司，不代表该公司出口事实、出口份额或具体去向。
LNK013,新易盛,300502.SZ,400G QSFP112,400G,85177950,直接,,海关商品名“光通信设备的激光收发模块”（HS 85177950；数据：flows/out/customs-partners.csv） | 产品目录页：https://www.eoptolink.com/product-solutions/400g,目录记录EO-04与HS商品名的产品级连接；海关数据不分公司，不代表该公司出口事实、出口份额或具体去向。
LNK014,新易盛,300502.SZ,400G LPO QSFP112,400G,85177950,直接,,海关商品名“光通信设备的激光收发模块”（HS 85177950；数据：flows/out/customs-partners.csv） | 产品目录页：https://www.eoptolink.com/product-solutions/400g,目录记录EO-05与HS商品名的产品级连接；海关数据不分公司，不代表该公司出口事实、出口份额或具体去向。
LNK015,新易盛,300502.SZ,400G OSFP,400G,85177950,直接,,海关商品名“光通信设备的激光收发模块”（HS 85177950；数据：flows/out/customs-partners.csv） | 产品目录页：https://www.eoptolink.com/product-solutions/400g,目录记录EO-06与HS商品名的产品级连接；海关数据不分公司，不代表该公司出口事实、出口份额或具体去向。
LNK016,新易盛,300502.SZ,800G LPO OSFP,800G,85177950,直接,,海关商品名“光通信设备的激光收发模块”（HS 85177950；数据：flows/out/customs-partners.csv） | 产品目录页：https://www.eoptolink.com/product-solutions/800g,目录记录EO-07与HS商品名的产品级连接；海关数据不分公司，不代表该公司出口事实、出口份额或具体去向。
LNK017,新易盛,300502.SZ,800G LPO QSFP-DD800,800G,85177950,直接,,海关商品名“光通信设备的激光收发模块”（HS 85177950；数据：flows/out/customs-partners.csv） | 产品目录页：https://www.eoptolink.com/product-solutions/800g,目录记录EO-08与HS商品名的产品级连接；海关数据不分公司，不代表该公司出口事实、出口份额或具体去向。
LNK018,新易盛,300502.SZ,800G OSFP,800G,85177950,直接,,海关商品名“光通信设备的激光收发模块”（HS 85177950；数据：flows/out/customs-partners.csv） | 产品目录页：https://www.eoptolink.com/product-solutions/800g,目录记录EO-09与HS商品名的产品级连接；海关数据不分公司，不代表该公司出口事实、出口份额或具体去向。
LNK019,新易盛,300502.SZ,800G QSFP-DD800,800G,85177950,直接,,海关商品名“光通信设备的激光收发模块”（HS 85177950；数据：flows/out/customs-partners.csv） | 产品目录页：https://www.eoptolink.com/product-solutions/800g,目录记录EO-10与HS商品名的产品级连接；海关数据不分公司，不代表该公司出口事实、出口份额或具体去向。
LNK020,新易盛,300502.SZ,800G OSFP ZR Coherent,800G,85177950,直接,,海关商品名“光通信设备的激光收发模块”（HS 85177950；数据：flows/out/customs-partners.csv） | 产品目录页：https://www.eoptolink.com/product-solutions/800g,目录记录EO-12与HS商品名的产品级连接；海关数据不分公司，不代表该公司出口事实、出口份额或具体去向。
LNK021,新易盛,300502.SZ,800G OSFP MCF,800G,85177950,直接,,海关商品名“光通信设备的激光收发模块”（HS 85177950；数据：flows/out/customs-partners.csv） | 产品目录页：https://www.eoptolink.com/product-solutions/800g,目录记录EO-13与HS商品名的产品级连接；海关数据不分公司，不代表该公司出口事实、出口份额或具体去向。
LNK022,新易盛,300502.SZ,1.6T OSFP,1.6T,85177950,直接,,海关商品名“光通信设备的激光收发模块”（HS 85177950；数据：flows/out/customs-partners.csv） | 产品目录页：https://www.eoptolink.com/product-solutions/16t/16t-osfp,目录记录EO-14与HS商品名的产品级连接；海关数据不分公司，不代表该公司出口事实、出口份额或具体去向。
LNK023,天孚通信,300394.SZ,光通信器件（非整模块；具体型号未抓取）,,85177950,间接,泰国（佐证）,目录记录TS-01：https://www.tfc-optics.com ; https://www.tscom.com.cn | E043：http://static.cninfo.com.cn/finalpage/2026-04-08/1225082705.PDF | flows/out/customs-partners.csv#月份=202606&贸易伙伴=泰国,佐证逻辑：天孚→Fabrinet实名边E043与泰国流向共存；仅作定性佐证，不表示货物必经Fabrinet，也不作任何公司级出口额、出口量或份额分配。天孚为器件供应商，非整模块。
LNK024,猎奇智能,未上市,贴片设备,,,无,,flows-seed FL013 | https://reportdocs.static.szse.cn/UpFiles/rasinfodisc1/202604/RAS_202604_2219353F853040F4664F68A9C0227EAD584A6C.pdf,设备产品线，不属于HS 85177950所指激光收发模块；未建立公司出口或伙伴国去向连接。
LNK025,猎奇智能,未上市,耦合设备,,,无,,flows-seed FL014 | https://reportdocs.static.szse.cn/UpFiles/rasinfodisc1/202604/RAS_202604_2219353F853040F4664F68A9C0227EAD584A6C.pdf,设备产品线，不属于HS 85177950所指激光收发模块；未建立公司出口或伙伴国去向连接。
LNK026,猎奇智能,未上市,老化测试设备,,,无,,flows-seed FL015 | https://reportdocs.static.szse.cn/UpFiles/rasinfodisc1/202604/RAS_202604_2219353F853040F4664F68A9C0227EAD584A6C.pdf,设备产品线，不属于HS 85177950所指激光收发模块；未建立公司出口或伙伴国去向连接。
LNK027,猎奇智能,未上市,自动化设备及整线解决方案,,,无,,flows-seed FL016 | https://reportdocs.static.szse.cn/UpFiles/rasinfodisc1/202604/RAS_202604_2219353F853040F4664F68A9C0227EAD584A6C.pdf,设备产品线，不属于HS 85177950所指激光收发模块；未建立公司出口或伙伴国去向连接。
