文件,词,引语(±40字)
301479__em_弘景光电_em__2025_2025年年度报告.pdf,隔离器,制造等方面与光件)通信中的光无源器件开发适用于1.6T硅光模块和EML(如透镜、隔离器)等市场需求对FA提出了更高要求，全光交换用光试样方案模块的FA-MT产品，产品
301479__em_弘景光电_em__2025_2025年年度报告.pdf,光纤阵列,"间，按照特定协议传输数字信息的过程。其核心目标是实现信息的可靠、准确、高效传输。光纤阵列（FiberArray,FA）是一种通过精密加工技术将光纤固定在基片上形FA指成"
301479__em_弘景光电_em__2025_2025年年度报告.pdf,光纤阵列,学设计、精密制造等方面的优势，成功开发了多款光通信中的光无源器件（如非球面透镜、光纤阵列组件等）。报告期内，公司新增发明专利53项、实用新型专利34项及PCT专利1项，
688183__em_生益电子_em__2025_生益电子2025年年度报告.pdf,光模块PCB,B制作技术、高多层PTFEPCB加工技术、高多层低损PCB加工技术、1.6T高速光模块PCB制作技术、埋空腔技术、高多层N+M结构PCB制作技术、高多层厚铜技术、内埋平面电
688183__em_生益电子_em__2025_生益电子2025年年度报告.pdf,光模块PCB,B制作技术、高多层PTFEPCB加工技术、高多层低损PCB加工技术、1.6T高速光模块PCB制作技术、埋空腔技术、高多层N+M结构PCB制作技术、高多层厚铜技术、内埋17/
688183__em_生益电子_em__2025_生益电子2025年年度报告.pdf,光模块PCB,"端AI服务器的高端印制电先进服务器领域的研究开发路板，并实现产业化。研究开发高速光模块PCB产品新一代高端光通信通讯领域、消820,000,000.0024,775,184"
300308__em_中际旭创_em__2025_2025年年度报告.pdf,TOSA,器件和无源光器件。光芯片在光模块成本中占比较高。简单来看，光模块主要由光发射组件TOSA、光接收组件ROSA、电路板PCBA、光纤收发接口所构成，其中TOSA和ROSA
300308__em_中际旭创_em__2025_2025年年度报告.pdf,TOSA,光发射组件TOSA、光接收组件ROSA、电路板PCBA、光纤收发接口所构成，其中TOSA和ROSA是光模块成本中的主要部分。TOSA的主体为激光器芯片（VCSEL、DF
300308__em_中际旭创_em__2025_2025年年度报告.pdf,TOSA,板PCBA、光纤收发接口所构成，其中TOSA和ROSA是光模块成本中的主要部分。TOSA的主体为激光器芯片（VCSEL、DFB、EML等），ROSA的主体为探测器芯片（
300308__em_中际旭创_em__2025_2025年年度报告.pdf,ROSA,芯片在光模块成本中占比较高。简单来看，光模块主要由光发射组件TOSA、光接收组件ROSA、电路板PCBA、光纤收发接口所构成，其中TOSA和ROSA是光模块成本中的主要
300308__em_中际旭创_em__2025_2025年年度报告.pdf,ROSA,TOSA、光接收组件ROSA、电路板PCBA、光纤收发接口所构成，其中TOSA和ROSA是光模块成本中的主要部分。TOSA的主体为激光器芯片（VCSEL、DFB、EML
300308__em_中际旭创_em__2025_2025年年度报告.pdf,ROSA,块成本中的主要部分。TOSA的主体为激光器芯片（VCSEL、DFB、EML等），ROSA的主体为探测器芯片（APD/PIN等）。光芯片中高端芯片目前具备量产能力的供应商
300308__em_中际旭创_em__2025_2025年年度报告.pdf,跨阻放大,iver（驱动芯片）和TIA（Trans-ImpedanceAmplifier，跨阻放大器），并分别集成CTLE（ContinuousTimeLinearEqualiz
300308__em_中际旭创_em__2025_2025年年度报告.pdf,跨阻放大,目前国内已有部分厂商可实现批量供应。电芯片包括DSP芯片、激光驱动器（LDD）、跨阻放大器（TIA）、时钟数据恢复芯片（CDR）等，其中200G及以上速率的供应商主要在
300308__em_中际旭创_em__2025_2025年年度报告.pdf,TIA,R（时钟数据恢复）芯片，光模块中，只留下具有高线性度的Driver（驱动芯片）和TIA（Trans-ImpedanceAmplifier，跨阻放大器），并分别集成CT
300308__em_中际旭创_em__2025_2025年年度报告.pdf,TIA,部分厂商可实现批量供应。电芯片包括DSP芯片、激光驱动器（LDD）、跨阻放大器（TIA）、时钟数据恢复芯片（CDR）等，其中200G及以上速率的供应商主要在海外，10
688146__em_中船特气_em__2025_中船特气2025年年度报告.pdf,磷烷,型。截至报告期末，公司产品由85种增加至95种，新增产品包括五氟乙烷、七氟丙烷、磷烷混气、砷烷混气等。主要产品具体如下：1.电子特种气体14/314中船（邯郸）派瑞
301041__em_金百泽_em__2025_2025年年度报告.pdf,TIA,、低延迟、个性化的语音语音交互方案。长点。应用方案。本项目针对工业制造、智能基于TIAM69A芯片高切入智能视觉应用领家居等多领域智能视觉需性能优势，开发多功域，拓展
301041__em_金百泽_em__2025_2025年年度报告.pdf,TIA,切入智能视觉应用领家居等多领域智能视觉需性能优势，开发多功域，拓展工业制造、基于TIAM69A的智能求，通过TIAM69A芯片相关在研能智能视觉解决方智能交通等市场，
301041__em_金百泽_em__2025_2025年年度报告.pdf,TIA,域智能视觉需性能优势，开发多功域，拓展工业制造、基于TIAM69A的智能求，通过TIAM69A芯片相关在研能智能视觉解决方智能交通等市场，增视觉产品研发应用技术研究，
002281__em_光迅科技_em__2025_2025年年度报告.pdf,阵列波导光栅,大器产品包括掺铒光纤放大器、拉曼放大器和混合光放大器。无源光器件产品包括AWG（阵列波导光栅）、VMUX（光功率可调波分复用器）、WDM（波分复用器）、VOA（可调光衰减器
002281__em_光迅科技_em__2025_2025年年度报告.pdf,AWG,。光纤放大器产品包括掺铒光纤放大器、拉曼放大器和混合光放大器。无源光器件产品包括AWG（阵列波导光栅）、VMUX（光功率可调波分复用器）、WDM（波分复用器）、VOA
002281__em_光迅科技_em__2025_2025年年度报告.pdf,BOSA,要应用于接入网光纤到户（FTTH），产品有XGSPON&GPONOLT/ONU的BOSA，10GbpsPON(10GEPON/10GGPON/10GComboPON)B
002281__em_光迅科技_em__2025_2025年年度报告.pdf,BOSA,A，10GbpsPON(10GEPON/10GGPON/10GComboPON)BOSA和光收发模块等。无线接入类包括4GLTE和5G网络用CPRI/eCPRI的25G
688252__em_天德钰_em__2025_深圳天德钰科技股份有限公司2025年年度报告.pdf,TIA,特色的ESG实践做法√适用□不适用2025年，天德钰锚定企业可持续发展目标，以“TIAN”（科技驱动、协同共生、责任担当、规范导向）为四大核心战略主轴，深度呼应联合国
300414__em_中光防雷_em__2025_2025年年度报告.pdf,隔离器,光防雷科技股份有限公司2025年年度报告全文12射频元器件开发2研发多款5G宽带隔离器、环行器。批量阶段13射频元器件开发3预研发多款6G毫米波环行器。样机阶段14电
300414__em_中光防雷_em__2025_2025年年度报告.pdf,隔离器,器件开发高功率环行器。按计划进行预计批量销售化。超宽带射频器件开发超宽带环行器、隔离器。按计划进行达到行业先进水平。预计批量销售公司研发人员情况2025年2024年变
300414__em_中光防雷_em__2025_2025年年度报告.pdf,TIA,指四川中光天欣电子有限责任公司越南天宇科技指CÔNGTYTNHHCÔNGNGHỆTIANYUVIỆTNAM（越南天宇科技有限公司）越南天宇电子指CÔNGTYTNHHĐ
300414__em_中光防雷_em__2025_2025年年度报告.pdf,TIA,1282672号的营业执照，公司越南文名称:CÔNGTYTNHHCÔNGNGHỆTIANYUVIỆTNAM；地址：越南北宁省北宁市武强坊韩墨子42号；法人：邓小林。公
300689__em_澄天伟业_em__2025_2025年年度报告.pdf,TIA,"份有限公司公司的中文简称澄天伟业公司的外文名称（如有）SHENZHENCHENGTIANWEIYETECHNOLOGYCO.,LTD.公司的外文名称缩写（如有）CHE"
300689__em_澄天伟业_em__2025_2025年年度报告.pdf,TIA,"EIYETECHNOLOGYCO.,LTD.公司的外文名称缩写（如有）CHENGTIANWEIYE公司的法定代表人冯学裕深圳市南山区粤海街道高新区社区高新南九道10号"
688262__em_国芯科技_em__2025_2025年年度报告.pdf,TOSA,东软睿驰、经纬恒润等携手正式推出完整的ClassicPlatform(CP)AUTOSAR解决方案，加速助推“中国芯+中国软件”车用底层解决方案应用落地，获得了市场的认
688262__em_国芯科技_em__2025_2025年年度报告.pdf,TOSA,的ECU模布软件包优化。适配主流工具链厂商的编译和调试工具，组开发。适配主流AUTOSAR软件。人工智能CCM4211芯片是面向中小尺寸屏显市场开发的专用屏主要用于通用
002134__em_天津普林_em__2025_2025年年度报告.pdf,TIA,股票简称：天津普林股票代码：002134天津普林电路股份有限公司TIANJINPRINTRONICSCIRCUITCORPORATION2025年年度
002134__em_天津普林_em__2025_2025年年度报告.pdf,TIA,司的中文名称天津普林电路股份有限公司公司的中文简称天津普林公司的外文名称（如有）TIANJINPRINTRONICSCIRCUITCORPORATION公司的外文名称
688807__em_优迅股份_em__2025_优迅股份：2025年年度报告.pdf,BOSA,间，是一种将光纤铺设到建筑物内各个房间FTTR指的接入方式，实现室内高速网络覆盖BOSA指BOSA全称为Bi-DirectionalOpticalSub-Assembl
688807__em_优迅股份_em__2025_优迅股份：2025年年度报告.pdf,BOSA,将光纤铺设到建筑物内各个房间FTTR指的接入方式，实现室内高速网络覆盖BOSA指BOSA全称为Bi-DirectionalOpticalSub-Assembly7/22
688807__em_优迅股份_em__2025_优迅股份：2025年年度报告.pdf,BOSA,，较2024年末增长69.7%。根据Lightcounting数据，接入光模块和BOSA市场在2025年出货量达2.01亿，销售额为13亿美元，预计2030年将达到23
688807__em_优迅股份_em__2025_优迅股份：2025年年度报告.pdf,跨阻放大,接影响整个光通信系统的性能和可靠性将电流信号转换为电压信号后进行放大的芯片，用于跨阻放大器芯片（TIA）指提高光接收模块的灵敏度和带宽，是光通信系统中的5/227厦门优
688807__em_优迅股份_em__2025_优迅股份：2025年年度报告.pdf,跨阻放大,术，进军技术最前沿公司积极布局1.6T光模块应用的单波200G速率代际产品，研发跨阻放大器、VCSEL激光器驱动器、用于LPO/NPO的MZ调制器驱动器等核心产品。3）
688807__em_优迅股份_em__2025_优迅股份：2025年年度报告.pdf,跨阻放大,况如下：核心技术群核心技术技术来源技术所处阶段对应产品类型高带宽、低噪声、宽动态跨阻放大高速率跨阻放大器自研成熟应用器设计技术芯片高带宽、高增益限幅放大器设计技高速率限
688807__em_优迅股份_em__2025_优迅股份：2025年年度报告.pdf,TIA,系统的性能和可靠性将电流信号转换为电压信号后进行放大的芯片，用于跨阻放大器芯片（TIA）指提高光接收模块的灵敏度和带宽，是光通信系统中的5/227厦门优迅芯片股份有限
688807__em_优迅股份_em__2025_优迅股份：2025年年度报告.pdf,TIA,替代进程持续加速，尤其是激光雷达专用模拟芯片（驱动芯片Driver、跨阻抗放大器TIA）、信号处理ASIC芯片、激光器与探测器芯片等核心环节，国内厂商的技术突破与产品
688807__em_优迅股份_em__2025_优迅股份：2025年年度报告.pdf,TIA,和信号处理等功能的基础，属于光通信系统的核心部分。按类型分类：电芯片包括LDD、TIA、LA、CDR、DSP以及高集成的收发合一芯片。按速率分类：包括155M-2.5
002194__em_武汉凡谷_em__2025_2025年年度报告.pdf,陶瓷管壳,"1武汉协力精密制造有限公司销售结构件69,032.74武汉衍熙微器件有限公司销售陶瓷管壳28,500.00武汉红松电子科技有限公司销售设备备件4,642.44成都迪越电"
002194__em_武汉凡谷_em__2025_2025年年度报告.pdf,隔离器,导入周期短，整体运行稳定。作为Long-haul主干网传输核心部件，使用多级微波隔离器&环形器级联作为Branch模块的主干，8路高Q值TE模介质滤波器作为预计对公司
300620__em_光库科技_em__2025_2025年年度报告.pdf,AWG,器件的主流发展方向。在新一代高速宽带接入、数据中心建设驱动下，DFB激光器芯片、AWG芯片及其他光子集成芯片需求增长迅速，光子集成器件行业将迎来新一轮产品和技术升级周
300620__em_光库科技_em__2025_2025年年度报告.pdf,光隔离器,光、光纤通讯及数据中心等产业链上游的核心领域。公司凭借一系列高性能的光学器件，如光隔离器、密集光纤阵列连接器、MEMSVOA光开关、偏振分束/合束器、耦合器、波分复用器
300620__em_光库科技_em__2025_2025年年度报告.pdf,隔离器,营业务和主要产品包括：1、光纤激光器件的设计、研发、生产、销售及服务主要产品包括隔离器、合束器、光纤光栅、激光输出头等，主要应用于光纤激光器等领域。2、光通讯器件的设
300620__em_光库科技_em__2025_2025年年度报告.pdf,隔离器,应用于光纤激光器等领域。2、光通讯器件的设计、研发、生产、销售及服务主要产品包括隔离器、MEMSSwitch、波分复用器、偏振分束/合束器、光纤光栅、镀金光纤、光纤透
300620__em_光库科技_em__2025_2025年年度报告.pdf,隔离器,纤激光器在中高端应用领域也在迅速抢占市场，应用于脉冲光纤激光器的声光调制器、光纤隔离器、合束器和光纤光栅等器件已经全部实现了国产替代。在连续光纤激光器领域，国内企业在
300620__em_光库科技_em__2025_2025年年度报告.pdf,FAU,，主要应用于光网络调制、网络监控与管理、骨干网络的干线传输等领域；DR4/DR8FAU、单模/多模MT-MT跳线、MT-FAU、保偏型CPO用光纤阵列、保偏型光纤尾纤
300620__em_光库科技_em__2025_2025年年度报告.pdf,FAU,骨干网络的干线传输等领域；DR4/DR8FAU、单模/多模MT-MT跳线、MT-FAU、保偏型CPO用光纤阵列、保偏型光纤尾纤、WDM模块、MPO/MTP光纤连接器等
300620__em_光库科技_em__2025_2025年年度报告.pdf,FAU,制器芯片16)单波400GPAM4DR4调制器芯片17)全光交换机应用多通道二维FAU系列3、激光雷达光源模块及器件1)车规级有源合束器2)车规级无源器件（隔离器，组
300620__em_光库科技_em__2025_2025年年度报告.pdf,光纤阵列,域；DR4/DR8FAU、单模/多模MT-MT跳线、MT-FAU、保偏型CPO用光纤阵列、保偏型光纤尾纤、WDM模块、MPO/MTP光纤连接器等，主要应用于数据中心、云
300620__em_光库科技_em__2025_2025年年度报告.pdf,光纤阵列,需求，重点开发了海底光网络光纤馈通器（密封节）、OCS设备中相关MXN高精度多维光纤阵列等系列产品，这些产品满足了客户对高速、大容量、长距离通信的需求。在数据通讯领域，
300620__em_光库科技_em__2025_2025年年度报告.pdf,光纤阵列,数据中心等产业链上游的核心领域。公司凭借一系列高性能的光学器件，如光隔离器、密集光纤阵列连接器、MEMSVOA光开关、偏振分束/合束器、耦合器、波分复用器以及铌酸锂调制
688655__em_迅捷兴_em__2025_2025年年度报告.pdf,光模块PCB,，加快高阶HDI、厚铜电源板等能力提升，其中公司完成任意互联HDI结构的800G光模块PCB、1.6T光模块PCB技术研发，不断丰富10G-1.6T光模块产品技术积累，为公
688655__em_迅捷兴_em__2025_2025年年度报告.pdf,光模块PCB,电源板等能力提升，其中公司完成任意互联HDI结构的800G光模块PCB、1.6T光模块PCB技术研发，不断丰富10G-1.6T光模块产品技术积累，为公司积极拓展光模块市场打
688655__em_迅捷兴_em__2025_2025年年度报告.pdf,光模块PCB,符合400G光模块标准（QSFP-DD400）；内层差分阻抗±7%，采4400G光模块PCB生产工艺技术自主研发用veryLowloss等级高速板材，HDI设计；③使用CC
000050__em_深天马Ａ_em__2025_2025年年度报告.pdf,TIA,"易所公司的中文名称天马微电子股份有限公司公司的中文简称天马公司的外文名称（如有）TIANMAMICROELECTRONICSCO.,LTD.公司的外文名称缩写（如TI"
000050__em_深天马Ａ_em__2025_2025年年度报告.pdf,TIA,"IANMAMICROELECTRONICSCO.,LTD.公司的外文名称缩写（如TIANMA有）公司的法定代表人成为注册地址深圳市龙华区民治街道北站社区留仙大道天马大"
603936__em_博敏电子_em__2025_博敏电子2025年年度报告.pdf,光模块PCB,径。公司顺应行业发展趋势，近年来持续聚焦AI算力、汽车电子等高增长赛道，重点布局光模块PCB、服务器主板、加速卡主板及电源板等高端产品，并前瞻性探索“PCB+陶瓷基板”融合
603936__em_博敏电子_em__2025_博敏电子2025年年度报告.pdf,光模块PCB,产能的协同优势，已成功导入光模块头部厂商供应链体系。目前已实现400G、800G光模块PCB批量供货，同时积极推动1.6T光模块PCB量产工作，成长确定性明确。受益于光模块
603936__em_博敏电子_em__2025_博敏电子2025年年度报告.pdf,光模块PCB,应链体系。目前已实现400G、800G光模块PCB批量供货，同时积极推动1.6T光模块PCB量产工作，成长确定性明确。受益于光模块业务的快速增长，子公司江苏博敏报告期内业务
300408__em_三环集团_em__2025_2025年年度报告.pdf,陶瓷插芯,领域客户的产品需求；受益于全球算力基础设施建设进程加快、光器件市场需求扩容，公司陶瓷插芯及配套产品销售额实现进一步增长。二、报告期内公司所处行业情况半个多世纪以来，公司
300408__em_三环集团_em__2025_2025年年度报告.pdf,陶瓷管壳,精度、高稳定光纤对接方案的MT插芯+导针与散件组合、专为光芯片封装设计的高可靠性陶瓷管壳等新产品出现在各大展会上，吸引了全球众多客户的关注。顺应市场趋势，布局多元应用公
002384__em_东山精密_em__2025_2025年年度报告.pdf,磷化铟衬底,持续巩固并提升公司在全球产业链中的核心竞争力与行业地位。其中，索尔思光电拥有覆盖磷化铟衬底、外延材料至光芯片的全流程研发与工艺体系，技术壁垒持续夯实。目前CWlaser已
002384__em_东山精密_em__2025_2025年年度报告.pdf,时钟恢复,alSignalProcessor，数字信号处理器，对高速电信号进行均衡、纠错、时钟恢复、信号整DSP指形，是400G及以上高速光模块必备核心电芯片。Co-packag
600183__em_生益科技_em__2025_生益科技2025年年度报告.pdf,光模块PCB,r制程主板高阶HDI基板要求。（8）新一代高端光通信核心组件产品研发研究开发高速光模块PCB产品制作工艺技术，攻克技术难点，并实现产业化。（9）新一代智能算力核心加速组件产
600522__em_中天科技_em__2025_江苏中天科技股份有限公司2025年年度报告.pdf,TIA,"中天科技股份有限公司公司的中文简称中天科技公司的外文名称JIANGSUZHONGTIANTECHNOLOGYCO.,LTD.公司的外文名称缩写ZTT公司的法定代表人薛"
600745__em_闻泰科技_em__2025_2025年年度报告.pdf,隔离器,集成驱动IC及逻辑控制器件；BMS系统主要搭载小信号MOSFET、负载开关、数字隔离器、TVS保护器件、LDO等产品；传感器与智能决策单元高度依赖专用电源驱动及信号保
688045__em_必易微_em__2025_必易微2025年年度报告.pdf,隔离器,能源等领域。（6）公司持续推进数字隔离芯片的研发布局，推出150Mbps标准数字隔离器以及40Mbps通用数字隔离器，涵盖2/4/6通道系列产品，并打造“隔离+”系列
688045__em_必易微_em__2025_必易微2025年年度报告.pdf,隔离器,数字隔离芯片的研发布局，推出150Mbps标准数字隔离器以及40Mbps通用数字隔离器，涵盖2/4/6通道系列产品，并打造“隔离+”系列产品，能够与栅极驱动芯片、接口
300205__em_ST天喻_em__2025_2025年年度报告.pdf,TIA,"6,100.00香港算机系统服务、应用软100.00%设立有限公司港件服务雅PTTIANYUINFORMATION雅加7,028,800.00加软件和信息技术服务业9"
300205__em_ST天喻_em__2025_2025年年度报告.pdf,TIA,元，表中数据以2025年12月31日港元换人民币汇率0.90322折算。2、PTTIANYUINFORMATIONINDONESIA注册资本为100万美元，表中数据以
600171__em_上海贝岭_em__2025_上海贝岭2025年年度报告.pdf,隔离器,模拟电路指示等工作的电路。使用半导体工艺技术集成变压器或电容结构，将数据以磁数字隔离器指性方式或容性方式耦合到隔离器的另一端，以实现高耐压电气隔离的目标。第五代移动通
600171__em_上海贝岭_em__2025_上海贝岭2025年年度报告.pdf,隔离器,半导体工艺技术集成变压器或电容结构，将数据以磁数字隔离器指性方式或容性方式耦合到隔离器的另一端，以实现高耐压电气隔离的目标。第五代移动通信技术（5thGenerati
600171__em_上海贝岭_em__2025_上海贝岭2025年年度报告.pdf,隔离器,设施建设”政策叠加“双碳”目标将促进各种物联网终端对于能耗感知、光通讯数传、数字隔离器等细分需求不断增长。新能源汽车发展已经从电动化进入智能化的新阶段，对模拟电路和功
301205__em_联特科技_em__2025_2025年年度报告.pdf,TOSA,司，为公司境外全资子公司科投基金指湖北科投光互联创业投资基金合伙企业（有限合伙）TOSA指TransmitterOpticalSub-Assembly的缩写，光发射组件
301205__em_联特科技_em__2025_2025年年度报告.pdf,TOSA,模块由光器件、功能电路和光接口等构成，其中光器件是光模块的关键元件，包括激光器（TOSA）和探测器（ROSA），分别实现光模块在发射端将电信号转换成光信号，以及在接收端
301205__em_联特科技_em__2025_2025年年度报告.pdf,TOSA,成本控制、风险防范等方面发挥关键作用。2、生产模式公司光模块产品主要由光发射组件TOSA、光接收组件ROSA、印制电路板、集成电路芯片、其他电子元器件、结构件管壳和软件
301205__em_联特科技_em__2025_2025年年度报告.pdf,ROSA,指TransmitterOpticalSub-Assembly的缩写，光发射组件ROSA指ReceiverOpticalSub-Assembly的缩写，光接收组件TO-
301205__em_联特科技_em__2025_2025年年度报告.pdf,ROSA,路和光接口等构成，其中光器件是光模块的关键元件，包括激光器（TOSA）和探测器（ROSA），分别实现光模块在发射端将电信号转换成光信号，以及在接收端将光信号转换成电信号
301205__em_联特科技_em__2025_2025年年度报告.pdf,ROSA,方面发挥关键作用。2、生产模式公司光模块产品主要由光发射组件TOSA、光接收组件ROSA、印制电路板、集成电路芯片、其他电子元器件、结构件管壳和软件构成。公司生产工序包
603083__em_剑桥科技_em__2025_2025年年度报告.pdf,光纤阵列,多款800GDR8、2×FR4800G衍生产品的降本NPI导入，导入多款激光器、光纤阵列等关键物料并完成工艺和可靠性验证，顺利完成多款1.6T光模块工艺开发，产品进入可
603083__em_剑桥科技_em__2025_2025年年度报告.pdf,TOSA,同覆盖场景光模块中负责将电信号转换为光信号的组件，包含激光器等核心元光发射器件（TOSA）指件，决定光模块的发射功率与传输速率光模块中负责将光信号转换为电信号的组件，包
603083__em_剑桥科技_em__2025_2025年年度报告.pdf,TOSA,，广泛应用于数据中心、电信网络、接入网等领域。一个完整的光模块主要由光发射器件（TOSA，含激光器）、光接收器件（ROSA，含光探测器）、功能电路及光电接口等部分组成。
603083__em_剑桥科技_em__2025_2025年年度报告.pdf,ROSA,与传输速率光模块中负责将光信号转换为电信号的组件，包含光探测器等核心光接收器件（ROSA）指元件，影响光模块的接收性能与抗干扰能力光发射器件的核心元件，通过电激励产生特
603083__em_剑桥科技_em__2025_2025年年度报告.pdf,ROSA,入网等领域。一个完整的光模块主要由光发射器件（TOSA，含激光器）、光接收器件（ROSA，含光探测器）、功能电路及光电接口等部分组成。2025年，随着AI大模型训练与推
603083__em_剑桥科技_em__2025_2025年年度报告.pdf,BOSA,"项4G/5G分布式企业级小基站项目36,280.8836,280.88MOCA和BOSA双校准技术在无线接入网关中技术研究与推广46,032.4846,032.48闵行"
603083__em_剑桥科技_em__2025_2025年年度报告.pdf,BOSA,".12其他收益189/218上海剑桥科技股份有限公司2025年年度报告MOCA和BOSA双校准技术在无线接入网关中技术研究与推广46,032.48273,967.52其"
688536__em_思瑞浦_em__2025_2025年年度报告.pdf,隔离器,CDC转换器AC/DC指是一种将交流电（AC）转换为直流电（DC）的电子设备数字隔离器指数字隔离器是一种在电气隔离器状态下实现数字信号传输的器件FET指场效应晶体管（
688536__em_思瑞浦_em__2025_2025年年度报告.pdf,隔离器,AC/DC指是一种将交流电（AC）转换为直流电（DC）的电子设备数字隔离器指数字隔离器是一种在电气隔离器状态下实现数字信号传输的器件FET指场效应晶体管（FieldE
688536__em_思瑞浦_em__2025_2025年年度报告.pdf,隔离器,将交流电（AC）转换为直流电（DC）的电子设备数字隔离器指数字隔离器是一种在电气隔离器状态下实现数字信号传输的器件FET指场效应晶体管（FieldEffectTran
603228__em_景旺电子_em__2025_深圳市景旺电子股份有限公司2025年年度报告.pdf,光模块PCB,FE刚挠结合板、高速FPC等产品实现量产，在服务器超高层Z向互联PCB、1.6T光模块PCB、智能穿戴AnylayerR-F等产品取得重大技术突破，同时开展了服务器OKS平
603228__em_景旺电子_em__2025_深圳市景旺电子股份有限公司2025年年度报告.pdf,光模块PCB,省科学技术厅认定为“广东省高新技术产品/名优高新技术产品”。公司《800G超高速光模块PCB关键技术研发》被评为国际领先技术、《第六代车载雷达PCB制作技术研发》《数据中心
603228__em_景旺电子_em__2025_深圳市景旺电子股份有限公司2025年年度报告.pdf,光模块PCB,星用PCB空腔板制作关键技术研发》等34项技术被评为国内领先技术。《光通信超高速光模块PCB关键技术开发及产业化》荣获2025年度广东省电子信息行业协会科学技术奖科技进步一
688530__em_欧莱新材_em__2025_欧莱新材2025年年度报告.pdf,TIA,/T45130-2025（国家标准）、《大尺寸商用显示大视角画质评价方法》T/DTIA012-2025（团体标准）获得批准发布，为促进行业发展再添新彩；此外，公司积极
688530__em_欧莱新材_em__2025_欧莱新材2025年年度报告.pdf,TIA,/T45130-2025（国家标准）、《大尺寸商用显示大视角画质评价方法》T/DTIA012-2025（团体标准）获得批准发布，为促进行业发展再添新彩，同时也有助于公
300913__em_兆龙互连_em__2025_2025年年度报告.pdf,TIA,限公司2025年年度报告全文传输距离的问题。接系统，具备批量竞争力。交付能力满足TIA-568.2-D进一步拓展工业研究智能制造用超六类以太网连和ISO/IEC118
688313__em_仕佳光子_em__2025_2025年年度报告.pdf,阵列波导光栅,底材料。基于平面光路技术解决方案的器件包括：分路器PLC指（Splitter）、阵列波导光栅（ArrayedWaveguideGrating，AWG）、可调光衰减器（Var
688313__em_仕佳光子_em__2025_2025年年度报告.pdf,阵列波导光栅,信联盟（ITU-T）为DWDM规定了标准的频率栅格。DWDMAWG（密集波分复用阵列波导光栅）是一种基于平面光波导技术（PLC）的无源光器件，其核心DWDMAWG器件指功能
688313__em_仕佳光子_em__2025_2025年年度报告.pdf,阵列波导光栅,、生产、销售和相关技术服务，目前的产品主要为PLC平面光波导芯片系列产品、AWG阵列波导光栅芯片系列产品、DFB激光器芯片系列产品、光纤连接器、室内光缆、线缆材料等。本财务
688313__em_仕佳光子_em__2025_2025年年度报告.pdf,AWG,plitter）、阵列波导光栅（ArrayedWaveguideGrating，AWG）、可调光衰减器（VariableOpticalAttenuator，VOA）、
688313__em_仕佳光子_em__2025_2025年年度报告.pdf,AWG,LC光分路器晶圆切割成巴条、抛光后切割成单PLC光分路器芯片、PLC芯片指个芯片AWG（ArrayedWaveguideGrating），即阵列波导光AWG芯片指栅。
688313__em_仕佳光子_em__2025_2025年年度报告.pdf,AWG,片指个芯片AWG（ArrayedWaveguideGrating），即阵列波导光AWG芯片指栅。AWG芯片由输入/输出波导、输入/输出罗兰圆、5/230河南仕佳光子科
688313__em_仕佳光子_em__2025_2025年年度报告.pdf,光隔离器,作的光电子器件，如光纤连接光无源器件指器、耦合器、光开关、波分复用器、光分路器、光隔离器、光滤波器等需要外加能源驱动工作的光电子器件，如光源、光检光有源器件指测器、半导
688313__em_仕佳光子_em__2025_2025年年度报告.pdf,隔离器,的光电子器件，如光纤连接光无源器件指器、耦合器、光开关、波分复用器、光分路器、光隔离器、光滤波器等需要外加能源驱动工作的光电子器件，如光源、光检光有源器件指测器、半导
688313__em_仕佳光子_em__2025_2025年年度报告.pdf,隔离器,带来的风险·密度高、通用性强·高隔离度·高可靠性·光模块·低插入损耗·光纤激光器隔离器·尺寸紧凑·可调激光器·多样化封装方式·光纤放大器·宽工作温度·自动化激光打标·
688313__em_仕佳光子_em__2025_2025年年度报告.pdf,FAU,的空气回流增压系统中FiberArrayUnit，光纤阵列单元是光通信领域的核心FAU指无源精密光学器件，是实现高速、高密度光互联的关键基础部件报告期/本报告期指20
688313__em_仕佳光子_em__2025_2025年年度报告.pdf,FAU,产品包括：PLC、AWG、OSW、VOA等无源芯片系列产品；AWG、MT-FA、FAU等无源光组件系列产品；AWG、WDM、VMUX等无源智能模块系列产品；FP、DF
688313__em_仕佳光子_em__2025_2025年年度报告.pdf,FAU,1221品·符合RoHS·CPO交换机/AI·36、40、48等SM、PM大通道FAU算力集群·pitch127um或250um·1.6T及以上高速FAU·高对准精度
688313__em_仕佳光子_em__2025_2025年年度报告.pdf,光纤阵列,用于通风管道或空气处理设备使用的空气回流增压系统中FiberArrayUnit，光纤阵列单元是光通信领域的核心FAU指无源精密光学器件，是实现高速、高密度光互联的关键基
688313__em_仕佳光子_em__2025_2025年年度报告.pdf,光纤阵列,颈”，向更高密度、更低功耗、更集成化、更靠近芯片的方向发展。其中MT-FA（多芯光纤阵列）与FAU（光纤阵列单元）是400G/800G/1.6T高速光模块的核心无源/半
688313__em_仕佳光子_em__2025_2025年年度报告.pdf,光纤阵列,低功耗、更集成化、更靠近芯片的方向发展。其中MT-FA（多芯光纤阵列）与FAU（光纤阵列单元）是400G/800G/1.6T高速光模块的核心无源/半有源组件，是光通信里
688313__em_仕佳光子_em__2025_2025年年度报告.pdf,TOSA,·工温应用·OTDR·内置DML激光器·4G/5G·同轴封装·TDLAS气体传感TOSA·内置半导体制冷器控温·激光雷达·符合XMDMSA标准·高功率输出13/230河
688313__em_仕佳光子_em__2025_2025年年度报告.pdf,TOSA,·窄发散角·车载激光雷达源芯片·快脉冲响应激光雷达种·宽温工作·车载激光雷达子源TOSA·高震动状态下高稳定性·机载激光雷达器件·内置DML激光器测风激光雷·14PIN
688313__em_仕佳光子_em__2025_2025年年度报告.pdf,TOSA,"136,222.03批量出货，项目完成。实现产业化国内先进5G、光计算、激光雷达TOSA器件领域高功率DFB激光器应用于数据中心、硅光2和高速EML激光器23,000,"
688313__em_仕佳光子_em__2025_2025年年度报告.pdf,TIA,"m/1577nm列产PON·高功率输出品·符合GB,Telcordia,IEC,TIA/EIA标准·数据中心网络单双芯光纤·极大提高系统传输性能和布线质·局域网和广域"
688313__em_仕佳光子_em__2025_2025年年度报告.pdf,TIA,"FC,ST,CS,SN等)·监控系统光纤·符合GB,Telcordia,IEC,TIA/EIA·医疗设备连接标准·航空航天跳线·提高系统传输性能和布线质量·科研领域·"
300303__em_聚飞光电_em__2025_2025年年度报告.pdf,隔离器,司指聚飞（香港）发展有限公司Tier1供应商指车厂一级供应商光电耦合器，亦称光电隔离器，简称“光耦”，是以光为媒介，传输电信号光耦指的一种「电-光-电」转换器件，由发
688143__em_长盈通_em__2025_2025年年度报告.pdf,AWG,图产品简介和应用领域30/328武汉长盈通光电技术股份有限公司2025年年度报告AWG器件：CWDM及LANWDMAWG器件具备小尺寸、可波分复用靠性高、低损耗和低成
688143__em_长盈通_em__2025_2025年年度报告.pdf,AWG,汉长盈通光电技术股份有限公司2025年年度报告AWG器件：CWDM及LANWDMAWG器件具备小尺寸、可波分复用靠性高、低损耗和低成本特征，满足各类高速光模光器件块封
688143__em_长盈通_em__2025_2025年年度报告.pdf,光纤阵列,模块、数据通信（数据中心、云计算）。将多根光纤按照特定方式排列集成，从而实现多通光纤阵列道传输。具备高精度、耐高低温、稳定性和可靠性器件高、成本低等特点。主要应用于数据
688143__em_长盈通_em__2025_2025年年度报告.pdf,光纤阵列,25年公司以发行股份及支付现金方式并购生一升，快速构建起光模块用无源内连光器件和光纤阵列器件的研发、生产、销售能力，进而有力推动公司通信业务实现显著发展。相关产品广泛应
300903__em_科翔股份_em__2025_2025年年度报告.pdf,光模块PCB,调制的传输，差分阻抗QSFP-DD/OSFP封装100Ω±1%，插入损耗400G光模块PCB开<0.5dB/inch基于传输速率实现56Gbaud信号稳发，目标实现（28G
688172__em_燕东微_em__2025_2025年年度报告.pdf,隔离器,功攻克SOI-CMOS等特色工艺平台关键技术，实现54ACS、模拟开关系列、电感隔离器等核心器件自主可控。报告期内，公司综合竞争力持续提升。17/284北京燕东微电子
688172__em_燕东微_em__2025_2025年年度报告.pdf,隔离器,成功攻克SOI-CMOS特色工艺平台关键技术，实现54ACS、模拟开关系列、电感隔离器等核心器件自主可控。同时，在重点客户拓展方面取得突破，通过深化与核心院所的协同、
688172__em_燕东微_em__2025_2025年年度报告.pdf,隔离器,应速度与转化效能，同时突破关键核心技术，加速国产替代进程，实现模拟开关系列、电感隔离器等核心器件的自主研发，填补国内空白。持续加强知识产权管理，完善专利攻防体系。围绕
001267__em_汇绿生态_em__2025_2025年年度报告.pdf,TOSA,模块由光器件、功能电路和光接口等构成，其中光器件是光模块的关键元件，包括激光器（TOSA）和探测器（ROSA），分别实现光模块在发射端将电信号转换成光信号，以及在接收端
001267__em_汇绿生态_em__2025_2025年年度报告.pdf,ROSA,路和光接口等构成，其中光器件是光模块的关键元件，包括激光器（TOSA）和探测器（ROSA），分别实现光模块在发射端将电信号转换成光信号，以及在接收端将光信号转换成电信号
001267__em_汇绿生态_em__2025_2025年年度报告.pdf,跨阻放大,接收端，采集来的光信号输入模块后由光接收组件内部光探测二极管转换为电流信号，通过跨阻放大器后将此电流信号转换成电压信号，经限幅放大器放大后输出相应信息的电信号。光模块具
300394__em_天孚通信_em__2025_2025年年度报告.pdf,阵列波导光栅,公司2025年年度报告全文AWG指ArrayedWaveguideGrating阵列波导光栅Mux/Demux指波分复用系统中的复用/解复用器件TO指Transmitter
300394__em_天孚通信_em__2025_2025年年度报告.pdf,AWG,器指多芯多通道插拔式线缆连接器8苏州天孚光通信股份有限公司2025年年度报告全文AWG指ArrayedWaveguideGrating阵列波导光栅Mux/Demux指
300394__em_天孚通信_em__2025_2025年年度报告.pdf,AWG,不适用控制管理软件产品名称复用技术传输速率信号传输损耗抗干扰指标封装模式性能指标AWG器件波分复用<2.0dB>30dB隔离器组件<0.3dB>30dBOSA器件10
300394__em_天孚通信_em__2025_2025年年度报告.pdf,陶瓷插芯,者多路并行的光信号传输与接收功能由二氧化锆烧制并经精密加工而成的陶瓷圆柱小管，主陶瓷插芯指要用于光纤对接时的精确定位，是光纤连接器的核心部件，是光纤通信网络中最常用、数
300394__em_天孚通信_em__2025_2025年年度报告.pdf,陶瓷插芯,之一，由氧化锆粉陶瓷套管指体烧制并加工而成，用于光纤之间的活动连接，两端插入带有陶瓷插芯的光纤后，即可形成一条光通路又名法兰盘，是光纤活动连接器对中连接部件，用于两光纤
300394__em_天孚通信_em__2025_2025年年度报告.pdf,隔离器,高速发射芯片和接收芯片封装基础上集成了精密微光学组件，精密机械组件，高速光引擎指隔离器，光波导器件等，实现单路或者多路并行的光信号传输与接收功能由二氧化锆烧制并经精密
300394__em_天孚通信_em__2025_2025年年度报告.pdf,隔离器,A指块LENSARRAY指光纤透镜阵列FA、FAU指FIBERARRAY光纤阵列隔离器指允许单向光通过的光器件线缆连接器指多芯多通道插拔式线缆连接器8苏州天孚光通信股
300394__em_天孚通信_em__2025_2025年年度报告.pdf,隔离器,率信号传输损耗抗干扰指标封装模式性能指标AWG器件波分复用<2.0dB>30dB隔离器组件<0.3dB>30dBOSA器件100G<2.5dB>30dB同轴封装BOX
300394__em_天孚通信_em__2025_2025年年度报告.pdf,FAU,assembly光发射接收次模BOSA指块LENSARRAY指光纤透镜阵列FA、FAU指FIBERARRAY光纤阵列隔离器指允许单向光通过的光器件线缆连接器指多芯多通
300394__em_天孚通信_em__2025_2025年年度报告.pdf,FAU,领先的工艺、专利技术，形成了并行光学设计与制造技术平台、光学模拟/设计技术平台、FAU光线阵列设计与制造技术平台、高速光引擎设计与封装技术平台等多种创新技术平台；并通
300394__em_天孚通信_em__2025_2025年年度报告.pdf,FAU,项全球领先的工艺技术，形成了并行光学设计与制造技术平台、光学模拟/设计技术平台、FAU光线阵列设计与制造技术平台、高速光引擎设计与封装技术平台等创新技术平台，为客户提
300394__em_天孚通信_em__2025_2025年年度报告.pdf,光纤阵列,模BOSA指块LENSARRAY指光纤透镜阵列FA、FAU指FIBERARRAY光纤阵列隔离器指允许单向光通过的光器件线缆连接器指多芯多通道插拔式线缆连接器8苏州天孚光
300394__em_天孚通信_em__2025_2025年年度报告.pdf,TOSA,块（Transmitter光收发接口组件指OpticalSubassembly;TOSA）与光接收次模块（ReceiverOpticalSubassembly;ROSA
300394__em_天孚通信_em__2025_2025年年度报告.pdf,TOSA,，是光收发模块的重要组成部分OSA指OpticalSubassembly光次模块TOSA指TransmitterOpticalSubassembly光发射次模块ROSA
300394__em_天孚通信_em__2025_2025年年度报告.pdf,ROSA,TOSA）与光接收次模块（ReceiverOpticalSubassembly;ROSA），是光收发模块的重要组成部分OSA指OpticalSubassembly光次模
300394__em_天孚通信_em__2025_2025年年度报告.pdf,ROSA,TOSA指TransmitterOpticalSubassembly光发射次模块ROSA指ReceiverOpticalSubassembly光接收次模块Bi-Dire
300394__em_天孚通信_em__2025_2025年年度报告.pdf,BOSA,块Bi-DirectionalOpticalSubassembly光发射接收次模BOSA指块LENSARRAY指光纤透镜阵列FA、FAU指FIBERARRAY光纤阵列隔
300394__em_天孚通信_em__2025_2025年年度报告.pdf,BOSA,式性能指标AWG器件波分复用<2.0dB>30dB隔离器组件<0.3dB>30dBOSA器件100G<2.5dB>30dB同轴封装BOX器件1.6T<2.5dB>30d
300394__em_天孚通信_em__2025_2025年年度报告.pdf,TIA,"美国）指Auxora,Inc.天孚之星指苏州天孚之星科技有限公司新加坡天孚投资指TIANFUINTERNATIONALINVESTMENTPTE.LTD泰国天孚指TF"
300394__em_天孚通信_em__2025_2025年年度报告.pdf,TIA,FC株式会社董事否日苏州天孚之星科2022年03月08邹支农董事长否技有限公司日TIANFUINTERNATIONAL2022年06月29邹支农董事否INVESTME
300394__em_天孚通信_em__2025_2025年年度报告.pdf,TIA,株式会社监事否日苏州天孚之星科2022年03月08欧洋董事、总经理否技有限公司日TIANFUINTERNATIONAL2022年06月29欧洋董事否INVESTMEN
002222__em_福晶科技_em__2025_2025年年度报告.pdf,光隔离器,位延迟及光路调制等。磁光晶体基于法拉第效应，在外加磁场作用下实现光偏振旋转，用于光隔离器、光环行器等器件，抑制反向杂散光对激光器系统的损伤。声光晶体利用声波在晶体内形成
002222__em_福晶科技_em__2025_2025年年度报告.pdf,光隔离器,同合作模式。该方案涵盖脉冲选择用声光调制器、再生放大用普克尔盒、配套驱动器、各级光隔离器、用于再生放大和行波放大的超快激光晶体，以及透射式脉冲压缩光栅、飞秒激光镜片等光
002222__em_福晶科技_em__2025_2025年年度报告.pdf,光隔离器,光纤激光器的主要结构包含泵浦源、增益光纤、调制器(如声光调制器AOM)、谐振腔和光隔离器。脉冲光纤激光器在精细打标、精细切割、激光打孔、激光划线、激光清洗和焊前预处理等
002222__em_福晶科技_em__2025_2025年年度报告.pdf,隔离器,延迟及光路调制等。磁光晶体基于法拉第效应，在外加磁场作用下实现光偏振旋转，用于光隔离器、光环行器等器件，抑制反向杂散光对激光器系统的损伤。声光晶体利用声波在晶体内形成
002222__em_福晶科技_em__2025_2025年年度报告.pdf,隔离器,合作模式。该方案涵盖脉冲选择用声光调制器、再生放大用普克尔盒、配套驱动器、各级光隔离器、用于再生放大和行波放大的超快激光晶体，以及透射式脉冲压缩光栅、飞秒激光镜片等光
002222__em_福晶科技_em__2025_2025年年度报告.pdf,隔离器,纤激光器的主要结构包含泵浦源、增益光纤、调制器(如声光调制器AOM)、谐振腔和光隔离器。脉冲光纤激光器在精细打标、精细切割、激光打孔、激光划线、激光清洗和焊前预处理等
688498__em_源杰科技_em__2025_陕西源杰半导体科技股份有限公司2025年年度报告.pdf,光隔离器,问题，影响激光器芯片的性能。传统解决方案为在光模块中的激光器与光纤接口间额外增加光隔离器，过滤反射光并仅让正向传输的光信号通过，避免反射光对激光器芯片的影响。光隔离器的
688498__em_源杰科技_em__2025_陕西源杰半导体科技股份有限公司2025年年度报告.pdf,光隔离器,加光隔离器，过滤反射光并仅让正向传输的光信号通过，避免反射光对激光器芯片的影响。光隔离器的核心器件常采用进口的法拉第旋光片，增加了光模块的尺寸及封装厂的封装难度和成本，
688498__em_源杰科技_em__2025_陕西源杰半导体科技股份有限公司2025年年度报告.pdf,隔离器,题，影响激光器芯片的性能。传统解决方案为在光模块中的激光器与光纤接口间额外增加光隔离器，过滤反射光并仅让正向传输的光信号通过，避免反射光对激光器芯片的影响。光隔离器的
688498__em_源杰科技_em__2025_陕西源杰半导体科技股份有限公司2025年年度报告.pdf,隔离器,光隔离器，过滤反射光并仅让正向传输的光信号通过，避免反射光对激光器芯片的影响。光隔离器的核心器件常采用进口的法拉第旋光片，增加了光模块的尺寸及封装厂的封装难度和成本，
688498__em_源杰科技_em__2025_陕西源杰半导体科技股份有限公司2025年年度报告.pdf,隔离器,与开发。公司凭借该技术，成功开发出有源区出光端集成反射光损耗波导结构制作技术，将隔离器功能集成于芯片结构中，实现激光器芯片对22/239陕西源杰半导体科技股份有限公司
688498__em_源杰科技_em__2025_陕西源杰半导体科技股份有限公司2025年年度报告.pdf,TOSA,源区量子阱实现将电能转化为光能并发射激光，主要作用为将电信号转换成光信号，系组成TOSA的核心部件三五族化合物半导体材料，主要作用为将光信探测器芯片指号转换成电信号，系
688498__em_源杰科技_em__2025_陕西源杰半导体科技股份有限公司2025年年度报告.pdf,TOSA,SA的核心部件TransmitOpticalSubassembly，光发射组件，TOSA指主要将电信号转化为光信号并发射出去ReceiverOpticalSubasse
688498__em_源杰科技_em__2025_陕西源杰半导体科技股份有限公司2025年年度报告.pdf,TOSA,接收组件，ROSA指主要接收光信号并将其转化为电信号光芯片加工封装为光发射组件（TOSA）及光光模块指接收组件（ROSA），再将光收发组件、电芯片、结构件等进一步加工成
688498__em_源杰科技_em__2025_陕西源杰半导体科技股份有限公司2025年年度报告.pdf,ROSA,心部件三五族化合物半导体材料，主要作用为将光信探测器芯片指号转换成电信号，系组成ROSA的核心部件TransmitOpticalSubassembly，光发射组件，TO
688498__em_源杰科技_em__2025_陕西源杰半导体科技股份有限公司2025年年度报告.pdf,ROSA,信号并发射出去ReceiverOpticalSubassembly，光接收组件，ROSA指主要接收光信号并将其转化为电信号光芯片加工封装为光发射组件（TOSA）及光光模
688498__em_源杰科技_em__2025_陕西源杰半导体科技股份有限公司2025年年度报告.pdf,ROSA,号并将其转化为电信号光芯片加工封装为光发射组件（TOSA）及光光模块指接收组件（ROSA），再将光收发组件、电芯片、结构件等进一步加工成光模块Fabry-PerotLa
000063__em_中兴通讯_em__2025_2025年年度报告.pdf,TIA,电力、冶钢、矿山、医疗、教育等领域落地AI+标杆项目，斩获GSMAGLOMO、GTIAwards等多项荣誉。在工业领域，本集团南京滨江智能制造基地从“5G滨江”升级到
688234__em_天岳先进_em__2025_山东天岳先进科技股份有限公司2025年年度报告.pdf,TIA,"制（1）山东天岳、上海天岳均完成专利费用减缴备案，年费支出降低85%（2）""天岳TIANYUE""和""SICC""两项商标入选济南市知识产权保护中心海外商标监测名单，建立"
688052__em_纳芯微_em__2025_2025年年度报告.pdf,隔离器,品、转换器产品、接口产品等。公司信号链产品涵盖了信号链细分领域中的信号调理芯片、隔离器、接口、通用信号链、MCU等，具体如下：产品类型主要产品主要特点信号调理芯片将公
688052__em_纳芯微_em__2025_2025年年度报告.pdf,隔离器,技术利用电容内部的电场变化来实现数字信号的传输。另外，公司在标准数字隔离芯片数字隔离器、隔离接的基础上，陆续开发出了超宽体隔离器、“隔离+”产品。“隔隔离器系列口、隔
688052__em_纳芯微_em__2025_2025年年度报告.pdf,隔离器,传输。另外，公司在标准数字隔离芯片数字隔离器、隔离接的基础上，陆续开发出了超宽体隔离器、“隔离+”产品。“隔隔离器系列口、隔离电源、隔离采离+”产品集成了电源、接口等
300623__em_捷捷微电_em__2025_2025年年度报告.pdf,隔离器,"感接收芯片(简光耦指称PT)+MOS(金属-氧化物场效应晶体管)组成的复合型光电隔离器件,具有低电压-高电压隔离、信号隔离以消除初级干扰信号等优点，可以承受高达800"
300623__em_捷捷微电_em__2025_2025年年度报告.pdf,隔离器,"光电敏感接收芯片(简称PT)+MOS(金属-氧化物场效应晶体管)组成的复合型光电隔离器件,具有低电压-高电压隔离、信号隔离以消除初级干扰信号等优点，可以承受高达800"
600105__em_永鼎股份_em__2025_永鼎股份2025年年度报告.pdf,InP衬底,雷达、CPO等新兴领域扩展。当下竞争呈“高端紧缺、中低端内卷”状态：高速光芯片因InP衬底集中、海外扩产谨慎导致产能缺口加大。此背景下，国产厂商迎来关键产品验证与市场导入
600105__em_永鼎股份_em__2025_永鼎股份2025年年度报告.pdf,阵列波导光栅,据中心DWDM指密集波分复用PLM指产品生命周期管理IDM指集成器件制造AWG指阵列波导光栅DPI指深度包检测技术AGV指自动导引运输WCS指仓库控制MES指制造执行ERP
600105__em_永鼎股份_em__2025_永鼎股份2025年年度报告.pdf,阵列波导光栅,光器（CW-DFB）、电吸收调制激光器（EML）等高端有源芯片；无源光器件：涵盖阵列波导光栅（AWG）、滤波片（Filter）、MT-FA（MT光纤阵列）、MUX/DEMU
600105__em_永鼎股份_em__2025_永鼎股份2025年年度报告.pdf,AWG,互联网数据中心DWDM指密集波分复用PLM指产品生命周期管理IDM指集成器件制造AWG指阵列波导光栅DPI指深度包检测技术AGV指自动导引运输WCS指仓库控制MES指
600105__em_永鼎股份_em__2025_永鼎股份2025年年度报告.pdf,AWG,FB）、电吸收调制激光器（EML）等高端有源芯片；无源光器件：涵盖阵列波导光栅（AWG）、滤波片（Filter）、MT-FA（MT光纤阵列）、MUX/DEMUX（复用
600105__em_永鼎股份_em__2025_永鼎股份2025年年度报告.pdf,AWG,据中心及电信类高速CW、EML、DFB激光器芯片高速MUX/DEMUX无源组件（AWG和Filter全系列）13/263江苏永鼎股份有限公司2025年年度报告50G-
600105__em_永鼎股份_em__2025_永鼎股份2025年年度报告.pdf,隔离器,CWDM/CDWDM（密集波分复用/紧凑型粗波分复用/可调谐波分复用）、环形器、隔离器、Z-BLOCK（Z型滤波片组件）等数据中心光模块关键组件；混合集成方案：提供各
600105__em_永鼎股份_em__2025_永鼎股份2025年年度报告.pdf,光纤阵列,无源光器件：涵盖阵列波导光栅（AWG）、滤波片（Filter）、MT-FA（MT光纤阵列）、MUX/DEMUX（复用器/解复用器）组件，以及DWDM/CCWDM/CDW
688693__em_锴威特_em__2025_苏州锴威特半导体股份有限公司2025年年度报告.pdf,隔离器,SiCMOSFET的专用电源管理IC以及小型化的隔离电源专用芯片，广泛应用于数字隔离器、隔离接口电路、隔离驱动的供电；公司加大Buck、Boost等非隔离拓扑的研发工
002902__em_铭普光磁_em__2025_2025年年度报告.pdf,TOSA,并实现模块化和标准化。2、光通信产品主要包括：光器件、光模块。光器件系列产品包括TOSA、BOSA、TriOSA、QOSA和ComboBOSA；光模块系列产品涵盖传送网
002902__em_铭普光磁_em__2025_2025年年度报告.pdf,BOSA,化和标准化。2、光通信产品主要包括：光器件、光模块。光器件系列产品包括TOSA、BOSA、TriOSA、QOSA和ComboBOSA；光模块系列产品涵盖传送网、有线接入
002902__em_铭普光磁_em__2025_2025年年度报告.pdf,BOSA,光模块。光器件系列产品包括TOSA、BOSA、TriOSA、QOSA和ComboBOSA；光模块系列产品涵盖传送网、有线接入网、4G/5G无线网、数据中心、智算中心相关
002902__em_铭普光磁_em__2025_2025年年度报告.pdf,BOSA,带网络升级与普及。根据LightCounting数据，2025年全球接入光模块和BOSA市场出货量达到2.01亿只，销售额为13亿美元，其中FTTx光模块收入占比最大（
300489__em_光智科技_em__2025_2025年年度报告.pdf,隔离器,"胶机、药液2,785,575.22否61,477.88备有限公司柜、支撑杆等光纤隔离器、法拉第反射镜、激安徽先导先进科光切割机、激光1,288,377.35否38,4"
688259__em_创耀科技_em__2025_2025年年度报告.pdf,时钟恢复,TRIOS提供的原子化同步原语实现）。该技术涉及基于硬件的多通道CORDIC处理时钟恢复系统，可以应用于VDSL2、WiMAX等领域。该技术为接入网网络终端芯片和局端芯
688259__em_创耀科技_em__2025_2025年年度报告.pdf,时钟恢复,、WiMAX等领域。该技术为接入网网络终端芯片和局端芯片提供了高速高精度的多信道时钟恢复功能和相应的算法，进一步提升时钟信号系统恢复的精度和稳定接入网网络多信道时钟恢自
688618__em_三旺通信_em__2025_深圳市三旺通信股份有限公司2025年年度报告.pdf,采样示波器,多项国际认证资质。在检测装备方面，公司引进了13G高速数字信号示波器、33G高速采样示波器、9G矢量网络分析仪、44G频谱仪、TSN一致性测试仪、对时精度测试仪、AC/D
688689__em_银河微电_em__2025_2025年年度报告.pdf,TIA,"名称成立日期注册资本定代表人代码管理活动等情况ACTIONSTARINTERNATIAO杨森茂2004-10-1861967750,000股权投资NALLIMITED"
002579__em_中京电子_em__2025_2025年年度报告.pdf,光模块PCB,消费类电子产品等核心赛道，开展了《高电流应用超厚铜刚挠结合板技术研发》《800G光模块PCB产品开发》《100至800G交换机用PCB产品研发》《24至77G毫米波雷达用P
688048__em_长光华芯_em__2025_2025年年度报告.pdf,光隔离器,长及加工技术，向国内外客户提供高端铌酸锂、钽酸锂系列晶体，包括光调制、光纤陀螺、光隔离器、光学低通滤波片用光学级双面抛光LiNbO3晶片等；睿科晶创主要从事光学超晶格频
688048__em_长光华芯_em__2025_2025年年度报告.pdf,隔离器,及加工技术，向国内外客户提供高端铌酸锂、钽酸锂系列晶体，包括光调制、光纤陀螺、光隔离器、光学低通滤波片用光学级双面抛光LiNbO3晶片等；睿科晶创主要从事光学超晶格频
300852__em_四会富仕_em__2025_2025年年度报告.pdf,光模块PCB,品的技术研发。在2025年广东省名优高新技术产品评选中，公司研发的“1.6T高速光模块PCB基板”“新能源汽车用磁环嵌埋电感PCB基板”“高功率芯片用陶瓷PCB基板””三项
301183__em_东田微_em__2025_2025年年度报告.pdf,光隔离器,M/DWDM/LWDM等）及组件（如z-block组件）；以及应用于高速光模块的光隔离器组件等。（二）核心技术能力公司在光学设计、光学成膜、光学成型及精密加工等方面积累
301183__em_东田微_em__2025_2025年年度报告.pdf,光隔离器,学领域市场份额的同时，光通信领域战略从提供单一元器件向多元化产品矩阵拓展，已完成光隔离器、WDM滤光片及组件等多类产品的布局，旨在更好地满足客户对高速光模块上游核心元器
301183__em_东田微_em__2025_2025年年度报告.pdf,光隔离器,机市场占据主要份额。在光通信领域，公司作为光器件“新军”，凭借精准的卡位策略，在光隔离器、WDM滤光片等高端器件领域迅速跻身稀缺供应商行列。2、竞争优势：（1）工艺迁移
301183__em_东田微_em__2025_2025年年度报告.pdf,隔离器,/DWDM/LWDM等）及组件（如z-block组件）；以及应用于高速光模块的光隔离器组件等。（二）核心技术能力公司在光学设计、光学成膜、光学成型及精密加工等方面积累
301183__em_东田微_em__2025_2025年年度报告.pdf,隔离器,领域市场份额的同时，光通信领域战略从提供单一元器件向多元化产品矩阵拓展，已完成光隔离器、WDM滤光片及组件等多类产品的布局，旨在更好地满足客户对高速光模块上游核心元器
301183__em_东田微_em__2025_2025年年度报告.pdf,隔离器,市场占据主要份额。在光通信领域，公司作为光器件“新军”，凭借精准的卡位策略，在光隔离器、WDM滤光片等高端器件领域迅速跻身稀缺供应商行列。2、竞争优势：（1）工艺迁移
002185__em_华天科技_em__2025_2025年年度报告.pdf,TIA,进封装有限公司华天上海指子公司上海华天集成电路有限公司华天马来西亚指子公司HUATIANTECHNOLOGY(MALAYSIA)SDN.BHD.管理总部指子公司华天科
002185__em_华天科技_em__2025_2025年年度报告.pdf,TIA,月24日否肖智轶UNISEM（M）BERHAD董事2019年01月30日否HUATIANTECHNOLOGY(MALAYSIA)肖智轶董事2018年08月02日否SD
002185__em_华天科技_em__2025_2025年年度报告.pdf,TIA,"合计465,415,949.92411,902,564.17其他说明：按照HUATIANTECHNOLOGY(USA)LLC所在地的税法规定，纳税人纳税年度发生亏损，"
603042__em_华脉科技_em__2025_2025年年度报告.pdf,光隔离器,接器、光开关、光衰减器、光纤耦合器、波分复用器、光调光无源器件指制器、光滤波器、光隔离器、光环行器等。它们在光路中分别实现连接、能量衰减、反向隔离、分路或合路、信号调制
603042__em_华脉科技_em__2025_2025年年度报告.pdf,隔离器,器、光开关、光衰减器、光纤耦合器、波分复用器、光调光无源器件指制器、光滤波器、光隔离器、光环行器等。它们在光路中分别实现连接、能量衰减、反向隔离、分路或合路、信号调制
603042__em_华脉科技_em__2025_2025年年度报告.pdf,隔离器,或合路、信号调制、滤波等功能。微波模块中的无源器件主要有功分器，耦合器，衰减器，隔离器，滤波器、电桥、负载等，其共同的指标有插损，微波无源器件指驻波，隔离度。按功率来
603042__em_华脉科技_em__2025_2025年年度报告.pdf,隔离器,原因是多系统接入平台（POI）作为更高阶的集成系统，通常包含多个合路器、滤波器、隔离器等，用于实现多系统（如5G、4G、Wi-Fi）信号的高效共享和干扰抑制。大批量P
688167__em_炬光科技_em__2025_西安炬光科技股份有限公司2025年年度报告.pdf,AWG,度光FTTX网络中的PLC分路纤阵列定位与固定，通道V型槽阵列器、WDM系统中的AWG、间距、槽深及外形尺寸可光纤单元阵列(FAU)等多通数据中心定制道光纤连接和集成
688167__em_炬光科技_em__2025_西安炬光科技股份有限公司2025年年度报告.pdf,FAU,定，通道V型槽阵列器、WDM系统中的AWG、间距、槽深及外形尺寸可光纤单元阵列(FAU)等多通数据中心定制道光纤连接和集成确保光纤阵列的精准对准，提升多通道光纤间的耦
688167__em_炬光科技_em__2025_西安炬光科技股份有限公司2025年年度报告.pdf,FAU,拓展方向，公司的产品广泛应用于光通信模块、光子集成电路（PIC）、光纤阵列单元（FAU）、外置激光光源(ELSFP)、近封装光学器件（NPO）、共封装光学器件（CPO
688167__em_炬光科技_em__2025_西安炬光科技股份有限公司2025年年度报告.pdf,光纤阵列,距、槽深及外形尺寸可光纤单元阵列(FAU)等多通数据中心定制道光纤连接和集成确保光纤阵列的精准对准，提升多通道光纤间的耦合效率，减少光信号传输损耗单个透镜的正反两面具有
688167__em_炬光科技_em__2025_西安炬光科技股份有限公司2025年年度报告.pdf,光纤阵列,后的重点投资和拓展方向，公司的产品广泛应用于光通信模块、光子集成电路（PIC）、光纤阵列单元（FAU）、外置激光光源(ELSFP)、近封装光学器件（NPO）、共封装光学
688535__em_华海诚科_em__2025_江苏华海诚科新材料股份有限公司2025年年度报告.pdf,隔离器,装、高导热材料、IGBT/IPM模组、系统级封装、高性能叠层电容、汽车电子、高压隔离器件等产品，同时充分结合先进封装技术特征对关键的应力、吸水率、分层、翘曲控制、导热
688535__em_华海诚科_em__2025_江苏华海诚科新材料股份有限公司2025年年度报告.pdf,隔离器,子用无硫环氧塑封料方面，可以将总硫控制在50ppm以下，并获得小批量量产；在高压隔离器件方面，具有低应力和良好的BHAST性能。高导热材料方面，在3W/m.K的领域达
300570__em_太辰光_em__2025_2025年年度报告.pdf,AWG,MT插芯及保证光纤定各类非标插芯位光互联元件光无实现光功率源产PLC晶圆及芯片、AWG或光波长的品晶圆及芯片分配光互联器常规及高密度光纤连实现光互联件接器10深圳太辰
300570__em_太辰光_em__2025_2025年年度报告.pdf,AWG,标提升FA产品技术水平和CPO的产品的竞争力拓展公司用于光模块增加公司在相关领域AWG芯片和器件开发小批量试产实现规模产销的产品的竞争力800G、1.6T高速光模增强
300570__em_太辰光_em__2025_2025年年度报告.pdf,AWG,DC高密连接器、高芯数MT插芯、有源及配套产品、光纤路由柔性板在CPO中的应用、AWG产品的市场开拓等，力争实现大幅度的业务增长；国内市场方面关注数据中心的发展需求，
300570__em_太辰光_em__2025_2025年年度报告.pdf,PLC分路器,通信股份有限公司2025年年度报告全文实现光模块光模块配套产品内部连接实现光功率PLC分路器的分配光分路器件实现光波长波分复用器的管理光通信集光纤路由柔性板、光光纤布线管成
300570__em_太辰光_em__2025_2025年年度报告.pdf,陶瓷插芯,数据中心、政企专网等领域建设，主要产品及其功能如下：产品类别主要产品功能产品图片陶瓷插芯、MT插芯及保证光纤定各类非标插芯位光互联元件光无实现光功率源产PLC晶圆及芯片
300570__em_太辰光_em__2025_2025年年度报告.pdf,陶瓷插芯,基本完成产品研发产品实现批量产销块/AOC研发产品的竞争力插芯内、外径自动化提升陶瓷插芯的生产提升公司在陶瓷插芯项目已完成提升生产效率设备开发效率产品的竞争力分支套管并
300570__em_太辰光_em__2025_2025年年度报告.pdf,陶瓷插芯,批量产销块/AOC研发产品的竞争力插芯内、外径自动化提升陶瓷插芯的生产提升公司在陶瓷插芯项目已完成提升生产效率设备开发效率产品的竞争力分支套管并管自动化分支套管并管工序
300570__em_太辰光_em__2025_2025年年度报告.pdf,FAU,模产销自动化设备开发算力领域的应用拓展竞争力拓展公司用于光模块增加公司在相关领域FAU产品开发基本实现项目目标提升FA产品技术水平和CPO的产品的竞争力拓展公司用于光
688195__em_腾景科技_em__2025_腾景科技2025年年度报告.pdf,陶瓷插芯,的光纤耦合，具备高功率镀膜光纤器件激光耐受能力；光纤头是在镀膜光纤线的一端装配上陶瓷插芯或毛细管形成的组合件，可用于激光的耦合传输公司的准直器产品主要应用于光通信、光纤
688195__em_腾景科技_em__2025_腾景科技2025年年度报告.pdf,光隔离器,主要为钒酸钇(YVO4)单晶，主要应用于光通信、光纤激光、量子信息科研等领域，是光隔离器、晶体材料环形器、偏振器中的关键材料，用于实现光的特定偏振态控制、激光调制；其中
688195__em_腾景科技_em__2025_腾景科技2025年年度报告.pdf,隔离器,体产品主要包括钒酸钇（YVO4）等钒酸钇晶体，是一种性能优良的双折射晶体，适用于隔离器、YVO4指环行器和偏振器件激光是指物质受辐射而产生的光，具有良好的单色性、相干
688195__em_腾景科技_em__2025_腾景科技2025年年度报告.pdf,隔离器,要为钒酸钇(YVO4)单晶，主要应用于光通信、光纤激光、量子信息科研等领域，是光隔离器、晶体材料环形器、偏振器中的关键材料，用于实现光的特定偏振态控制、激光调制；其中
688195__em_腾景科技_em__2025_腾景科技2025年年度报告.pdf,隔离器,腾景科技股份有限公司2025年年度报告在光纤激光器中，其关键的光纤器件包括泵源、隔离器、声光器件、合束器等。公司的反射镜、快轴准直透镜（FAC）、慢轴准直透镜（SAC
300548__em_长芯博创_em__2025_2025年年度报告.pdf,阵列波导光栅,子器件的一种技术平台用于密集波分复用系统中的光电器DWDM器件指件，包括AWG（阵列波导光栅）、VMUX（可调光功率波分复用器）等ArrayedWaveguideGrati
300548__em_长芯博创_em__2025_2025年年度报告.pdf,阵列波导光栅,MUX（可调光功率波分复用器）等ArrayedWaveguideGrating，阵列波导光栅，是实现波分复用技术中不同AWG指信号波长复用及解复用的平面光波导器件可调光功率
300548__em_长芯博创_em__2025_2025年年度报告.pdf,阵列波导光栅,光纤接入网（PON）光收发模块、用于骨干网和城域网密集波分复用（DWDM）系统的阵列波导光栅（AWG）和可调光功率波分复用器（VMUX）、用于无线承载网的前传、中回传光收发
300548__em_长芯博创_em__2025_2025年年度报告.pdf,AWG,集成光电子器件的一种技术平台用于密集波分复用系统中的光电器DWDM器件指件，包括AWG（阵列波导光栅）、VMUX（可调光功率波分复用器）等ArrayedWavegui
300548__em_长芯博创_em__2025_2025年年度报告.pdf,AWG,ayedWaveguideGrating，阵列波导光栅，是实现波分复用技术中不同AWG指信号波长复用及解复用的平面光波导器件可调光功率波分复用器，也称信道光VMUX指
300548__em_长芯博创_em__2025_2025年年度报告.pdf,AWG,ON）光收发模块、用于骨干网和城域网密集波分复用（DWDM）系统的阵列波导光栅（AWG）和可调光功率波分复用器（VMUX）、用于无线承载网的前传、中回传光收发模块，用
300548__em_长芯博创_em__2025_2025年年度报告.pdf,光纤阵列,模块，用于光功率衰减的MEMS可调光衰减器（VOA）以及广泛应用于各种光器件中的光纤阵列等；应用于数据通信、消费及工业互联市场的产品包括用于数据中心内部互联的光模块，无
300548__em_长芯博创_em__2025_2025年年度报告.pdf,光纤阵列,基于平面光波导技术开发的，可将一个光信PLC光分路器号分成两路或多路光信号的器件光纤阵列一根或多根光纤按精确间距排列的元件用于密集波分复用系统中的光电器件，包括密集波分
688307__em_中润光学_em__2025_2025年年度报告.pdf,阵列波导光栅,跨大洋的海底光缆，光信号的产生（激光器芯片）、调制（电光调制器）、复用/解复用（阵列波导光栅）、放大（掺铒光纤放大器）、传输（低损耗光纤）及接收（光电探测器），每一个环节都
688307__em_中润光学_em__2025_2025年年度报告.pdf,隔离器,中润光学科技股份有限公司2025年年度报告支撑高端激光应用市场拓展。本项目拟攻克隔离器、声光调制器、光开关、高功率光学元件等核心器件技术，实现中高功率激光系统关键部件
300975__em_商络电子_em__2025_2025年年度报告.pdf,TIA,中国地区SoC产品授权经销商同意立功创新有权非独家的以自己名义在中国大陆投标、分TIANMA（天125天马微电子股份有限公司销、推广和销售采购天马的专业显示产品线定制
