event_claim_id,legacy_claim_id,disclosure_id,claimant_entity_id,claimant_role,statement_kind,quote,anchor,summary,review_status,reviewed_at,notes
ECL001,,D_AAOI_20260309_ORDER,AAOI,corporate_disclosure,fact_assertion,"Applied Optoelectronics Inc. today announced it received its first volume order for its 1.6T data center transceivers from one of its long-term major hyperscale customers",official release title and opening paragraph,AAOI公告称收到首笔1.6T数据中心光模块批量订单,anchor_reviewed,2026-08-09,第一方商业主张；不等于客户独立确认或已经发货
ECL002,CL017,D_LITE_20260430_BLOG,LITE,corporate_author,technical_demo,"Lumentum demonstrated two live NVIDIA 1.6T 2xDR4 OSFP transceiver modules built on different optical architectures, but both enabled by Lumentum lasers",official blog lines 24-30,Lumentum博客称现场演示两种1.6T 2xDR4 OSFP架构,anchor_reviewed,2026-08-09,仅证明公司展示样机；不推导客户验证或供应关系
ECL003,,D_AVGO_20260311_TAURUS,AVGO,corporate_disclosure,fact_assertion,Broadcom has begun sampling its Taurus BCM83640 to its early access customers and partners.,Availability > paragraph 1,Broadcom称400G/lane Taurus光DSP已向早期客户和伙伴送样,anchor_reviewed,2026-08-11,第一方产品阶段主张
ECL004,,D_MRVL_20260312_ARA,MRVL,corporate_disclosure,fact_assertion,Now shipping in mass volume to global customers,Ara产品段落,Marvell称Ara 1.6T光DSP已大批量出货,anchor_reviewed,2026-08-11,第一方规模主张；未独立确认客户与数量
ECL005,CL051,D_NOK_20251023_800G,NOK,management,fact_assertion,became generally available and have started shipping to a large US customer.,CEO Q3 comments > Network Infrastructure,Nokia称800G ZR/ZR+相干可插拔已开始向一家美国客户发货,anchor_reviewed,2026-08-11,客户未具名且不是短距数通形态
ECL006,,D_CIEN_20260331_WL6E,CIEN,corporate_disclosure,technical_demo,Recent trial successfully transmitted 1.6 Tb/s line rate on a single optical channel across Vi's two data centers,Summary bullet 2,Ciena披露WaveLogic 6 Extreme在两个数据中心间完成1.6T单波试验,anchor_reviewed,2026-08-11,同源客户叙述不计独立验证
ECL007,,D_MTSI_20260317_448G,MTSI,corporate_disclosure,fact_assertion,today announced the availability of its new 448G PAM4 modulator drivers,lead paragraph beginning LOWELL,MACOM宣布两款448G/lane PAM4调制器驱动器可获得,anchor_reviewed,2026-08-11,器件可获得不等于下游模块量产
ECL008,,D_CRDO_20260317_ZEROFLAP,CRDO,corporate_disclosure,fact_assertion,today announced the general availability of its revolutionary 800G 2 x DR4 ZeroFlap (ZF) transceiver products.,lead paragraph beginning SAN JOSE,Credo宣布800G 2xDR4 ZeroFlap光模块一般可用,anchor_reviewed,2026-08-11,第一方GA主张；未推导客户采用或规模
ECL009,CL054,D_NOK_20260423_Q1,NOK,management,fact_assertion,We won a number of important AI & Cloud design wins and orders for both pluggables and line systems in the quarter,CEO Q1 comments > Network Infrastructure,Nokia称取得AI与云可插拔和线路系统设计定点及订单,anchor_reviewed,2026-08-11,未披露客户产品速率订单金额或发货状态
ECL010,CL056,D_NOK_20260423_Q1,NOK,management,forward_looking,Products will begin sampling in mid-2027,CEO Q1 comments > OFC optical conference,Nokia预告下一代光网络产品2027年中开始送样,anchor_reviewed,2026-08-11,Guidance而非已经发生的产品阶段；四款DSP与十三项方案未拆分形态
ECL011,,D_NOK_20260723_Q2,NOK,management,corporate_narrative,Demand remains strong while supply continues to be the main industry constraint,CEO Q2 comments > Network Infrastructure,Nokia管理层叙事称供应继续是网络行业主要约束,anchor_reviewed,2026-08-11,同时覆盖光网络和IP网络且没有识别受限器件；不进入legacy事实交叉验证
ECL012,,D_CIEN_20260225_VESTA,CIEN,corporate_disclosure,fact_assertion,Ciena is unveiling Vesta 200 6.4T CPX,lead paragraph beginning HANOVER,Ciena发布Vesta 200 6.4T CPX可插拔CPO光引擎,anchor_reviewed,2026-08-11,只证明产品发布；计划OFC演示不记为已经demonstrated
ECL013,,D_MTSI_20260703_IQE_10Q,MTSI,corporate_disclosure,fact_assertion,"On May 28, 2026, we completed an investment in IQE plc",Part I Item 1 Note 4 Investments p.11 first paragraph beginning On May 28 2026,MACOM在10-Q中确认完成对IQE投资,anchor_reviewed,2026-08-11,投资完成不等于外延供应已经增加
ECL014,,D_MTSI_20260703_IQE_10Q,MTSI,corporate_disclosure,fact_assertion,which included entering into long-term supply agreements,Part I Item 1 Note 4 Investments p.11 first paragraph beginning On May 28 2026,MACOM在10-Q中确认已订立长期供应协议,anchor_reviewed,2026-08-11,协议覆盖多种技术；不推导InP份额产能良率或交付
ECL015,,D_IQE_20260528_RESULTS,WATCH_IQE,counterparty,fact_assertion,The fundraise included a £45m strategic investment from MACOM Technology Solutions Inc.,Fundraise paragraph,IQE确认MACOM的4500万英镑战略投资,anchor_reviewed,2026-08-11,对手方独立披露支持交易发生；不证明供应效果
ECL016,,D_IQE_20260528_RESULTS,WATCH_IQE,counterparty,fact_assertion,"Concurrently, IQE and MACOM also entered into long-term supply agreements.",Fundraise paragraph,IQE确认与MACOM订立长期供应协议,anchor_reviewed,2026-08-11,对手方独立披露；协议数量期限及技术份额未披露
ECL017,,D_CRDO_20251013_ZEROFLAP,CRDO,corporate_disclosure,fact_assertion,Credo ZF optical transceivers are now sampling.,Availability paragraph,Credo称ZeroFlap光模块产品族已经送样,anchor_reviewed,2026-08-11,送样覆盖产品族；不能把400G 800G与1.6T全部升级到GA
ECL018,,D_CRDO_20260317_CARDINAL,CRDO,corporate_disclosure,fact_assertion,Credo is now sampling the Cardinal DSP family to lead customers.,Product Availability paragraph,Credo称Cardinal 1.6T光DSP正在向主要客户送样,anchor_reviewed,2026-08-11,上游DSP送样不等于1.6T光模块认证或量产
ECL019,,D_CRDO_20260413_DUST,CRDO,corporate_disclosure,fact_assertion,it has entered into a definitive agreement to acquire DustPhotonics,lead paragraph beginning SAN JOSE,Credo已签署收购DustPhotonics的确定性协议,anchor_reviewed,2026-08-11,确定性协议不等于交易完成；硅光收入预测另作观察
ECL020,,D_CRDO_20260528_DUST_CLOSE,CRDO,corporate_disclosure,fact_assertion,it has completed its acquisition of DustPhotonics,lead paragraph beginning SAN JOSE,Credo确认已经完成DustPhotonics收购,anchor_reviewed,2026-08-11,只关闭收购事件；不证明产品整合或FY2027收入目标兑现
ECL021,CL063,D_CIEN_20250904_Q3,CIEN,management,fact_assertion,Initial revenue shipments are underway.,prepared remarks p.3 / scale-across project paragraph,Ciena称首个scale-across项目已开始产生收入出货,anchor_reviewed,2026-08-11,客户未具名且相干scale-across不同于短距IMDD模块
ECL022,CL068,D_CIEN_20260305_Q1,CIEN,management,fact_assertion,our revenue in the first quarter would have been higher but for these constraints,prepared remarks pp.6-7 / supply constraint discussion,Ciena称供应约束实际压低第一季度可实现收入,anchor_reviewed,2026-08-11,约束落在component vendors但没有识别具体元件
ECL023,CL072,D_CIEN_20260604_Q2,CIEN,management,fact_assertion,we've been awarded the industry's first multi-rail order from a leading hyperscaler,prepared remarks p.3 / Hyper-Rail paragraph,Ciena称获得首个Hyper-Rail多轨订单,anchor_reviewed,2026-08-11,首单不等于已经出货一般可用或确认收入
ECL024,,D_AXTI_20260729_LITE,AXTI,corporate_disclosure,fact_assertion,entered into a definitive agreement with Lumentum Operations LLC for the supply and capacity reservation of indium phosphide wafer substrates,opening paragraph,AXT称与Lumentum签署InP晶圆供给和产能预留协议,anchor_reviewed,2026-08-13,单方公告；不推导交付数量良率或Lumentum实际消耗
ECL025,,D_GFS_20260729_CHIPS,GFS,corporate_disclosure,fact_assertion,entered into a letter of intent with the U.S. Department of Commerce to accelerate research and development of next-generation silicon photonics,opening paragraph,GlobalFoundries称与美国商务部签署硅光研发LOI,anchor_reviewed,2026-08-13,LOI不是最终拨款；公司引述政府官员仍属同一披露件
ECL026,,D_TSEM_20260714_JAPAN,TSEM,corporate_disclosure,forward_looking,full production readiness expected during the fourth quarter of 2027,track one paragraph,Tower预计日本第一轨300mm硅光产能于2027Q4具备全面生产准备,anchor_reviewed,2026-08-13,明确是管理层目标；不等于当前产能良率或客户认证已完成
ECL027,,D_VECO_20260611_ENNOSTAR,VECO,corporate_disclosure,fact_assertion,first commercial acceptance and qualification of its LUMINA+ metal organic chemical vapor deposition system by Ennostar Corporation,opening paragraph,Veeco称LUMINA+ MOCVD获Ennostar首次商业验收与资格认证,anchor_reviewed,2026-08-13,单方公告虽具名对手方仍不算独立来源；应用范围跨多个市场
ECL028,,D_LITE_20260326_GREENSBORO,LITE,corporate_disclosure,forward_looking,The facility is expected to ramp production in mid-2028,capacity expansion paragraph,Lumentum预计美国Greensboro InP工厂于2028年中爬坡生产,anchor_reviewed,2026-08-13,当前运营设施仍需改造；前瞻目标不等于InP产线已经量产
ECL029,,D_GLW_20260506_NVDA,GLW,corporate_disclosure,forward_looking,Corning will increase its U.S.-based optical connectivity manufacturing capacity by 10x and expand its U.S. fiber production capacity by more than 50%,second paragraph,Corning提出美国光连接产能十倍和光纤产能提升逾50%的目标,anchor_reviewed,2026-08-13,联合新闻稿中的前瞻目标；不等于工厂已建成或产能可用
ECL030,,D_NVDA_20260506_GLW,NVDA,counterparty,forward_looking,Corning will increase its U.S.-based optical connectivity manufacturing capacity by 10x and expand its U.S. fiber production capacity by more than 50%,second paragraph,NVIDIA官网转载同一联合稿中的Corning产能目标,anchor_reviewed,2026-08-13,独立域名但同一联合新闻稿；origin_group相同不得加一票
ECL031,,D_POET_20260514_LUMILENS,POET,corporate_disclosure,fact_assertion,Lumilens has placed an initial purchase order with the Company for the manufacturing of EOI-based engines valued at $50 million,notable business highlights supply agreement bullet,POET称Lumilens下达价值5000万美元EOI光引擎初始采购订单,anchor_reviewed,2026-08-13,第一方披露；不纳入可能超过5亿美元的五年前瞻采购额
ECL032,,D_POET_20260427_CELESTIAL_CANCEL,POET,corporate_disclosure,fact_assertion,"announced the cancellation of all purchase orders received by the Company from Celestial AI",lead paragraph beginning SAN JOSE CA April 27 2026,POET披露Celestial AI此前全部采购订单被取消,anchor_reviewed,2026-08-22,Marvell Semiconductor Inc. provided written notice of the cancellation to the Company on April 23 2026；Celestial AI不在身份表故counterparty留空
ECL033,,D_COHR_20260302_NVDA,COHR,corporate_disclosure,fact_assertion,The nonexclusive agreement includes an NVIDIA multibillion-dollar purchase commitment and future access and capacity rights for advanced laser and optical networking products.,second paragraph,Coherent披露已签非独家多年协议，含NVIDIA数十亿美元采购承诺及未来产能权,anchor_reviewed,2026-08-22,协议存在为事实；未来采购承诺和产能权不等于实际交付或可用产能
ECL034,,D_COHR_20260302_NVDA,COHR,corporate_disclosure,forward_looking,"NVIDIA is investing $2 billion in Coherent to support research and development, future capacity and operations",second paragraph,Coherent披露NVIDIA拟投资20亿美元支持研发未来产能和运营,anchor_reviewed,2026-08-22,前瞻投资表述；不等于资金已到账
ECL035,,D_LITE_20260302_NVDA,LITE,corporate_disclosure,fact_assertion,The nonexclusive agreement includes an NVIDIA multibillion purchase commitment and future capacity access rights for advanced laser components.,second paragraph,Lumentum披露已签非独家多年协议，含NVIDIA数十亿美元采购承诺及未来产能权,anchor_reviewed,2026-08-22,协议存在为事实；未来采购承诺和产能权不等于实际交付或可用产能
ECL036,,D_LITE_20260302_NVDA,LITE,corporate_disclosure,forward_looking,"NVIDIA is investing $2 billion in Lumentum to support R&D, future capacity and operations",second paragraph,Lumentum披露NVIDIA拟投资20亿美元支持研发未来产能和运营,anchor_reviewed,2026-08-22,前瞻投资表述；不等于资金已到账
ECL037,,D_MOLEX_20260507_TERAMOUNT,WATCH_MOLEX,corporate_disclosure,fact_assertion,Molex Completes Acquisition of Teramount Ltd.,公告标题,Molex完成对Teramount Ltd.的收购,anchor_reviewed,2026-08-22,收购完成不证明产品整合、量产或收入
