fact_id,声明日期,主体,事实,判定(承袭溯源报告),来源锚点,层级,抓取日期,备注
OF001,2024下半年,ficonTEC/罗博特科,博通CPO耦合设备唯一供应商;已交付14台且运行良好,✅直接证实,罗博特科审核问询函回复(新浪公告页id=10660197),T1,2026-07-08,本域最硬承重锚;并购问询文件出品
OF002,2024-07-31,ficonTEC,对英伟达在手订单余额2433.83万欧元,✅直接证实,罗博特科申报文件/天健问询专项说明(qq转载),T1,2026-07-08,金额时点客户逐字对齐
OF003,2024年报期,猎奇智能,前五大客户占比82.83%(2024);对中际旭创销售占比58.85%,✅直接证实,创业板IPO招股书申报稿(腾讯转述页),T1,2026-07-08,IPO登记点出品;收入0.83/1.80/3.19亿元(2022-2024)
OF004,2026-03,博众精工,收购中南鸿思60%股权补齐光耦合能力,⚠️降级至待锚定,原判✅但锚点URL"待补充",T1(待),2026-07-08,违反四件套规则:无URL不得判✅;首次扫描S01补锚后恢复
OF005,2024年报期,中际旭创/新易盛,员工8542/5212人;生产人员占比66%/83%,⚠️降级至☑️间接,fxbaogao研报库转述(未fetch年报原文),T2,2026-07-08,Kimi自注"未逐一fetch年报";按协议应☑️;S01拉年报后可升T1
OF006,2025年度,奥特维,光模块AOI检测设备获批量订单(Q1为小批量),✅直接证实,公司官网PDF+财联社,T1,2026-07-08,官网源已实测;年度口径"批量"与Q1"小批量"差异已在轨迹中澄清
OF007,2025-2026,凯格精机,已向海外客户交付800G及1.6T组装产线,⚠️部分证实,互动平台回应(财联社承载),T1(事实)/未锚(细节),2026-07-08,"Fabrinet"及"3条+3条"未获官方确认;东吴另一研报称2条;进缺席监测W04
OF008,2025-04,中际旭创,泰国厂具备全面生产与出货交付能力,⚠️部分证实,公司官方回应(新浪承载),T1(事实)/T3(数字),2026-07-08,精确月产能50/100万只为GGII估计;官方口径"以定期报告为准";进缺席监测W05
OF009,2024,联讯仪器,中国光通信测试仪器市占率第三;前五中唯一本土,☑️间接证实,财联社引IPO招股书,T2,2026-07-08,IPO进行中;S03监测问询回复可升T1
